metric_id,metric_name,theme,source_id,freq,date,value,unit,entity_id
generation_gwh,"Electricity generation, owned plants (ONS)",companies,ons,monthly,2016-01-01,7062.032,gwh,AXIA
generation_gwh,"Electricity generation, owned plants (ONS)",companies,ons,monthly,2016-02-01,8327.859,gwh,AXIA
generation_gwh,"Electricity generation, owned plants (ONS)",companies,ons,monthly,2016-03-01,9169.932,gwh,AXIA
generation_gwh,"Electricity generation, owned plants (ONS)",companies,ons,monthly,2016-04-01,9245.466,gwh,AXIA
generation_gwh,"Electricity generation, owned plants (ONS)",companies,ons,monthly,2016-05-01,8080.064,gwh,AXIA
generation_gwh,"Electricity generation, owned plants (ONS)",companies,ons,monthly,2016-06-01,6799.846,gwh,AXIA
generation_gwh,"Electricity generation, owned plants (ONS)",companies,ons,monthly,2016-07-01,6746.377,gwh,AXIA
generation_gwh,"Electricity generation, owned plants (ONS)",companies,ons,monthly,2016-08-01,6695.753,gwh,AXIA
generation_gwh,"Electricity generation, owned plants (ONS)",companies,ons,monthly,2016-09-01,6327.905,gwh,AXIA
generation_gwh,"Electricity generation, owned plants (ONS)",companies,ons,monthly,2016-10-01,7109.403,gwh,AXIA
generation_gwh,"Electricity generation, owned plants (ONS)",companies,ons,monthly,2016-11-01,7460.476,gwh,AXIA
generation_gwh,"Electricity generation, owned plants (ONS)",companies,ons,monthly,2016-12-01,8188.243,gwh,AXIA
generation_gwh,"Electricity generation, owned plants (ONS)",companies,ons,monthly,2017-01-01,9086.006,gwh,AXIA
generation_gwh,"Electricity generation, owned plants (ONS)",companies,ons,monthly,2017-02-01,9773.331,gwh,AXIA
generation_gwh,"Electricity generation, owned plants (ONS)",companies,ons,monthly,2017-03-01,11644.69,gwh,AXIA
generation_gwh,"Electricity generation, owned plants (ONS)",companies,ons,monthly,2017-04-01,10042.931,gwh,AXIA
generation_gwh,"Electricity generation, owned plants (ONS)",companies,ons,monthly,2017-05-01,8906.626,gwh,AXIA
generation_gwh,"Electricity generation, owned plants (ONS)",companies,ons,monthly,2017-06-01,6382.652,gwh,AXIA
generation_gwh,"Electricity generation, owned plants (ONS)",companies,ons,monthly,2017-07-01,6050.85,gwh,AXIA
generation_gwh,"Electricity generation, owned plants (ONS)",companies,ons,monthly,2017-08-01,6297.774,gwh,AXIA
generation_gwh,"Electricity generation, owned plants (ONS)",companies,ons,monthly,2017-09-01,6972.09,gwh,AXIA
generation_gwh,"Electricity generation, owned plants (ONS)",companies,ons,monthly,2017-10-01,6027.565,gwh,AXIA
generation_gwh,"Electricity generation, owned plants (ONS)",companies,ons,monthly,2017-11-01,5939.382,gwh,AXIA
generation_gwh,"Electricity generation, owned plants (ONS)",companies,ons,monthly,2017-12-01,7511.586,gwh,AXIA
generation_gwh,"Electricity generation, owned plants (ONS)",companies,ons,monthly,2018-01-01,8562.525,gwh,AXIA
generation_gwh,"Electricity generation, owned plants (ONS)",companies,ons,monthly,2018-02-01,7913.598,gwh,AXIA
generation_gwh,"Electricity generation, owned plants (ONS)",companies,ons,monthly,2018-03-01,10200.291,gwh,AXIA
generation_gwh,"Electricity generation, owned plants (ONS)",companies,ons,monthly,2018-04-01,9753.618,gwh,AXIA
generation_gwh,"Electricity generation, owned plants (ONS)",companies,ons,monthly,2018-05-01,9330.958,gwh,AXIA
generation_gwh,"Electricity generation, owned plants (ONS)",companies,ons,monthly,2018-06-01,7236.425,gwh,AXIA
generation_gwh,"Electricity generation, owned plants (ONS)",companies,ons,monthly,2018-07-01,7149.886,gwh,AXIA
generation_gwh,"Electricity generation, owned plants (ONS)",companies,ons,monthly,2018-08-01,6904.224,gwh,AXIA
generation_gwh,"Electricity generation, owned plants (ONS)",companies,ons,monthly,2018-09-01,6365.887,gwh,AXIA
generation_gwh,"Electricity generation, owned plants (ONS)",companies,ons,monthly,2018-10-01,7220.215,gwh,AXIA
generation_gwh,"Electricity generation, owned plants (ONS)",companies,ons,monthly,2018-11-01,7250.483,gwh,AXIA
generation_gwh,"Electricity generation, owned plants (ONS)",companies,ons,monthly,2018-12-01,9764.295,gwh,AXIA
generation_gwh,"Electricity generation, owned plants (ONS)",companies,ons,monthly,2019-01-01,10676.781,gwh,AXIA
generation_gwh,"Electricity generation, owned plants (ONS)",companies,ons,monthly,2019-02-01,9185.391,gwh,AXIA
generation_gwh,"Electricity generation, owned plants (ONS)",companies,ons,monthly,2019-03-01,9556.33,gwh,AXIA
generation_gwh,"Electricity generation, owned plants (ONS)",companies,ons,monthly,2019-04-01,10088.242,gwh,AXIA
generation_gwh,"Electricity generation, owned plants (ONS)",companies,ons,monthly,2019-05-01,10358.435,gwh,AXIA
generation_gwh,"Electricity generation, owned plants (ONS)",companies,ons,monthly,2019-06-01,8144.383,gwh,AXIA
generation_gwh,"Electricity generation, owned plants (ONS)",companies,ons,monthly,2019-07-01,7191.405,gwh,AXIA
generation_gwh,"Electricity generation, owned plants (ONS)",companies,ons,monthly,2019-08-01,7217.2,gwh,AXIA
generation_gwh,"Electricity generation, owned plants (ONS)",companies,ons,monthly,2019-09-01,8123.365,gwh,AXIA
generation_gwh,"Electricity generation, owned plants (ONS)",companies,ons,monthly,2019-10-01,9520.426,gwh,AXIA
generation_gwh,"Electricity generation, owned plants (ONS)",companies,ons,monthly,2019-11-01,8471.539,gwh,AXIA
generation_gwh,"Electricity generation, owned plants (ONS)",companies,ons,monthly,2019-12-01,9412.515,gwh,AXIA
generation_gwh,"Electricity generation, owned plants (ONS)",companies,ons,monthly,2020-01-01,10126.676,gwh,AXIA
generation_gwh,"Electricity generation, owned plants (ONS)",companies,ons,monthly,2020-02-01,11002.722,gwh,AXIA
generation_gwh,"Electricity generation, owned plants (ONS)",companies,ons,monthly,2020-03-01,11871.523,gwh,AXIA
generation_gwh,"Electricity generation, owned plants (ONS)",companies,ons,monthly,2020-04-01,10641.274,gwh,AXIA
generation_gwh,"Electricity generation, owned plants (ONS)",companies,ons,monthly,2020-05-01,10498.238,gwh,AXIA
generation_gwh,"Electricity generation, owned plants (ONS)",companies,ons,monthly,2020-06-01,10001.568,gwh,AXIA
generation_gwh,"Electricity generation, owned plants (ONS)",companies,ons,monthly,2020-07-01,10027.779,gwh,AXIA
generation_gwh,"Electricity generation, owned plants (ONS)",companies,ons,monthly,2020-08-01,9371.393,gwh,AXIA
generation_gwh,"Electricity generation, owned plants (ONS)",companies,ons,monthly,2020-09-01,10468.058,gwh,AXIA
generation_gwh,"Electricity generation, owned plants (ONS)",companies,ons,monthly,2020-10-01,10961.475,gwh,AXIA
generation_gwh,"Electricity generation, owned plants (ONS)",companies,ons,monthly,2020-11-01,9960.771,gwh,AXIA
generation_gwh,"Electricity generation, owned plants (ONS)",companies,ons,monthly,2020-12-01,11504.633,gwh,AXIA
generation_gwh,"Electricity generation, owned plants (ONS)",companies,ons,monthly,2021-01-01,10119.34,gwh,AXIA
generation_gwh,"Electricity generation, owned plants (ONS)",companies,ons,monthly,2021-02-01,9526.383,gwh,AXIA
generation_gwh,"Electricity generation, owned plants (ONS)",companies,ons,monthly,2021-03-01,11090.411,gwh,AXIA
generation_gwh,"Electricity generation, owned plants (ONS)",companies,ons,monthly,2021-04-01,11332.897,gwh,AXIA
generation_gwh,"Electricity generation, owned plants (ONS)",companies,ons,monthly,2021-05-01,11090.879,gwh,AXIA
generation_gwh,"Electricity generation, owned plants (ONS)",companies,ons,monthly,2021-06-01,9570.344,gwh,AXIA
generation_gwh,"Electricity generation, owned plants (ONS)",companies,ons,monthly,2021-07-01,7699.035,gwh,AXIA
generation_gwh,"Electricity generation, owned plants (ONS)",companies,ons,monthly,2021-08-01,7154.61,gwh,AXIA
generation_gwh,"Electricity generation, owned plants (ONS)",companies,ons,monthly,2021-09-01,7209.229,gwh,AXIA
generation_gwh,"Electricity generation, owned plants (ONS)",companies,ons,monthly,2021-10-01,7296.716,gwh,AXIA
generation_gwh,"Electricity generation, owned plants (ONS)",companies,ons,monthly,2021-11-01,9720.349,gwh,AXIA
generation_gwh,"Electricity generation, owned plants (ONS)",companies,ons,monthly,2021-12-01,10436.33,gwh,AXIA
generation_gwh,"Electricity generation, owned plants (ONS)",companies,ons,monthly,2022-01-01,12280.464,gwh,AXIA
generation_gwh,"Electricity generation, owned plants (ONS)",companies,ons,monthly,2022-02-01,13181.857,gwh,AXIA
generation_gwh,"Electricity generation, owned plants (ONS)",companies,ons,monthly,2022-03-01,14253.343,gwh,AXIA
generation_gwh,"Electricity generation, owned plants (ONS)",companies,ons,monthly,2022-04-01,12380.579,gwh,AXIA
generation_gwh,"Electricity generation, owned plants (ONS)",companies,ons,monthly,2022-05-01,10920.528,gwh,AXIA
generation_gwh,"Electricity generation, owned plants (ONS)",companies,ons,monthly,2022-06-01,9606.99,gwh,AXIA
generation_gwh,"Electricity generation, owned plants (ONS)",companies,ons,monthly,2022-07-01,10273.826,gwh,AXIA
generation_gwh,"Electricity generation, owned plants (ONS)",companies,ons,monthly,2022-08-01,9649.858,gwh,AXIA
generation_gwh,"Electricity generation, owned plants (ONS)",companies,ons,monthly,2022-09-01,8609.403,gwh,AXIA
generation_gwh,"Electricity generation, owned plants (ONS)",companies,ons,monthly,2022-10-01,8635.957,gwh,AXIA
generation_gwh,"Electricity generation, owned plants (ONS)",companies,ons,monthly,2022-11-01,9796.218,gwh,AXIA
generation_gwh,"Electricity generation, owned plants (ONS)",companies,ons,monthly,2022-12-01,11579.288,gwh,AXIA
generation_gwh,"Electricity generation, owned plants (ONS)",companies,ons,monthly,2023-01-01,11766.684,gwh,AXIA
generation_gwh,"Electricity generation, owned plants (ONS)",companies,ons,monthly,2023-02-01,11080.448,gwh,AXIA
generation_gwh,"Electricity generation, owned plants (ONS)",companies,ons,monthly,2023-03-01,11747.598,gwh,AXIA
generation_gwh,"Electricity generation, owned plants (ONS)",companies,ons,monthly,2023-04-01,10681.815,gwh,AXIA
generation_gwh,"Electricity generation, owned plants (ONS)",companies,ons,monthly,2023-05-01,10156.624,gwh,AXIA
generation_gwh,"Electricity generation, owned plants (ONS)",companies,ons,monthly,2023-06-01,9215.064,gwh,AXIA
generation_gwh,"Electricity generation, owned plants (ONS)",companies,ons,monthly,2023-07-01,8284.3,gwh,AXIA
generation_gwh,"Electricity generation, owned plants (ONS)",companies,ons,monthly,2023-08-01,8913.246,gwh,AXIA
generation_gwh,"Electricity generation, owned plants (ONS)",companies,ons,monthly,2023-09-01,8795.022,gwh,AXIA
generation_gwh,"Electricity generation, owned plants (ONS)",companies,ons,monthly,2023-10-01,9221.956,gwh,AXIA
generation_gwh,"Electricity generation, owned plants (ONS)",companies,ons,monthly,2023-11-01,9299.254,gwh,AXIA
generation_gwh,"Electricity generation, owned plants (ONS)",companies,ons,monthly,2023-12-01,9417.483,gwh,AXIA
generation_gwh,"Electricity generation, owned plants (ONS)",companies,ons,monthly,2024-01-01,10463.791,gwh,AXIA
generation_gwh,"Electricity generation, owned plants (ONS)",companies,ons,monthly,2024-02-01,11285.548,gwh,AXIA
generation_gwh,"Electricity generation, owned plants (ONS)",companies,ons,monthly,2024-03-01,13815.293,gwh,AXIA
generation_gwh,"Electricity generation, owned plants (ONS)",companies,ons,monthly,2024-04-01,13014.066,gwh,AXIA
generation_gwh,"Electricity generation, owned plants (ONS)",companies,ons,monthly,2024-05-01,10883.225,gwh,AXIA
generation_gwh,"Electricity generation, owned plants (ONS)",companies,ons,monthly,2024-06-01,9264.185,gwh,AXIA
generation_gwh,"Electricity generation, owned plants (ONS)",companies,ons,monthly,2024-07-01,8503.927,gwh,AXIA
generation_gwh,"Electricity generation, owned plants (ONS)",companies,ons,monthly,2024-08-01,7993.297,gwh,AXIA
generation_gwh,"Electricity generation, owned plants (ONS)",companies,ons,monthly,2024-09-01,7887.242,gwh,AXIA
generation_gwh,"Electricity generation, owned plants (ONS)",companies,ons,monthly,2024-10-01,8339.257,gwh,AXIA
generation_gwh,"Electricity generation, owned plants (ONS)",companies,ons,monthly,2024-11-01,9231.49,gwh,AXIA
generation_gwh,"Electricity generation, owned plants (ONS)",companies,ons,monthly,2024-12-01,9266.33,gwh,AXIA
generation_gwh,"Electricity generation, owned plants (ONS)",companies,ons,monthly,2025-01-01,10958.7,gwh,AXIA
generation_gwh,"Electricity generation, owned plants (ONS)",companies,ons,monthly,2025-02-01,10574.596,gwh,AXIA
generation_gwh,"Electricity generation, owned plants (ONS)",companies,ons,monthly,2025-03-01,11698.326,gwh,AXIA
generation_gwh,"Electricity generation, owned plants (ONS)",companies,ons,monthly,2025-04-01,10706.998,gwh,AXIA
generation_gwh,"Electricity generation, owned plants (ONS)",companies,ons,monthly,2025-05-01,9650.385,gwh,AXIA
generation_gwh,"Electricity generation, owned plants (ONS)",companies,ons,monthly,2025-06-01,9178.509,gwh,AXIA
generation_gwh,"Electricity generation, owned plants (ONS)",companies,ons,monthly,2025-07-01,7656.273,gwh,AXIA
generation_gwh,"Electricity generation, owned plants (ONS)",companies,ons,monthly,2025-08-01,7527.977,gwh,AXIA
generation_gwh,"Electricity generation, owned plants (ONS)",companies,ons,monthly,2025-09-01,7277.79,gwh,AXIA
generation_gwh,"Electricity generation, owned plants (ONS)",companies,ons,monthly,2025-10-01,7391.826,gwh,AXIA
generation_gwh,"Electricity generation, owned plants (ONS)",companies,ons,monthly,2025-11-01,8194.919,gwh,AXIA
generation_gwh,"Electricity generation, owned plants (ONS)",companies,ons,monthly,2025-12-01,10077.882,gwh,AXIA
generation_gwh,"Electricity generation, owned plants (ONS)",companies,ons,monthly,2026-01-01,10582.843,gwh,AXIA
generation_gwh,"Electricity generation, owned plants (ONS)",companies,ons,monthly,2026-02-01,10935.533,gwh,AXIA
generation_gwh,"Electricity generation, owned plants (ONS)",companies,ons,monthly,2026-03-01,12115.126,gwh,AXIA
generation_gwh,"Electricity generation, owned plants (ONS)",companies,ons,monthly,2026-04-01,11562.147,gwh,AXIA
generation_gwh,"Electricity generation, owned plants (ONS)",companies,ons,monthly,2026-05-01,10657.719,gwh,AXIA
generation_gwh,"Electricity generation, owned plants (ONS)",companies,ons,monthly,2026-06-01,9310.797,gwh,AXIA
generation_gwh,"Electricity generation, owned plants (ONS)",companies,ons,monthly,2026-07-01,8192.979,gwh,AXIA
generation_gwh,"Electricity generation, owned plants (ONS)",companies,ons,monthly,2026-08-01,8464.755,gwh,AXIA
generation_gwh,"Electricity generation, owned plants (ONS)",companies,ons,monthly,2026-09-01,8085.701,gwh,AXIA
generation_gwh,"Electricity generation, owned plants (ONS)",companies,ons,monthly,2016-01-01,2385.731,gwh,PETR
generation_gwh,"Electricity generation, owned plants (ONS)",companies,ons,monthly,2016-02-01,1956.159,gwh,PETR
generation_gwh,"Electricity generation, owned plants (ONS)",companies,ons,monthly,2016-03-01,1384.032,gwh,PETR
generation_gwh,"Electricity generation, owned plants (ONS)",companies,ons,monthly,2016-04-01,926.988,gwh,PETR
generation_gwh,"Electricity generation, owned plants (ONS)",companies,ons,monthly,2016-05-01,926.1,gwh,PETR
generation_gwh,"Electricity generation, owned plants (ONS)",companies,ons,monthly,2016-06-01,993.151,gwh,PETR
generation_gwh,"Electricity generation, owned plants (ONS)",companies,ons,monthly,2016-07-01,547.968,gwh,PETR
generation_gwh,"Electricity generation, owned plants (ONS)",companies,ons,monthly,2016-08-01,1364.497,gwh,PETR
generation_gwh,"Electricity generation, owned plants (ONS)",companies,ons,monthly,2016-09-01,1913.974,gwh,PETR
generation_gwh,"Electricity generation, owned plants (ONS)",companies,ons,monthly,2016-10-01,2164.384,gwh,PETR
generation_gwh,"Electricity generation, owned plants (ONS)",companies,ons,monthly,2016-11-01,2222.665,gwh,PETR
generation_gwh,"Electricity generation, owned plants (ONS)",companies,ons,monthly,2016-12-01,1120.169,gwh,PETR
generation_gwh,"Electricity generation, owned plants (ONS)",companies,ons,monthly,2017-01-01,930.847,gwh,PETR
generation_gwh,"Electricity generation, owned plants (ONS)",companies,ons,monthly,2017-02-01,1005.957,gwh,PETR
generation_gwh,"Electricity generation, owned plants (ONS)",companies,ons,monthly,2017-03-01,1988.162,gwh,PETR
generation_gwh,"Electricity generation, owned plants (ONS)",companies,ons,monthly,2017-04-01,2623.593,gwh,PETR
generation_gwh,"Electricity generation, owned plants (ONS)",companies,ons,monthly,2017-05-01,2153.797,gwh,PETR
generation_gwh,"Electricity generation, owned plants (ONS)",companies,ons,monthly,2017-06-01,762.95,gwh,PETR
generation_gwh,"Electricity generation, owned plants (ONS)",companies,ons,monthly,2017-07-01,2016.35,gwh,PETR
generation_gwh,"Electricity generation, owned plants (ONS)",companies,ons,monthly,2017-08-01,3233.6,gwh,PETR
generation_gwh,"Electricity generation, owned plants (ONS)",companies,ons,monthly,2017-09-01,3176.689,gwh,PETR
generation_gwh,"Electricity generation, owned plants (ONS)",companies,ons,monthly,2017-10-01,3225.581,gwh,PETR
generation_gwh,"Electricity generation, owned plants (ONS)",companies,ons,monthly,2017-11-01,2792.758,gwh,PETR
generation_gwh,"Electricity generation, owned plants (ONS)",companies,ons,monthly,2017-12-01,1991.618,gwh,PETR
generation_gwh,"Electricity generation, owned plants (ONS)",companies,ons,monthly,2018-01-01,1050.375,gwh,PETR
generation_gwh,"Electricity generation, owned plants (ONS)",companies,ons,monthly,2018-02-01,1190.611,gwh,PETR
generation_gwh,"Electricity generation, owned plants (ONS)",companies,ons,monthly,2018-03-01,1633.238,gwh,PETR
generation_gwh,"Electricity generation, owned plants (ONS)",companies,ons,monthly,2018-04-01,1125.064,gwh,PETR
generation_gwh,"Electricity generation, owned plants (ONS)",companies,ons,monthly,2018-05-01,1470.224,gwh,PETR
generation_gwh,"Electricity generation, owned plants (ONS)",companies,ons,monthly,2018-06-01,2050.581,gwh,PETR
generation_gwh,"Electricity generation, owned plants (ONS)",companies,ons,monthly,2018-07-01,2284.205,gwh,PETR
generation_gwh,"Electricity generation, owned plants (ONS)",companies,ons,monthly,2018-08-01,2227.632,gwh,PETR
generation_gwh,"Electricity generation, owned plants (ONS)",companies,ons,monthly,2018-09-01,2409.448,gwh,PETR
generation_gwh,"Electricity generation, owned plants (ONS)",companies,ons,monthly,2018-10-01,1472.254,gwh,PETR
generation_gwh,"Electricity generation, owned plants (ONS)",companies,ons,monthly,2018-11-01,374.994,gwh,PETR
generation_gwh,"Electricity generation, owned plants (ONS)",companies,ons,monthly,2018-12-01,579.057,gwh,PETR
generation_gwh,"Electricity generation, owned plants (ONS)",companies,ons,monthly,2019-01-01,1157.92,gwh,PETR
generation_gwh,"Electricity generation, owned plants (ONS)",companies,ons,monthly,2019-02-01,2421.846,gwh,PETR
generation_gwh,"Electricity generation, owned plants (ONS)",companies,ons,monthly,2019-03-01,1330.172,gwh,PETR
generation_gwh,"Electricity generation, owned plants (ONS)",companies,ons,monthly,2019-04-01,684.35,gwh,PETR
generation_gwh,"Electricity generation, owned plants (ONS)",companies,ons,monthly,2019-05-01,600.655,gwh,PETR
generation_gwh,"Electricity generation, owned plants (ONS)",companies,ons,monthly,2019-06-01,584.386,gwh,PETR
generation_gwh,"Electricity generation, owned plants (ONS)",companies,ons,monthly,2019-07-01,1109.314,gwh,PETR
generation_gwh,"Electricity generation, owned plants (ONS)",companies,ons,monthly,2019-08-01,1871.884,gwh,PETR
generation_gwh,"Electricity generation, owned plants (ONS)",companies,ons,monthly,2019-09-01,1643.254,gwh,PETR
generation_gwh,"Electricity generation, owned plants (ONS)",companies,ons,monthly,2019-10-01,2281.846,gwh,PETR
generation_gwh,"Electricity generation, owned plants (ONS)",companies,ons,monthly,2019-11-01,2056.879,gwh,PETR
generation_gwh,"Electricity generation, owned plants (ONS)",companies,ons,monthly,2019-12-01,1024.896,gwh,PETR
generation_gwh,"Electricity generation, owned plants (ONS)",companies,ons,monthly,2020-01-01,2030.77,gwh,PETR
generation_gwh,"Electricity generation, owned plants (ONS)",companies,ons,monthly,2020-02-01,695.698,gwh,PETR
generation_gwh,"Electricity generation, owned plants (ONS)",companies,ons,monthly,2020-03-01,672.45,gwh,PETR
generation_gwh,"Electricity generation, owned plants (ONS)",companies,ons,monthly,2020-04-01,848.685,gwh,PETR
generation_gwh,"Electricity generation, owned plants (ONS)",companies,ons,monthly,2020-05-01,602.621,gwh,PETR
generation_gwh,"Electricity generation, owned plants (ONS)",companies,ons,monthly,2020-06-01,622.635,gwh,PETR
generation_gwh,"Electricity generation, owned plants (ONS)",companies,ons,monthly,2020-07-01,526.213,gwh,PETR
generation_gwh,"Electricity generation, owned plants (ONS)",companies,ons,monthly,2020-08-01,504.004,gwh,PETR
generation_gwh,"Electricity generation, owned plants (ONS)",companies,ons,monthly,2020-09-01,524.272,gwh,PETR
generation_gwh,"Electricity generation, owned plants (ONS)",companies,ons,monthly,2020-10-01,2019.061,gwh,PETR
generation_gwh,"Electricity generation, owned plants (ONS)",companies,ons,monthly,2020-11-01,2707.543,gwh,PETR
generation_gwh,"Electricity generation, owned plants (ONS)",companies,ons,monthly,2020-12-01,2507.561,gwh,PETR
generation_gwh,"Electricity generation, owned plants (ONS)",companies,ons,monthly,2021-01-01,2269.988,gwh,PETR
generation_gwh,"Electricity generation, owned plants (ONS)",companies,ons,monthly,2021-02-01,1200.248,gwh,PETR
generation_gwh,"Electricity generation, owned plants (ONS)",companies,ons,monthly,2021-03-01,2294.623,gwh,PETR
generation_gwh,"Electricity generation, owned plants (ONS)",companies,ons,monthly,2021-04-01,2383.628,gwh,PETR
generation_gwh,"Electricity generation, owned plants (ONS)",companies,ons,monthly,2021-05-01,1811.209,gwh,PETR
generation_gwh,"Electricity generation, owned plants (ONS)",companies,ons,monthly,2021-06-01,2604.412,gwh,PETR
generation_gwh,"Electricity generation, owned plants (ONS)",companies,ons,monthly,2021-07-01,2689.556,gwh,PETR
generation_gwh,"Electricity generation, owned plants (ONS)",companies,ons,monthly,2021-08-01,2650.592,gwh,PETR
generation_gwh,"Electricity generation, owned plants (ONS)",companies,ons,monthly,2021-09-01,2750.933,gwh,PETR
generation_gwh,"Electricity generation, owned plants (ONS)",companies,ons,monthly,2021-10-01,2888.335,gwh,PETR
generation_gwh,"Electricity generation, owned plants (ONS)",companies,ons,monthly,2021-11-01,2446.397,gwh,PETR
generation_gwh,"Electricity generation, owned plants (ONS)",companies,ons,monthly,2021-12-01,2109.615,gwh,PETR
generation_gwh,"Electricity generation, owned plants (ONS)",companies,ons,monthly,2022-01-01,1808.715,gwh,PETR
generation_gwh,"Electricity generation, owned plants (ONS)",companies,ons,monthly,2022-02-01,1096.945,gwh,PETR
generation_gwh,"Electricity generation, owned plants (ONS)",companies,ons,monthly,2022-03-01,906.441,gwh,PETR
generation_gwh,"Electricity generation, owned plants (ONS)",companies,ons,monthly,2022-04-01,459.758,gwh,PETR
generation_gwh,"Electricity generation, owned plants (ONS)",companies,ons,monthly,2022-05-01,434.719,gwh,PETR
generation_gwh,"Electricity generation, owned plants (ONS)",companies,ons,monthly,2022-06-01,331.916,gwh,PETR
generation_gwh,"Electricity generation, owned plants (ONS)",companies,ons,monthly,2022-07-01,407.135,gwh,PETR
generation_gwh,"Electricity generation, owned plants (ONS)",companies,ons,monthly,2022-08-01,292.794,gwh,PETR
generation_gwh,"Electricity generation, owned plants (ONS)",companies,ons,monthly,2022-09-01,326.309,gwh,PETR
generation_gwh,"Electricity generation, owned plants (ONS)",companies,ons,monthly,2022-10-01,488.204,gwh,PETR
generation_gwh,"Electricity generation, owned plants (ONS)",companies,ons,monthly,2022-11-01,419.847,gwh,PETR
generation_gwh,"Electricity generation, owned plants (ONS)",companies,ons,monthly,2022-12-01,544.496,gwh,PETR
generation_gwh,"Electricity generation, owned plants (ONS)",companies,ons,monthly,2023-01-01,396.337,gwh,PETR
generation_gwh,"Electricity generation, owned plants (ONS)",companies,ons,monthly,2023-02-01,424.309,gwh,PETR
generation_gwh,"Electricity generation, owned plants (ONS)",companies,ons,monthly,2023-03-01,463.559,gwh,PETR
generation_gwh,"Electricity generation, owned plants (ONS)",companies,ons,monthly,2023-04-01,443.659,gwh,PETR
generation_gwh,"Electricity generation, owned plants (ONS)",companies,ons,monthly,2023-05-01,387.64,gwh,PETR
generation_gwh,"Electricity generation, owned plants (ONS)",companies,ons,monthly,2023-06-01,438.293,gwh,PETR
generation_gwh,"Electricity generation, owned plants (ONS)",companies,ons,monthly,2023-07-01,312.36,gwh,PETR
generation_gwh,"Electricity generation, owned plants (ONS)",companies,ons,monthly,2023-08-01,328.073,gwh,PETR
generation_gwh,"Electricity generation, owned plants (ONS)",companies,ons,monthly,2023-09-01,405.244,gwh,PETR
generation_gwh,"Electricity generation, owned plants (ONS)",companies,ons,monthly,2023-10-01,297.451,gwh,PETR
generation_gwh,"Electricity generation, owned plants (ONS)",companies,ons,monthly,2023-11-01,690.201,gwh,PETR
generation_gwh,"Electricity generation, owned plants (ONS)",companies,ons,monthly,2023-12-01,775.642,gwh,PETR
generation_gwh,"Electricity generation, owned plants (ONS)",companies,ons,monthly,2024-01-01,341.808,gwh,PETR
generation_gwh,"Electricity generation, owned plants (ONS)",companies,ons,monthly,2024-02-01,343.04,gwh,PETR
generation_gwh,"Electricity generation, owned plants (ONS)",companies,ons,monthly,2024-03-01,331.863,gwh,PETR
generation_gwh,"Electricity generation, owned plants (ONS)",companies,ons,monthly,2024-04-01,328.957,gwh,PETR
generation_gwh,"Electricity generation, owned plants (ONS)",companies,ons,monthly,2024-05-01,340.391,gwh,PETR
generation_gwh,"Electricity generation, owned plants (ONS)",companies,ons,monthly,2024-06-01,293.491,gwh,PETR
generation_gwh,"Electricity generation, owned plants (ONS)",companies,ons,monthly,2024-07-01,495.795,gwh,PETR
generation_gwh,"Electricity generation, owned plants (ONS)",companies,ons,monthly,2024-08-01,804.477,gwh,PETR
generation_gwh,"Electricity generation, owned plants (ONS)",companies,ons,monthly,2024-09-01,1183.71,gwh,PETR
generation_gwh,"Electricity generation, owned plants (ONS)",companies,ons,monthly,2024-10-01,1396.062,gwh,PETR
generation_gwh,"Electricity generation, owned plants (ONS)",companies,ons,monthly,2024-11-01,441.636,gwh,PETR
generation_gwh,"Electricity generation, owned plants (ONS)",companies,ons,monthly,2024-12-01,327.045,gwh,PETR
generation_gwh,"Electricity generation, owned plants (ONS)",companies,ons,monthly,2025-01-01,483.682,gwh,PETR
generation_gwh,"Electricity generation, owned plants (ONS)",companies,ons,monthly,2025-02-01,454.769,gwh,PETR
generation_gwh,"Electricity generation, owned plants (ONS)",companies,ons,monthly,2025-03-01,435.646,gwh,PETR
generation_gwh,"Electricity generation, owned plants (ONS)",companies,ons,monthly,2025-04-01,535.71,gwh,PETR
generation_gwh,"Electricity generation, owned plants (ONS)",companies,ons,monthly,2025-05-01,640.238,gwh,PETR
generation_gwh,"Electricity generation, owned plants (ONS)",companies,ons,monthly,2025-06-01,590.577,gwh,PETR
generation_gwh,"Electricity generation, owned plants (ONS)",companies,ons,monthly,2025-07-01,763.29,gwh,PETR
generation_gwh,"Electricity generation, owned plants (ONS)",companies,ons,monthly,2025-08-01,858.145,gwh,PETR
generation_gwh,"Electricity generation, owned plants (ONS)",companies,ons,monthly,2025-09-01,467.853,gwh,PETR
generation_gwh,"Electricity generation, owned plants (ONS)",companies,ons,monthly,2025-10-01,454.369,gwh,PETR
generation_gwh,"Electricity generation, owned plants (ONS)",companies,ons,monthly,2025-11-01,661.816,gwh,PETR
generation_gwh,"Electricity generation, owned plants (ONS)",companies,ons,monthly,2025-12-01,807.936,gwh,PETR
generation_gwh,"Electricity generation, owned plants (ONS)",companies,ons,monthly,2026-01-01,587.446,gwh,PETR
generation_gwh,"Electricity generation, owned plants (ONS)",companies,ons,monthly,2026-02-01,934.171,gwh,PETR
generation_gwh,"Electricity generation, owned plants (ONS)",companies,ons,monthly,2026-03-01,1218.271,gwh,PETR
generation_gwh,"Electricity generation, owned plants (ONS)",companies,ons,monthly,2026-04-01,820.528,gwh,PETR
generation_gwh,"Electricity generation, owned plants (ONS)",companies,ons,monthly,2026-05-01,781.413,gwh,PETR
generation_gwh,"Electricity generation, owned plants (ONS)",companies,ons,monthly,2026-06-01,506.133,gwh,PETR
generation_gwh,"Electricity generation, owned plants (ONS)",companies,ons,monthly,2026-07-01,646.998,gwh,PETR
generation_gwh,"Electricity generation, owned plants (ONS)",companies,ons,monthly,2026-08-01,874.275,gwh,PETR
generation_gwh,"Electricity generation, owned plants (ONS)",companies,ons,monthly,2026-09-01,708.029,gwh,PETR
