year,ipca_12m,wb/AG.LND.FRLS.HA.BR,wb/AG.LND.PFLS.HA.BR,wb/AG.PRD.CREL.MT.BR,wb/AG.YLD.CREL.KG.BR,wb/EG.ELC.HYRO.ZS.BR,wb/EG.ELC.NGAS.ZS.BR,wb/EG.USE.ELEC.KH.PC.BR,wb/EN.CLC.CDDY.XD.BR,wb/EN.CLC.HEAT.XD.BR,wb/EN.CLC.SPEI.XD.BR,wb/NV.AGR.TOTL.KD.ZG.BR,wb/NY.GDP.MKTP.KD.ZG.BR,wb/TOT.BRA,ons_cmo_power_cost,ons_electricity_load,ons_hydro_generation_share,ons_ibc_br,ons_stored_energy_ear,ons_thermal_generation_share,ons_wind_solar_generation_share,ons_coffee_exports_sum,ons_exports_to_eu_sum,ons_ipca_administered_prices_sum,ons_soy_exports_sum,ons_sugar_exports_sum
1960,,,,,,,,,4046.44,0.01,0.2551,,,,,,,,,,,,,,,
1961,,,,15036353.0,1346.3,,,,4436.5,0.07,-1.427,7.600000002987883,8.60000000000014,,,,,,,,,,,,,
1962,,,,15918336.0,1381.5,,,,4034.51,0.02,-0.5399,0.4999999975281923,6.59999999999992,,,,,,,,,,,,,
1963,,,,16616892.0,1322.4,,,,4400.77,0.36,-1.9669,1.0000000000348876,0.600000000000065,,,,,,,,,,,,,
1964,,,,16469226.0,1256.4,,,,3867.45,0.02,1.6421,1.3000000001347018,3.39999999999985,,,,,,,,,,,,,
1965,,,,20350793.0,1428.3,,,,3954.34,0.03,0.5193,12.100000001490072,2.40000000000001,,,,,,,,,,,,,
1966,,,,17867924.0,1321.3,,,,3963.91,0.04,-0.1731,-1.7000000012562424,6.7000000000001,,,,,,,,,,,,,
1967,,,,20322328.0,1402.2,,,,3965.16,,-0.823,5.700000002704471,4.2,,,,,,,,,,,,,
1968,,,,20418801.0,1350.5,,,,3797.16,0.03,-0.3866,1.399999999232989,9.79999999999998,,,,,,,,,,,,,
1969,,,,20549860.0,1302.8,,,,4325.75,0.11,-1.3509,5.99999999919163,9.49999999999993,,,,,,,,,,,,,
1970,,,,23698316.0,1408.8,,,,4120.58,0.11,-0.8026,5.600000000166133,10.4,,,,,,,,,,,,,
1971,,,,22814265.0,1290.8,,,,3807.78,0.02,0.2785,10.154177999999916,11.3429219931908,,,,,,,,,,,,,
1972,,,,22703928.0,1299.7,,,,4124.95,0.1,0.6777,3.9674306546960736,11.9403481162508,,,,,,,,,,,,,
1973,,,,23721606.0,1411.7,,,,4160.74,0.27,1.8311,0.0755011626610411,13.9687217796782,,,,,,,,,,,,,
1974,,,,26240014.0,1455.8,,,,3718.63,0.01,1.9471,1.2995943394129623,8.15393868457201,,,,,,,,,,,,,
1975,,,,26238419.0,1358.8,,,,3821.29,0.01,1.2104,6.642972997106881,5.16664908406321,,,,,,,,,,,,,
1976,,,,31143200.0,1444.6,,,,3878.18,0.02,-0.0648,2.4391200000000453,10.2571295347867,,,,,,,,,,,,,
1977,,,,30913834.0,1452.5,,,,4028.87,0.01,1.001,12.112886717495996,4.93432806978961,,,,,,,,,,,,,
1978,,,,24033646.0,1210.1,,,,3944.85,0.05,1.2233,-2.678678717352682,4.96989768924738,,,,,,,,,,,,,
1979,,,,27147322.0,1301.3,,,,3998.71,0.05,0.5256,4.703332598914045,6.7595601220408,,,,,,,,,,,,,
1980,,,,33217492.0,1575.7,,,,4164.28,0.05,0.0484,9.550000000000054,9.19999999999976,,,,,,,,,,,,,
1981,,,,32050567.0,1611.1,,,,4079.81,0.02,-0.9863,7.969999999999871,-4.24999999999956,,,,,,,,,,,,,
1982,,,,33838263.0,1544.8,,,,4124.63,0.05,0.1342,-0.2199999999999136,0.829999999999529,,,,,,,,,,,,,
1983,,,,29197566.0,1614.6,,,,4344.47,0.25,-0.046,-0.4600000000000506,-2.92999999999996,,,,,,,,,,,,,
1984,,,,32711289.0,1677.3,,,,4083.68,0.04,0.5361,2.630000000000038,5.39999999999988,,,,,,,,,,,,,
1985,,,,36011139.0,1827.8,,,,3924.31,0.1,2.3274,9.579999999999984,7.85000000000042,,,,,,,,,,,,,
1986,,,,37298400.0,1664.7,,,,4028.49,0.11,0.1438,-8.02000000000011,7.48999999999982,,,,,,,,,,,,,
1987,,,,44148398.0,1882.1,,,,4455.11,0.34,-1.2515,14.970000000000129,3.52999999999983,,,,,,,,,,,,,
1988,,,,42905037.0,1858.8,,,,4233.63,0.22,0.3092,0.8400000000000176,-0.059999999999917,,,,,,,,,,,,,
1989,,,,43934410.0,1999.7,,,,3992.75,0.08,2.4851,2.849999999999909,3.16000000000032,,,,,,,,,,,,,
1990,,,,32490390.0,1755.1,92.76863491322632,0.1463057790782736,1459.3891403298962,4274.1,0.32,-1.2039,-3.7199999999999847,-4.35000000000022,,,,,,,,,,,,,
1991,,,,36682063.0,1850.7,92.9195270867022,0.1591453086266997,1485.4777076646203,4172.87,0.17,-0.1212,1.3700000168312556,1.03218958549303,0.6837292422841666,,,,,,,,,,,,
1992,,,,44057994.0,2142.5,92.39281518375722,0.1613356940744295,1493.9094602570258,4168.45,0.07,-0.0447,4.889999921044236,-0.54407204977727,0.6960348047391668,,,,,,,,,,,,
1993,,,,43073467.0,2354.6,93.2886465377655,0.1539829190081595,1538.1271764265164,4280.71,0.2,-1.0079,-0.0699999345050343,4.9246900037071,0.7051648675750001,,,,,,,,,,,,
1994,,,,45845331.58,2285.0,93.3333589703162,0.1842017220361404,1568.4110795814115,4270.1,0.27,0.948,5.449876941721371,5.85287036219013,0.80354240107,,,,,,,,,,,,
1995,,,,49641823.0,2513.1,92.12774989931096,0.2031922961092303,1637.2762882420686,4323.25,0.13,-0.124,4.076057276645955,4.22379363350413,0.8928765199400002,,,,,,,,,,,,
1996,,,,42436960.06,2422.2,91.24238699798818,0.3343884536422249,1691.3196639840226,4210.7,0.08,0.7385,2.9531711078631133,2.20886405039022,0.8893330494716666,,,,,,,,,,,,
1997,,,,44874819.85,2521.8,90.58061834782552,0.3821651914722289,1768.1991273109793,4377.68,1.0,0.2215,0.8130279115452907,3.39484598630671,0.9277136036016667,,,,,,,,,,,,
1998,,,,40742023.47,2580.4,90.58921889180353,0.4105697626714074,1815.0308949258615,4702.72,0.91,-0.6938,3.4088881303014915,0.338097901207306,0.9148806303375,,,,,,,,,,,,
1999,,,,47631962.27,2732.0,87.53689695144541,0.7926122444101865,1839.6070932548073,4215.49,0.27,0.4188,6.525237767831939,0.467937566477133,0.7994765100666669,,,,,,,,,,,,
2000,7.0566666666666675,,,46527201.96,2643.3,87.24398842108279,1.1659167120460865,1905.7710269774989,4158.36,0.17,2.0385,2.723405916112071,4.38794944745618,0.8245474025966667,,,,,,,,,,12.300000000000002,,
2001,6.835000000000001,2746285.0,,57125393.44,3147.6,81.54321964761894,3.020017777344844,1756.8116083700234,4326.07,0.34,-0.5,5.200340243981401,1.38989640095637,0.8219858867408333,,,,,,,,,,10.31,,
2002,8.424999999999999,3506873.0,1621738.0,50875594.0,2844.8,82.76424692843773,3.5889617584350435,1817.135401121919,4582.73,0.71,-0.3119,8.020170845533968,3.05346185909312,0.8112210713125001,,,,,,,,,,14.429999999999998,,
2003,14.78416666666667,3248392.0,1570540.0,67454328.6,3385.4,83.88231839029037,3.5982971902541316,1894.6290955430804,4452.09,0.36,-0.9832,8.306342211119727,1.14082899824888,0.8010243509108333,,,,70.69131416666667,,,,,,12.55,,
2004,6.595833333333332,3848492.0,2016350.0,63953364.1,3131.8,82.7963649784619,4.9719578890859015,1970.4158655017447,4390.96,0.41,0.4684,1.9951236338545044,5.75996463670954,0.8149401459741666,,,,75.02238000000001,,,,,,9.77,,
2005,6.885833333333334,3486213.0,1824218.0,55670925.0,2882.6,83.729372036533,4.667607863375952,2031.5060795389304,4573.86,0.63,0.3596,1.120060502935118,3.20213206130431,0.8210489072466668,21.861923076923084,,,77.55308333333333,,,,,,8.629999999999999,,
2006,4.195833333333334,2876675.0,1415536.0,59148978.0,3210.5,83.18011527721141,4.354015982372173,2089.1749853870633,4425.26,0.57,0.8207,4.639422805969986,3.96198871122617,0.8650130841400001,64.13500000000002,,,81.0137975,,,,,,4.200000000000001,,
2007,3.6399999999999992,2621699.0,1149515.0,69441634.0,3553.1,84.02055950056948,3.481097255513347,2185.7487619351487,4566.81,0.32,-0.9902,3.2470010170294756,6.06987060678338,0.8964641509033334,90.59557692307693,,,86.06885,,,,,,1.64,,
2008,5.6725,2444093.0,1075087.0,79745466.44,3831.3,79.80616195928451,6.214651443527611,2249.325359456951,4345.96,0.14,1.3175,5.770967142717097,5.09419544658736,0.9270816226391666,137.8761538461539,,,89.7749675,,,,,,3.23,,
2009,4.898333333333333,1817715.0,700116.0,70914790.87,3532.1,83.8812239740325,2.86020153565276,2217.7900284866273,4486.7,0.74,1.9477,-3.728679825602171,-0.125812002161169,0.8991289446466667,34.792692307692306,,,88.2387041666667,,,,,,4.64,,
2010,5.036666666666668,2688727.0,1152945.0,75160152.06,4040.6,78.20027806163506,7.0727323142910885,2398.608017992428,4698.09,1.0,-0.9036,6.696942485605973,7.52822581815364,1.0472471557150003,67.11660377358491,,,95.81293333333333,,,,,,3.09,,
2011,6.6325,1923161.0,802920.0,77586276.0,4037.5,80.55051461475824,4.719260865395284,2458.558793438508,4412.36,0.18,0.8491,5.638646362203943,3.97442307944702,1.1257022536075,26.91499999999999,,,98.84820333333333,,,,,,6.04,,
2012,5.404166666666668,2918560.0,1116049.0,89908244.0,4584.5,75.18849531409248,8.464865197564812,2530.977463284004,4586.29,0.4,-2.0082,-3.08224220365922,1.92117598576537,1.0646881307008333,166.22,,,99.73933916666668,,,,,,3.59,,
2013,6.206666666666667,1945478.0,632077.0,100901726.0,4826.4,68.49438895098083,12.087842785518834,2600.6722276474165,4519.8,0.25,0.2814,8.361443960568266,3.00482266944432,1.0356989113183332,260.37326923076927,,,102.6385775,,,,,,1.54,,
2014,6.325833333333333,2692910.0,940790.0,101402184.0,4640.4,62.6306485804755,14.05704932109698,2690.214950359604,4568.05,0.32,-1.0933,2.790794473314804,0.503955740242247,1.0009036713816666,829.1905769230768,,,102.37686749999999,,,,6051811979.0,36158752309.0,5.2,23273062321.0,9454748508.0
2015,9.013333333333334,2222654.0,828840.0,106026684.77,5000.6,61.33715032028931,14.083522449237083,2628.097691097202,4890.31,1.44,-2.564,3.314331397026109,-3.54576339269425,0.8838415859283334,566.715576923077,61352.87692857146,70.80082554347825,97.79273166666665,31.348145205479444,24.545381521739145,4.653792391304348,5564787000.0,28825050448.0,16.770000000000003,20981829291.0,7639341452.0
2016,8.770000000000001,5378610.0,2830943.0,84166681.6,4181.7,65.18118099618746,10.363149140639438,2592.613373038193,4872.54,1.18,-2.2713,-5.224217737486683,-3.27591690782192,0.9052684828158334,80.80547169811322,61550.9080546448,75.50798543417368,93.83843,44.89183415300544,18.656541736694685,5.835466946778706,4855422257.0,27146212975.0,5.390000000000001,19327390673.0,10431762220.0
2017,3.4600000000000004,4519546.0,2134474.0,117977043.93,5209.6,62.27706380735224,11.840342258056934,2610.1661356993773,4697.84,0.54,-1.8872,14.152386262238252,1.32286905404399,0.957377674895,350.05346153846153,62685.731186027406,71.5596756164384,94.5690725,32.58524328767123,20.954810410958906,7.485511780821918,4613334080.0,30236352180.0,7.750000000000001,25712173321.0,11405689186.0
2018,3.6624999999999996,2948393.0,1347177.0,103259697.62,4806.5,64.05946610935716,9.759997891973525,2640.4164383126704,4524.83,0.77,-0.0945,1.3070557769120796,1.783666761634,0.9454675869158334,312.3859615384615,63255.7173630137,73.49549397260279,95.82046666666666,35.29394383561644,17.616514794520548,8.887997260273973,4371567507.0,34299833521.0,6.0600000000000005,33046704804.0,6523082731.0
2019,3.74,2696542.0,1361054.0,121202015.51,5321.3,62.85258881067624,10.35808616310076,2661.18328561313,4795.22,0.76,-1.6718,0.4150369131077553,1.22077782360842,0.9465133999166668,219.95480769230764,64581.10655917806,72.19446246575349,96.88761416666667,39.12537835616439,17.431336712328758,10.374200273972598,4584667644.0,29991422937.0,5.419999999999999,26071755485.0,5170717747.0
2020,3.2125,3290645.0,1703492.0,125585547.54,5255.3,63.04130007443174,9.459829125077135,2624.8432372375837,4608.35,0.36,-0.96,4.174578587529368,-3.2767587964736,0.9528471946166667,176.4942307692308,63408.46788797814,72.93495109289621,93.14599333333332,44.32903442622946,16.205296174863403,10.859750819672136,4996095432.0,27666688510.0,2.6399999999999997,28560587573.0,8741448235.0
2021,8.285,2990029.0,1546965.0,112039454.26,4479.0,55.2984336444097,13.253438072027665,2723.966591046634,4464.56,0.32,-0.0102,0.0034512627466938,4.76260437908608,1.0925769463158337,530.4188679245283,68525.43741534244,62.44427726027396,97.23039666666665,34.122930958904114,24.027358356164388,13.528362465753423,5832925623.0,36548440934.0,15.77,38628922513.0,9184610085.0
2022,9.341666666666667,3308334.0,1772215.0,135485143.44,4907.5,63.05451517705954,6.216681847909048,2787.76089640442,4356.54,0.16,-0.8645,-1.125586186196344,3.01669435393015,1.0120761046791664,31.38653846153846,68797.19922931511,71.85810876712328,99.99999916666667,62.20944931506851,12.624678082191767,15.517212328767126,8542112751.0,50909304564.0,-3.72,46553259740.0,11009042829.0
2023,4.600833333333333,2805355.0,1136251.0,155877081.97,5336.5,60.20327983764747,5.453394309747369,2916.486093973844,4815.52,1.95,-2.3095,16.299258079562236,2.90848048667777,1.0378256006433333,0.0,73704.99357013697,67.63304931506846,102.65536999999999,77.48871890410958,11.13912630136986,21.22782684931506,7350451487.0,46316538262.0,8.790000000000001,53238560791.0,15747997669.0
2024,4.3675,4391694.0,2823647.0,138980898.51,5002.6,56.13993757777822,6.360944186015558,3068.096123458341,4988.2,1.14,,-3.741880346043174,3.419315165019057,1.0690447412483335,99.85999999999999,78943.25241366116,61.45752814207652,106.52787166666667,61.106694262295115,12.402693715847,26.139777322404374,11373292598.0,48263514332.0,4.58,42941894470.0,18600644428.0
2025,5.019166666666667,2868122.0,1626785.0,,,,,,,,,11.703414827460932,2.2857464902475044,1.0490706903858333,248.0701923076923,79608.90723452049,57.267414520547874,109.06866500000001,61.92576054794524,12.947872602739727,29.784712054794504,14920541122.0,49773314807.0,5.23,43531594841.0,14105858447.0
2026,,,,,,,,,,,,,,,230.65149999999994,80487.2985510948,59.40536751824817,110.93524857142857,64.4853250909091,11.38206058394161,29.21257408759126,7897587343.0,37313231703.0,2.67,39416570631.0,6356336558.0
