hydro_state,policy,diversification,probability_qual,cmo_mean_range_brl_mwh,admin_ipca_pp_range,headline_ipca_pp_range,focus_shift_pp,selic_modifier_bp,selic_prior_bp,gdp_pts,gdp_prior_pts,agro_export_usd_bn,axia_generation_pct,petrobras_thermal,fiscal_cost_if_suppressed_brl_bn,eu_access_modifier,analogue_years,warehouse_series,external_fact_ids,rule_note
Wet,pass-through,WS 35-40% + storage/transmission,medium (SIN EAR 60.7% on 2026-10-04 vs 23.8% in 2021; 2022-26 had 0 days < 40),0-150,+0.0 to +0.0,+0.0 to +0.0,+0.0 to +0.0,+0 to +0,+0 to +0,+0 to +0,+0 to +0,+0 to +3 (volume vs coffee/sugar price offset),+0 to +5%,thermal 0.5-1.0x non-episode level (~400-800 GWh/m),0,none,2022-2025 (0 days EAR < 40),stored_energy_ear;cmo_power_cost;ipca_administered_prices;ipca_monthly;focus_ipca_12m;selic_target;ibc_br;generation_gwh@AXIA;generation_gwh@PETR;exports_to_eu,W01;W02;W03;W04;W05;W06;W08;W10;W15;W16;W17;W12;W13;W14;W33;W34;W35,Selic and GDP ranges replaced from plan priors where W3/W4 data midpoints differed > 50% (prior kept in *_prior columns)
Wet,pass-through,WS 35-40% without storage/transmission,medium (SIN EAR 60.7% on 2026-10-04 vs 23.8% in 2021; 2022-26 had 0 days < 40),0-150,+0.0 to +0.0,+0.0 to +0.0,+0.0 to +0.0,+0 to +0,+0 to +0,+0 to +0,+0 to +0,+0 to +3 (volume vs coffee/sugar price offset),+0 to +5%,thermal 0.5-1.0x non-episode level (~400-800 GWh/m),0,none,2022-2025 (0 days EAR < 40),stored_energy_ear;cmo_power_cost;ipca_administered_prices;ipca_monthly;focus_ipca_12m;selic_target;ibc_br;generation_gwh@AXIA;generation_gwh@PETR;exports_to_eu,W01;W02;W03;W04;W05;W06;W08;W10;W15;W16;W17;W12;W13;W14;W33;W34;W35,Selic and GDP ranges replaced from plan priors where W3/W4 data midpoints differed > 50% (prior kept in *_prior columns)
Wet,suppression,WS 35-40% + storage/transmission,medium (SIN EAR 60.7% on 2026-10-04 vs 23.8% in 2021; 2022-26 had 0 days < 40),0-150,+0.0 to +0.0,+0.0 to +0.0,+0.0 to +0.0,+0 to +0,+0 to +0,+0 to +0,+0 to +0,+0 to +3 (volume vs coffee/sugar price offset),+0 to +5%,thermal 0.5-1.0x non-episode level (~400-800 GWh/m),0,none,2022-2025 (0 days EAR < 40),stored_energy_ear;cmo_power_cost;ipca_administered_prices;ipca_monthly;focus_ipca_12m;selic_target;ibc_br;generation_gwh@AXIA;generation_gwh@PETR;exports_to_eu,W01;W02;W03;W04;W05;W06;W08;W10;W15;W16;W17;W12;W13;W14;W33;W34;W35;W28;W29;W30;W31,Selic and GDP ranges replaced from plan priors where W3/W4 data midpoints differed > 50% (prior kept in *_prior columns)
Wet,suppression,WS 35-40% without storage/transmission,medium (SIN EAR 60.7% on 2026-10-04 vs 23.8% in 2021; 2022-26 had 0 days < 40),0-150,+0.0 to +0.0,+0.0 to +0.0,+0.0 to +0.0,+0 to +0,+0 to +0,+0 to +0,+0 to +0,+0 to +3 (volume vs coffee/sugar price offset),+0 to +5%,thermal 0.5-1.0x non-episode level (~400-800 GWh/m),0,none,2022-2025 (0 days EAR < 40),stored_energy_ear;cmo_power_cost;ipca_administered_prices;ipca_monthly;focus_ipca_12m;selic_target;ibc_br;generation_gwh@AXIA;generation_gwh@PETR;exports_to_eu,W01;W02;W03;W04;W05;W06;W08;W10;W15;W16;W17;W12;W13;W14;W33;W34;W35;W28;W29;W30;W31,Selic and GDP ranges replaced from plan priors where W3/W4 data midpoints differed > 50% (prior kept in *_prior columns)
One drought year,pass-through,WS 35-40% + storage/transmission,"medium (very strong El Niño 2026-27: N/NE drier, SE/CO ambiguous - 2015/16 101.6% vs 2023/24 68.4% MLT)",300-600,+0.8 to +2.4,+0.2 to +0.8,+0.0 to +0.2,+0 to +40,+25 to +75,-0.1 to -0.5,-0.1 to -0.3,-5 to +3 (volume vs coffee/sugar price offset),-3 to -8% (annual),"thermal 1.5-2.5x (episode mean 1,988 vs 817 GWh/m)",0,fire-year tail: EUDR/high-risk reclassification probability low -> medium; -$2 to -5bn on the exports EU cell; no penalty seen in 2016/2017/2024,"2017, 2018, 2019-20 episodes (EAR min 18-25, CMO 250-410 mean)",stored_energy_ear;cmo_power_cost;ipca_administered_prices;ipca_monthly;focus_ipca_12m;selic_target;ibc_br;generation_gwh@AXIA;generation_gwh@PETR;exports_to_eu,W01;W02;W03;W04;W05;W06;W08;W10;W15;W16;W17;W12;W13;W14;W33;W34;W35;W40;W41;W42;W43,Selic and GDP ranges replaced from plan priors where W3/W4 data midpoints differed > 50% (prior kept in *_prior columns)
One drought year,pass-through,WS 35-40% without storage/transmission,"medium (very strong El Niño 2026-27: N/NE drier, SE/CO ambiguous - 2015/16 101.6% vs 2023/24 68.4% MLT)",300-600,+1.0 to +3.0,+0.3 to +1.0,+0.0 to +0.3,+0 to +50,+25 to +75,-0.1 to -0.5,-0.1 to -0.3,-5 to +3 (volume vs coffee/sugar price offset),-3 to -8% (annual),"thermal 1.5-2.5x (episode mean 1,988 vs 817 GWh/m)",0,fire-year tail: EUDR/high-risk reclassification probability low -> medium; -$2 to -5bn on the exports EU cell; no penalty seen in 2016/2017/2024,"2017, 2018, 2019-20 episodes (EAR min 18-25, CMO 250-410 mean)",stored_energy_ear;cmo_power_cost;ipca_administered_prices;ipca_monthly;focus_ipca_12m;selic_target;ibc_br;generation_gwh@AXIA;generation_gwh@PETR;exports_to_eu,W01;W02;W03;W04;W05;W06;W08;W10;W15;W16;W17;W12;W13;W14;W33;W34;W35;W40;W41;W42;W43,Selic and GDP ranges replaced from plan priors where W3/W4 data midpoints differed > 50% (prior kept in *_prior columns)
One drought year,suppression,WS 35-40% + storage/transmission,"medium (very strong El Niño 2026-27: N/NE drier, SE/CO ambiguous - 2015/16 101.6% vs 2023/24 68.4% MLT)",300-600,+0.2 to +0.7,+0.1 to +0.3,+0.0 to +0.2,+0 to +38,+25 to +75,-0.1 to -0.5,-0.1 to -0.3,-5 to +3 (volume vs coffee/sugar price offset),-3 to -8% (annual),"thermal 1.5-2.5x (episode mean 1,988 vs 817 GWh/m)",R$ 10-25bn,fire-year tail: EUDR/high-risk reclassification probability low -> medium; -$2 to -5bn on the exports EU cell; no penalty seen in 2016/2017/2024,"2017, 2018, 2019-20 episodes (EAR min 18-25, CMO 250-410 mean)",stored_energy_ear;cmo_power_cost;ipca_administered_prices;ipca_monthly;focus_ipca_12m;selic_target;ibc_br;generation_gwh@AXIA;generation_gwh@PETR;exports_to_eu,W01;W02;W03;W04;W05;W06;W08;W10;W15;W16;W17;W12;W13;W14;W33;W34;W35;W28;W29;W30;W31;W40;W41;W42;W43,Selic and GDP ranges replaced from plan priors where W3/W4 data midpoints differed > 50% (prior kept in *_prior columns)
One drought year,suppression,WS 35-40% without storage/transmission,"medium (very strong El Niño 2026-27: N/NE drier, SE/CO ambiguous - 2015/16 101.6% vs 2023/24 68.4% MLT)",300-600,+0.2 to +0.9,+0.1 to +0.4,+0.0 to +0.3,+0 to +38,+25 to +75,-0.1 to -0.5,-0.1 to -0.3,-5 to +3 (volume vs coffee/sugar price offset),-3 to -8% (annual),"thermal 1.5-2.5x (episode mean 1,988 vs 817 GWh/m)",R$ 10-25bn,fire-year tail: EUDR/high-risk reclassification probability low -> medium; -$2 to -5bn on the exports EU cell; no penalty seen in 2016/2017/2024,"2017, 2018, 2019-20 episodes (EAR min 18-25, CMO 250-410 mean)",stored_energy_ear;cmo_power_cost;ipca_administered_prices;ipca_monthly;focus_ipca_12m;selic_target;ibc_br;generation_gwh@AXIA;generation_gwh@PETR;exports_to_eu,W01;W02;W03;W04;W05;W06;W08;W10;W15;W16;W17;W12;W13;W14;W33;W34;W35;W28;W29;W30;W31;W40;W41;W42;W43,Selic and GDP ranges replaced from plan priors where W3/W4 data midpoints differed > 50% (prior kept in *_prior columns)
Severe,pass-through,WS 35-40% + storage/transmission,low (needs two poor wet seasons from 60% storage; 2014-15 / 2021 started from ~20-35%),"500-900 (weeks > 1,000)",+2.4 to +4.8,+0.8 to +1.6,+0.2 to +0.6,+20 to +120,+75 to +200,-0.3 to -1.0,-0.3 to -0.6,-6 to +4 (volume vs coffee/sugar price offset),-8 to -15% (2021: -11% vs 2020),thermal 3-4x (2021: 28.1 TWh vs 7.5 in 2022),0,fire-year tail: EUDR/high-risk reclassification probability low -> medium; -$2 to -5bn on the exports EU cell; no penalty seen in 2016/2017/2024,"2014-15, 2021 (CMO max 2,159 / 3,044; admin 16.8 / 15.8)",stored_energy_ear;cmo_power_cost;ipca_administered_prices;ipca_monthly;focus_ipca_12m;selic_target;ibc_br;generation_gwh@AXIA;generation_gwh@PETR;exports_to_eu,W01;W02;W03;W04;W05;W06;W08;W10;W15;W16;W17;W12;W13;W14;W33;W34;W35;W40;W41;W42;W43,Selic and GDP ranges replaced from plan priors where W3/W4 data midpoints differed > 50% (prior kept in *_prior columns)
Severe,pass-through,WS 35-40% without storage/transmission,low (needs two poor wet seasons from 60% storage; 2014-15 / 2021 started from ~20-35%),"500-900 (weeks > 1,000)",+3.0 to +6.0,+1.0 to +2.0,+0.2 to +0.8,+25 to +150,+75 to +200,-0.3 to -1.0,-0.3 to -0.6,-6 to +4 (volume vs coffee/sugar price offset),-8 to -15% (2021: -11% vs 2020),thermal 3-4x (2021: 28.1 TWh vs 7.5 in 2022),0,fire-year tail: EUDR/high-risk reclassification probability low -> medium; -$2 to -5bn on the exports EU cell; no penalty seen in 2016/2017/2024,"2014-15, 2021 (CMO max 2,159 / 3,044; admin 16.8 / 15.8)",stored_energy_ear;cmo_power_cost;ipca_administered_prices;ipca_monthly;focus_ipca_12m;selic_target;ibc_br;generation_gwh@AXIA;generation_gwh@PETR;exports_to_eu,W01;W02;W03;W04;W05;W06;W08;W10;W15;W16;W17;W12;W13;W14;W33;W34;W35;W40;W41;W42;W43,Selic and GDP ranges replaced from plan priors where W3/W4 data midpoints differed > 50% (prior kept in *_prior columns)
Severe,suppression,WS 35-40% + storage/transmission,low (needs two poor wet seasons from 60% storage; 2014-15 / 2021 started from ~20-35%),"500-900 (weeks > 1,000)",+0.5 to +1.4,+0.2 to +0.6,+0.2 to +0.6,+12 to +112,+75 to +200,-0.3 to -1.0,-0.3 to -0.6,-6 to +4 (volume vs coffee/sugar price offset),-8 to -15% (2021: -11% vs 2020),thermal 3-4x (2021: 28.1 TWh vs 7.5 in 2022),R$ 25-60bn,fire-year tail: EUDR/high-risk reclassification probability low -> medium; -$2 to -5bn on the exports EU cell; no penalty seen in 2016/2017/2024,"2014-15, 2021 (CMO max 2,159 / 3,044; admin 16.8 / 15.8)",stored_energy_ear;cmo_power_cost;ipca_administered_prices;ipca_monthly;focus_ipca_12m;selic_target;ibc_br;generation_gwh@AXIA;generation_gwh@PETR;exports_to_eu,W01;W02;W03;W04;W05;W06;W08;W10;W15;W16;W17;W12;W13;W14;W33;W34;W35;W28;W29;W30;W31;W40;W41;W42;W43,Selic and GDP ranges replaced from plan priors where W3/W4 data midpoints differed > 50% (prior kept in *_prior columns)
Severe,suppression,WS 35-40% without storage/transmission,low (needs two poor wet seasons from 60% storage; 2014-15 / 2021 started from ~20-35%),"500-900 (weeks > 1,000)",+0.6 to +1.8,+0.3 to +0.8,+0.2 to +0.8,+12 to +112,+75 to +200,-0.3 to -1.0,-0.3 to -0.6,-6 to +4 (volume vs coffee/sugar price offset),-8 to -15% (2021: -11% vs 2020),thermal 3-4x (2021: 28.1 TWh vs 7.5 in 2022),R$ 25-60bn,fire-year tail: EUDR/high-risk reclassification probability low -> medium; -$2 to -5bn on the exports EU cell; no penalty seen in 2016/2017/2024,"2014-15, 2021 (CMO max 2,159 / 3,044; admin 16.8 / 15.8)",stored_energy_ear;cmo_power_cost;ipca_administered_prices;ipca_monthly;focus_ipca_12m;selic_target;ibc_br;generation_gwh@AXIA;generation_gwh@PETR;exports_to_eu,W01;W02;W03;W04;W05;W06;W08;W10;W15;W16;W17;W12;W13;W14;W33;W34;W35;W28;W29;W30;W31;W40;W41;W42;W43,Selic and GDP ranges replaced from plan priors where W3/W4 data midpoints differed > 50% (prior kept in *_prior columns)
Rationing tail,pass-through,WS 35-40% + storage/transmission,"low (< 5%: WS ~30%, thermal fleet, but LRCAP 2026 only 2.2 of 4.2 GW contracted)","> 900, administrative cuts",+4.8 to +8.0,+1.6 to +2.8,+0.6 to +1.2,+80 to +240,+200 to +400,-1.5 to -2.5,-1.0 to -2.0,-8 to +2 (volume vs coffee/sugar price offset),-15 to -25% (volume curtailed),thermal maxed; LNG imports,0,fire-year tail: EUDR/high-risk reclassification probability low -> medium; -$2 to -5bn on the exports EU cell; no penalty seen in 2016/2017/2024,2001 (GDP 1.4% vs 4.4/3.1 neighbours = -2.3 pts; kWh/cap -7.8%),stored_energy_ear;cmo_power_cost;ipca_administered_prices;ipca_monthly;focus_ipca_12m;selic_target;ibc_br;generation_gwh@AXIA;generation_gwh@PETR;exports_to_eu,W01;W02;W03;W04;W05;W06;W08;W10;W15;W16;W17;W12;W13;W14;W33;W34;W35;W11;W32;W40;W41;W42;W43,Selic and GDP ranges replaced from plan priors where W3/W4 data midpoints differed > 50% (prior kept in *_prior columns)
Rationing tail,pass-through,WS 35-40% without storage/transmission,"low (< 5%: WS ~30%, thermal fleet, but LRCAP 2026 only 2.2 of 4.2 GW contracted)","> 900, administrative cuts",+6.0 to +10.0,+2.0 to +3.5,+0.8 to +1.5,+100 to +300,+200 to +400,-1.5 to -2.5,-1.0 to -2.0,-8 to +2 (volume vs coffee/sugar price offset),-15 to -25% (volume curtailed),thermal maxed; LNG imports,0,fire-year tail: EUDR/high-risk reclassification probability low -> medium; -$2 to -5bn on the exports EU cell; no penalty seen in 2016/2017/2024,2001 (GDP 1.4% vs 4.4/3.1 neighbours = -2.3 pts; kWh/cap -7.8%),stored_energy_ear;cmo_power_cost;ipca_administered_prices;ipca_monthly;focus_ipca_12m;selic_target;ibc_br;generation_gwh@AXIA;generation_gwh@PETR;exports_to_eu,W01;W02;W03;W04;W05;W06;W08;W10;W15;W16;W17;W12;W13;W14;W33;W34;W35;W11;W32;W40;W41;W42;W43,Selic and GDP ranges replaced from plan priors where W3/W4 data midpoints differed > 50% (prior kept in *_prior columns)
Rationing tail,suppression,WS 35-40% + storage/transmission,"low (< 5%: WS ~30%, thermal fleet, but LRCAP 2026 only 2.2 of 4.2 GW contracted)","> 900, administrative cuts",+1.0 to +2.4,+0.5 to +1.1,+0.6 to +1.2,+50 to +225,+200 to +400,-1.5 to -2.5,-1.0 to -2.0,-8 to +2 (volume vs coffee/sugar price offset),-15 to -25% (volume curtailed),thermal maxed; LNG imports,R$ 50-100bn,fire-year tail: EUDR/high-risk reclassification probability low -> medium; -$2 to -5bn on the exports EU cell; no penalty seen in 2016/2017/2024,2001 (GDP 1.4% vs 4.4/3.1 neighbours = -2.3 pts; kWh/cap -7.8%),stored_energy_ear;cmo_power_cost;ipca_administered_prices;ipca_monthly;focus_ipca_12m;selic_target;ibc_br;generation_gwh@AXIA;generation_gwh@PETR;exports_to_eu,W01;W02;W03;W04;W05;W06;W08;W10;W15;W16;W17;W12;W13;W14;W33;W34;W35;W28;W29;W30;W31;W11;W32;W40;W41;W42;W43,Selic and GDP ranges replaced from plan priors where W3/W4 data midpoints differed > 50% (prior kept in *_prior columns)
Rationing tail,suppression,WS 35-40% without storage/transmission,"low (< 5%: WS ~30%, thermal fleet, but LRCAP 2026 only 2.2 of 4.2 GW contracted)","> 900, administrative cuts",+1.2 to +3.0,+0.6 to +1.4,+0.8 to +1.5,+50 to +225,+200 to +400,-1.5 to -2.5,-1.0 to -2.0,-8 to +2 (volume vs coffee/sugar price offset),-15 to -25% (volume curtailed),thermal maxed; LNG imports,R$ 50-100bn,fire-year tail: EUDR/high-risk reclassification probability low -> medium; -$2 to -5bn on the exports EU cell; no penalty seen in 2016/2017/2024,2001 (GDP 1.4% vs 4.4/3.1 neighbours = -2.3 pts; kWh/cap -7.8%),stored_energy_ear;cmo_power_cost;ipca_administered_prices;ipca_monthly;focus_ipca_12m;selic_target;ibc_br;generation_gwh@AXIA;generation_gwh@PETR;exports_to_eu,W01;W02;W03;W04;W05;W06;W08;W10;W15;W16;W17;W12;W13;W14;W33;W34;W35;W28;W29;W30;W31;W11;W32;W40;W41;W42;W43,Selic and GDP ranges replaced from plan priors where W3/W4 data midpoints differed > 50% (prior kept in *_prior columns)
BEST,pass-through (flags green),WS 35-40% + storage/transmission,medium,0-150,-1 to 0 (admin < 3-4%/yr; green flag),-0.3 to 0,-0.2 to 0,-50 to 0,,0 to +0.2,,+0 to +5 (record crops),+0 to +5%,minimal,0,none,"2023 (EAR 77.5, CMO 0, agri VA +16.3%)",,W01;W02;W03;W04;W05;W06;W08;W10;W15;W16;W17;W18;W19;W20;W21;W22;W23,
WORST,suppression in election year 2030,without storage/transmission; load +5-7%/yr,low,> 900,+6 to +10 (pass-through) or R$ 40-100bn fiscal,+2.0 to +3.5 (or +0.6 to +1.4 if suppressed),+0.8 to +1.6,+100 to +300,,-1.0 to -2.5,,-8 to +2,-15 to -25%,maxed,R$ 40-100bn,fire year + EUDR high-risk tail: -$2 to -5bn,2001 + 2021 + 2022 policy,,W11;W32;W28;W29;W30;W31;W40;W41;W42;W43;W09;W24;W25;W26,
