fact_id,claim,date,source_url,publisher,accessed,used_in_scenario_ids,confidence,channel
W01,"ONS daily EAR: SIN stored energy 60.7% on 2026-10-04 (SE/CO 56.1%, S 81.6%, NE 67.5%, N 71.0%); 61.3% on 2026-09-30; 70.7% on 2026-04-30. Same date in prior years: 54.7% (2025-10-04), 48.0% (2024-10-04), 23.8% (2021-10-04, SE/CO 16.5%). SIN % computed as sum(verified MWmes)/sum(max MWmes) across subsystems. also: https://www.gov.br/mme/pt-br/assuntos/noticias/cmse-defende-continuidade-e-aprimoramento-dos-mecanismos-de-resposta-da-demanda-no-sistema-eletrico-brasileiro (CMSE: SIN ~64%, SE/CO 58% end-Aug 2026)",2026-10-04,https://ons-aws-prod-opendata.s3.amazonaws.com/dataset/ear_subsistema_di/EAR_DIARIO_SUBSISTEMA_2026.csv,ONS (dados abertos),2026-10-05,,high,hydrology_outlook
W02,"ONS daily ENA: September 2026 mean natural inflow energy as % of MLT = SE/CO 152.3%, S 265.7%, NE 68.6%, N 53.2% (computed mean of daily ena_bruta %MLT). Latest days: 2026-10-04 SE/CO 119.5%, S 231.7%, NE 75.3%, N 42.1%. ONS PMO bulletin (3-9 Oct 2026) called Sept 2026 'the greatest volume of precipitation in the last 17 years'. also: https://cenarioenergia.com.br/2026/10/05/ons-aponta-afluencia-superior-media-sul-sudeste-outubro/",2026-10-04,https://ons-aws-prod-opendata.s3.amazonaws.com/dataset/ena_subsistema_di/ENA_DIARIO_SUBSISTEMA_2026.csv,ONS (dados abertos),2026-10-05,,high,hydrology_outlook
W03,"ONS PMO (operative week 3-9 Oct 2026): October ENA forecast S 244% MLT, SE/CO 128%, NE 66%, N 48%; end-October EAR projection S 86.9%, NE 63.6%, N 62.5%, SE/CO 56.3%; CMO SE/CO and NE R$24.92/MWh, S R$5.02, N R$289.25; October load forecast 86,189 MWmed (+4.7% y/y; NE +9.9%, N +9.3%, SE/CO +3.6%, S +0.4%).",2026-10-05,https://cenarioenergia.com.br/2026/10/05/ons-aponta-afluencia-superior-media-sul-sudeste-outubro/,Cenário Energia (reporting ONS PMO),2026-10-05,,medium,hydrology_outlook
W04,"ONS PMO (week 26 Sep-2 Oct 2026): October ENA forecast S 193% MLT, SE/CO 105%, NE 61%, N 43%; SE/CO EAR expected to fall from 57.4% to 55.6% by end-October; total thermal dispatch 7,590 MWmed of which 7,083 MWmed inflexible (only N had 2,552 MWmed merit-order dispatch); October SIN load 85,274 MWmed (+3.6% y/y).",2026-09-25,https://cenarioenergia.com.br/2026/09/25/ons-projeta-chuvas-acima-da-media-no-sul-e-no-sudeste-centro-oeste-em-outubro/,Cenário Energia (reporting ONS PMO),2026-10-05,,medium,hydrology_outlook
W05,"CMSE (2 Sep 2026): end-August 2026 EAR SIN ~64% (SE/CO 58%, S 83%, NE 76%, N 82%); August ENA SE/CO 92% MLT, NE 62%, N 60%, S 184%, SIN 112%; September forecast SE/CO 75-108% MLT, S 110-180%, NE 61-63%, N 54-59%; 'El Niño continua a se intensificar', peak expected Oct 2026-Feb 2027.",2026-09-02,https://www.gov.br/mme/pt-br/assuntos/noticias/cmse-defende-continuidade-e-aprimoramento-dos-mecanismos-de-resposta-da-demanda-no-sistema-eletrico-brasileiro,MME / CMSE,2026-10-05,,high,hydrology_outlook
W06,"CMSE (5 Aug 2026): 70% probability of a more intense El Niño in H2 2026; end-July 2026 EAR SE/CO 63%, S 84%, NE 84%, N 90%, SIN ~70%; July ENA SE/CO 94% MLT, NE 62%, N 64%, S 260%, SIN 128%; August scenarios SIN 88-114% MLT.",2026-08-05,https://www.gov.br/mme/pt-br/assuntos/noticias/cmse-reforca-acoes-para-fortalecer-o-sistema-eletrico-frente-ao-el-nino,MME / CMSE,2026-10-05,,high,hydrology_outlook
W07,"CMSE (22 Jul 2026) El Niño preparedness: LRCAP 2026 sought 4.2 GW of capacity but only 2.2 GW was contracted (March 2026), a 2.0 GW gap; CMSE approved early start (from 1 Sep 2026) of 1,827.1 MW from five LRCE 2022 / LRCAP 2026 winners; uncontracted thermal dispatch costs at least 25% more than contracted; El Niño expected to reduce North hydro output and raise temperature-driven load; geopolitical fuel-price risk flagged.",2026-07-22,https://www.gov.br/mme/pt-br/assuntos/noticias/cmse-aprova-medidas-para-preparar-o-sistema-eletrico-para-os-impactos-do-el-nino-e-do-cenario-geopolitico,MME / CMSE,2026-10-05,,high,thermal_capacity
W08,"CMSE/ONS (15 May 2026) outlook to end-October 2026: SIN EAR 53.6% (conservative) to 61.6% (optimistic); SE/CO 47.5% (inflows 80% MLT) to 57.2% (107% MLT); 'geração térmica adicional segue prevista, mas sem despacho pleno'. Outturn (SIN 60.7% on 4 Oct) is near the optimistic end.",2026-05-15,https://cenarioenergia.com.br/2026/05/15/ons-melhora-projecoes-hidrologicas-para-o-sin-e-reduz-pressao-sobre-geracao-termica-ate-outubro/,Cenário Energia (reporting CMSE/ONS),2026-10-05,,medium,hydrology_outlook
W09,"ONS PMO (week 12-18 Sep 2026): September SIN load forecast 84,294 MWmed (+4.9% y/y; NE +10.7%, N +7.9%, S +3.5%, SE/CO +3.0%); end-Sept EAR projection S 91.4%, N 73.5%, NE 67.1%, SE/CO 55.8%. Separately, the ONS/EPE PLAN 2026 workshop projected 2026 SIN load +4.6% to 85,067 MWmed citing El Niño heat. also: https://agenciainfra.com/blog/tag/demanda-de-carga/",2026-09-14,https://cenarioenergia.com.br/2026/09/14/ons-preve-estabilidade-dos-reservatorios-e-sul-com-914-de-ear-em-setembro/,Cenário Energia (reporting ONS PMO),2026-10-05,,medium,load_datacentre
W10,"ONS daily ENA, SE/CO wet season (Nov-Apr) mean % MLT, computed: 2000/01 83.1%, 2013/14 72.4%, 2014/15 70.2%, 2015/16 (very strong El Niño) 101.6%, 2016/17 74.8%, 2020/21 67.3% (lowest in the 2000-2026 open-data series), 2023/24 (El Niño) 68.4%, 2024/25 89.4%, 2025/26 78.5%. Shows El Niño does not map one-to-one to SE/CO inflow deficits.",2026-04-30,https://ons-aws-prod-opendata.s3.amazonaws.com/dataset/ena_subsistema_di/ENA_DIARIO_SUBSISTEMA_2021.csv,ONS (dados abertos),2026-10-05,,high,hydrology_outlook
W11,"UNVERIFIED: claim that 2020/21 SE/CO inflows were the worst in 91 years of records (MME/ONS 2021). Not confirmed from a retrieved source; ONS open data confirms only that 2020/21 wet season (67.3% MLT) was the lowest since 2000. The MME 'Lições Aprendidas' report (2020-21 crisis, 116 measures) describes it as one of the worst water crises in Brazil's history.",2021-06-01,https://cenarioenergia.com.br/2025/03/21/apos-crise-hidrica-mme-propoe-116-medidas-para-reforcar-a-seguranca-energetica-do-brasil/,Cenário Energia (reporting MME),2026-10-05,,low,rationing_2001
W12,"ANEEL: green flag (no surcharge) for October 2026, announced 25 Sep 2026, after five consecutive yellow (amarela) months May-Sep 2026; Jan-Apr 2026 were green. Reason: more rain in S and SE regions during dry-to-wet transition. also: https://clickpetroleoegas.com.br/bandeira-tarifaria-outubro-2026-aneel-conta-de-luz-btl96/ ; https://portaldeprefeitura.com.br/cotidiano/conta-de-luz-tera-bandeira-verde-em-outubro/632901/",2026-09-25,https://www.gov.br/aneel/pt-br/assuntos/noticias/2026-defeso-eleitoral/outubro-tera-bandeira-verde-contas-de-luz-sem-custo-extra,ANEEL,2026-10-05,,high,tariff_flags
W13,ANEEL flag surcharges in force: verde R$0; amarela R$0.01885/kWh (R$1.885/100 kWh); vermelha patamar 1 R$0.04463/kWh (R$4.463/100 kWh); vermelha patamar 2 R$0.07877/kWh (R$7.877/100 kWh). Yellow added ~R$3.77/month to a 200 kWh household. also: https://clickpetroleoegas.com.br/bandeira-tarifaria-outubro-2026-aneel-conta-de-luz-btl96/,2026-10-05,https://www.gov.br/aneel/pt-br/assuntos/tarifas/bandeiras-tarifarias,ANEEL,2026-10-05,,high,tariff_flags
W14,Bandeira Escassez Hídrica was in force from September 2021 to mid-April 2022 by determination of CREG (Câmara de Regras Excepcionais para Gestão Hidroenergética); in 2020 green was applied Jun-Nov as a Covid emergency measure. The R$14.20/100 kWh value is UNVERIFIED (not shown in retrieved sources).,2022-04-16,https://fgvenergia.fgv.br/sites/fgvenergia.fgv.br/files/informe_setor_eletrico_-_abr_-_2026_v2.pdf,FGV Energia (citing ANEEL),2026-10-05,,medium,tariff_flags
W15,"NOAA CPC ONI (ERSSTv5): JAS 2026 +2.16 C, JJA +1.80, MJJ +1.39, AMJ +0.95, MAM +0.46; preceding La Niña bottomed at -0.61 (OND 2025) / -0.60 (NDJ). Relative ONI (RONI) JAS 2026 +1.69. Historic peaks in current table: NDJ 2015 +2.59, OND 2023 +1.90. also: https://www.cpc.ncep.noaa.gov/data/indices/RONI.ascii.txt",2026-09-30,https://www.cpc.ncep.noaa.gov/data/indices/oni.ascii.txt,NOAA CPC,2026-10-05,,high,enso
W16,"NOAA CPC ENSO Diagnostic Discussion (10 Sep 2026): El Niño Advisory; 'El Niño is strengthening, with a greater than 90% chance of a very strong event during the Northern Hemisphere fall and winter 2026-27'; Aug Niño-3.4 +1.8 C, Niño-3 +2.5, Niño-1+2 +3.4; 75% chance in OND 2026 of a historic event (3-month RONI >= +2.5 C) exceeding all events since 1950. Next update 8 Oct 2026.",2026-09-10,https://www.cpc.ncep.noaa.gov/products/analysis_monitoring/enso_advisory/ensodisc.shtml,NOAA CPC,2026-10-05,,high,enso
W17,"El Niño impacts for Brazil (Conab, Sep 2026): persistence of El Niño Sep-Nov implies below-average rain in North and Northeast and above-average rain in the South with possible excess moisture in Rio Grande do Sul and Santa Catarina. CMSE also expects reduced North-region hydro output and higher temperature-driven load. also: https://www.gov.br/mme/pt-br/assuntos/noticias/cmse-aprova-medidas-para-preparar-o-sistema-eletrico-para-os-impactos-do-el-nino-e-do-cenario-geopolitico",2026-09-15,https://www.dgabc.com.br/Noticia/4346969/conab-eleva-previsao-da-safra-2025-26-para-361-7-milhoes-de-toneladas,DGABC (reporting Conab),2026-10-05,,medium,enso
W18,"Conab 12th (final) survey 2025/26 (15 Sep 2026): grains 361.7 Mt (+2.6% y/y); soybean 180.4 Mt (+5.2%, record; area +2.7%, yield +2.5%; exports 116.2 Mt); total corn 144.0 Mt (+2%), 2nd-crop corn 112.1 Mt, 3rd crop 2.39 Mt. also: https://www.cnnbrasil.com.br/agro/safra-2025-26-termina-com-colheita-recorde-aponta-conab/ ; https://www.jornaldocomercio.com/economia/2026/09/1263341-conab-eleva-previsao-da-safra-2025-26-para-3617-milhoes-de-toneladas.html",2026-09-15,https://www.dgabc.com.br/Noticia/4346969/conab-eleva-previsao-da-safra-2025-26-para-361-7-milhoes-de-toneladas,DGABC / CNN Brasil (reporting Conab),2026-10-05,,high,agro
W19,"Conab first projection for 2026/27 (15 Sep 2026): grains 366.6 Mt (+1.4%); soybean 181.64 Mt on 49.3 Mha (area +1.4%, smallest growth in 20 years; slight yield decline assumed given climate risk); corn ~148 Mt (+2.8%): 1st crop 32.1 Mt on 4.54 Mha (+10.7%), 2nd crop 113.2 Mt on 18.48 Mha, 3rd crop 2.6 Mt; El Niño cited as risk to bean yields.",2026-09-15,https://www.gov.br/conab/pt-br/assuntos/noticias/producao-de-graos-na-safra-2026-27-pode-chegar-a-366-6-milhoes-de-toneladas-projeta-conab-1,Conab,2026-10-05,,high,agro
W20,"Conab coffee 2026 (24 Sep 2026): 67.6 million 60-kg bags, +19.6% vs 2025 and the largest in Conab's series; arabica 48.2 M bags (+34.8%), conilon/robusta 19.4 M bags (-6.6%, irregular flowering from low temperatures). Implied 2025 crop ~56.5 M bags.",2026-09-24,https://www.gov.br/conab/pt-br/assuntos/noticias/producao-de-cafe-e-estimada-em-67-6-milhoes-de-sacas-influenciada-por-bienalidade-positiva-em-2026,Conab,2026-10-05,,high,agro
W21,"Conab crop-progress note (28 Sep 2026): 2026/27 planting advancing with rain in MS, SP, south MG, PR, SC, north RS; in Matopiba rain insufficient to recover soil water for rainfed sowing; semiarid MG and Northeast had virtually no rain; excess moisture raising disease pressure on wheat in PR/SC.",2026-09-28,https://www.gov.br/conab/pt-br/assuntos/noticias/safra-2026-2027-comeca-a-avancar-com-apoio-das-chuvas,Conab,2026-10-05,,high,agro
W22,"UNVERIFIED: 2023/24 (El Niño) losses - Conab soybean fell to roughly 147-148 Mt from ~154.6 Mt in 2022/23 and total grains fell ~6-7% (memory, not retrieved; check Conab 12th survey 2023/24).",2024-09-12,,,2026-10-05,,low,agro
W23,"UNVERIFIED: 2021/22 (La Niña) drought in Rio Grande do Sul/South cut Brazil's soybean crop to ~125-126 Mt vs ~139 Mt in 2020/21 (memory, not retrieved; check Conab 2021/22 final survey and Emater-RS).",2022-09-08,,,2026-10-05,,low,agro
W24,"EPE PDE 2035 (approved by Portaria MME 923, 30 Jun 2026), electricity demand notebook: SIN global load ~115 GWmed in 2035, +3.3%/yr (reference); +2.7%/yr (low); +5.2%/yr to 138 GWmed (high, with large data-centre and electrolysis H2 loads mostly in 2031-35). 'Special loads' (EVs, data centres, H2) = 1.4% of class consumption in reference vs ~13% in high scenario; high-scenario 2035 peak could exceed 180 GWh/h. Aggregate consumption +3.5%/yr reference. also: https://www.epe.gov.br/pt/publicacoes-dados-abertos/publicacoes/plano-decenal-de-expansao-de-energia-2035",2026-06-30,https://www.epe.gov.br/sites-pt/publicacoes-dados-abertos/publicacoes/PublicacoesArquivos/publicacao-894/PDE%202035_Caderno_Demanda_Eletricidade_rev_mme_20250914.pdf,EPE / MME,2026-10-05,,high,load_datacentre
W25,"Data centres had 26.2 GW of basic-grid connection requests at end-2025 (EPE), explicitly 'não significam demanda contratada'; EPE recommended ~R$1.6 bn of transmission works in São Paulo to open ~4 GW of connection margin (another 5 GW under study); Northeast: 30 projects, 8.3 GW cumulative demand projected to 2038.",2026-09-03,https://cenarioenergia.com.br/2026/09/03/data-centers-262-gw-conexao-capacidade-rede-eletrica-brasileira/,Cenário Energia (reporting EPE),2026-10-05,,medium,load_datacentre
W26,"REDATA (data-centre tax regime): Senate approved PL 278/2026 on 2 Sep 2026 (sent to sanction); tax expenditure R$5.2 bn projected for 2026 then ~R$1 bn/yr in the following two years; 5-year suspension of import tax, PIS/Cofins, IPI on equipment; requires 100% renewable/low-emission power via ACL or self-production, water use <=0.05 L/kWh, >=10% capacity for domestic market (8% in N/NE/CO). Earlier MP 1318/2025 origin UNVERIFIED. MME (15 Sep 2026) argued for allowing natural gas supply.",2026-09-02,https://cenarioenergia.com.br/2026/09/02/senado-aprova-redata-data-centers-energia-baixa-emissao/,Cenário Energia,2026-10-05,,medium,load_datacentre
W27,"ONS methodology: 'A partir de 29/04/2023 ... passou a ser incorporado o valor estimado da micro e minigeração distribuída (MMGD), com base em dados meteorológicos previstos' in the carga (load) series; before that carga covered only ONS-dispatched/scheduled plants. Mechanically raises measured load growth from May 2023 through April 2024 y/y comparisons. Size of the effect not stated by ONS in retrieved text. also: https://fgvenergia.fgv.br/sites/fgvenergia.fgv.br/files/informe_setor_eletrico_-_abr_-_2026_v2.pdf ('Os valores a partir de maio de 2023 consideram a inclusão ... MMGD')",2023-04-29,https://dados.ons.org.br/dataset/carga-energia,ONS (dados abertos),2026-10-05,,high,ons_method
W28,"UNVERIFIED: LC 194/2022 (23 Jun 2022) capped ICMS on fuels, electricity, telecom and public transport as essential goods; state revenue loss commonly estimated at ~R$ tens of billions per year (no figure retrieved).",2022-06-23,,,2026-10-05,,low,fiscal_suppression
W29,UNVERIFIED: federal compensation to states for LC 194/2022 losses formalised in LC 201/2022 / 2023 STF agreement of ~R$27 bn (memory; planalto.gov.br text could not be fetched - connection error).,2023-03-01,,,2026-10-05,,low,fiscal_suppression
W30,"Conta-COVID (created 2020) and Conta Escassez Hídrica (created 2022) sector loans were repaid early: MP 1.212 (9 Apr 2024) let CCEE anticipate Eletrobras CDE receivables owed under Lei 14.182/2021 (privatisation) for 2025-2027 (Portaria Interministerial MME/MF 1/2024); collection of CDE-Covid and CDE-Escassez quotas ended with notice of 10 Oct 2024. Loan sizes (~R$15 bn Covid, ~R$5.3 bn Escassez) UNVERIFIED. also: https://cenarioenergia.com.br/2025/04/08/aneel-aprova-regulamentacao-que-antecipa-quitacao-das-contas-covid-e-escassez-hidrica/",2024-10-10,https://cenarioenergia.com.br/2024/10/10/fim-do-recolhimento-das-quotas-de-encargos-cde-covid-e-cde-escassez-hidrica-uma-nova-fase-para-os-consumidores-de-energia/,Cenário Energia,2026-10-05,,medium,fiscal_suppression
W31,UNVERIFIED: 2022 tariff relief also used Eletrobras privatisation CDE contributions and refunds of PIS/Cofins over-collected on ICMS (STF 'tese do século') to cut tariffs in 2022-23 (no amounts retrieved).,2022-07-01,,,2026-10-05,,low,fiscal_suppression
W32,"2001 rationing: residential rationing from 4 Jun 2001 (industry/commerce from 1 Jul) to 19 Feb 2002; mandatory 20% consumption cut in SE, NE, CO and part of N; 32.3 M households affected; GDP grew only 1.42% in 2001 vs 4.4% in 2000; TCU audit (Jul 2009) put the Treasury loss at R$45.2 bn. GDP-cost estimate of 1.5-2 pp from IPEA/BCB is UNVERIFIED.",2002-02-19,https://pt.wikipedia.org/wiki/Crise_do_apagão,Wikipedia (citing TCU),2026-10-05,,medium,rationing_2001
W33,IBGE IPCA weights (table 7060): energia elétrica residencial = 4.2960% of IPCA (Aug 2026); 4.2791% (Dec 2025); 4.0106% (Dec 2024); 3.8972% (Dec 2022); 5.0827% (Dec 2021). Habitação group 15.50% (Aug 2026).,2026-08-31,"https://apisidra.ibge.gov.br/values/t/7060/n1/all/v/66,2265/p/202112,202212,202412,202512,202608/c315/all/f/n",IBGE (SIDRA),2026-10-05,,high,ipca_weights
W34,"IBGE IPCA 12-month change, energia elétrica residencial: +21.21% (Dec 2021); -19.01% (Dec 2022); -0.37% (Dec 2024); +12.31% (Dec 2025); +4.95% (Aug 2026). Rough 2021 contribution ~0.8-1.0 pp (weight ~4-5% x 21.2%; not an IBGE-published figure).",2026-08-31,"https://apisidra.ibge.gov.br/values/t/7060/n1/all/v/66,2265/p/202112,202212,202412,202512,202608/c315/all/f/n",IBGE (SIDRA),2026-10-05,,high,ipca_weights
W35,UNVERIFIED: administered prices (preços monitorados) weight in IPCA ~25-26% per BCB (no BCB page retrieved).,2026-01-01,,,2026-10-05,,low,ipca_weights
W36,"Tarifa social: MP 1.300/2025 (21 May 2025) amended Lei 12.212/2010 - from 5 Jul 2025 eligible low-income families (CadÚnico <=1/2 minimum wage per capita), BPC recipients and families needing life-support equipment get 100% discount on consumption up to 80 kWh/month; no discount above 80 kWh.",2025-07-05,https://www.gov.br/aneel/pt-br/assuntos/tarifas/tarifa-social,ANEEL,2026-10-05,,high,tariff_policy
W37,"Lei 15.269/2025 (power-sector reform, from MP 1.304) sanctioned 25 Nov 2025: free-market access for industry and commerce within 24 months and for residential and other classes within 36 months; reconfigures subsidy allocation between captive and free markets. also: https://cenarioenergia.com.br/2026/01/20/reforma-do-setor-eletrico-lei-15-269-2025-redesenha-o-mercado-e-impoe-novos-desafios-regulatorios/",2025-11-25,https://cenarioenergia.com.br/2025/11/25/lei-15-269-inaugura-abertura-total-do-mercado-livre-e-redefine-direitos-dos-consumidores-de-energia/,Cenário Energia,2026-10-05,,medium,tariff_policy
W38,"CDE 2026 budget proposed by ANEEL (public consultation 10 Dec 2025-26 Jan 2026) at R$52.7 bn, +7% vs 2025, driven by incentivised sources, tarifa social and distributed generation; average tariff impact 0.71% for captive consumers. Final approved value not verified. also: https://cenarioenergia.com.br/2025/12/10/cde-2026-sobe-para-r-527-bilhoes-e-pressiona-tarifas-com-expansao-dos-subsidios-indica-analise-da-thymos-energia/",2025-12-09,https://cenarioenergia.com.br/2025/12/09/aneel-lanca-consulta-publica-sobre-orcamento-da-cde-2026-estimado-em-r-527-bilhoes/,Cenário Energia (reporting ANEEL),2026-10-05,,medium,tariff_policy
W39,"LRCAP 2026 (held March 2026): MME granted authorisations (16 Sep 2026) to 12 winning thermal plants, mostly natural gas (e.g. Lins 2 701.5 MW contracted, start 2031; Novo Tempo Barcarena II 100.8 MW, 2029; William Arjona II 63 MW, 2028; Eneva units; Karpowership Santana C), operations through 2031. Total contracted ~2.2 GW per CMSE vs 4.2 GW target. also: https://cenarioenergia.com.br/2026/07/28/lrcap-2026-aneel-homologa-leilao-e-confirma-consorcio-ebrasil-celne-para-potencia-termeletrica/",2026-09-16,https://cenarioenergia.com.br/2026/09/16/mme-outorga-12-termeletricas-vencedoras-do-lrcap-com-operacao-prevista-ate-2031/,Cenário Energia,2026-10-05,,medium,thermal_capacity
W40,"INPE active-fire foci, reference satellite, Brazil (annual count of rows in focos_br_ref files): 2024 = 278,299 (highest since 2010's 319,383; 2007 = 393,915); 2023 = 189,901; 2022 = 200,763; 2025 = 136,393. June 2026 = 5,209 foci, -14% vs June 2025 (6,060) and -27% vs 2010-2024 June average. also: https://www.gov.br/inpe/pt-br/assuntos/ultimas-noticias/boletim-infoqueima-apresenta-panorama-das-queimadas-e-do-risco-de-fogo-no-brasil-em-junho-de-2026",2026-06-30,https://dataserver-coids.inpe.br/queimadas/queimadas/focos/csv/anual/Brasil_sat_ref/,INPE (Programa Queimadas),2026-10-05,,high,fire_eudr
W41,"INPE PRODES 2025 consolidated Amazon clear-cut deforestation: 5,731 km2 (Aug 2024-Jul 2025), -12.07% vs 6,518 km2 in 2024; DETER (Aug 2026) shows the smallest Amazon alert area in its series.",2026-08-18,https://www.gov.br/inpe/pt-br/assuntos/ultimas-noticias/sistema-do-inpe-aponta-5-731-km2-de-desmatamento-na-amazonia-em-2025,INPE,2026-10-05,,high,fire_eudr
W42,EUDR (Reg. 2023/1115) application dates after December 2024 and December 2025 amendments: large and medium operators 30 Dec 2026; micro and small operators 30 Jun 2027 (30 Dec 2026 if already under EUTR). Reg. 2024/3234 had earlier moved large operators to 30 Dec 2025. also: https://eur-lex.europa.eu/eli/reg/2024/3234/oj,2026-10-05,https://environment.ec.europa.eu/topics/forests/deforestation/regulation-deforestation-free-products_en,European Commission,2026-10-05,,high,fire_eudr
W43,"EUDR country benchmarking, Implementing Regulation (EU) 2025/1093 (22 May 2025): only Belarus, North Korea, Myanmar and Russia high risk; Brazil not listed as low or high, i.e. 'standard' risk.",2025-05-22,https://eur-lex.europa.eu/eli/reg_impl/2025/1093/oj,EUR-Lex,2026-10-05,,high,fire_eudr
W44,"Abraceel study (via FGV Energia Apr 2026): free-market (ACL) energy prices rose sharply 2024-2026 - long-term contracts +59%, quarterly contracts +121%, driven by higher PLD; EPE sees ~10 GW flexibility (7 GW batteries, 3 GW demand response) by 2035.",2026-04-30,https://fgvenergia.fgv.br/sites/fgvenergia.fgv.br/files/informe_setor_eletrico_-_abr_-_2026_v2.pdf,"FGV Energia (citing Abraceel, EPE)",2026-10-05,,low,tariff_policy
