metric_id,metric_name,theme,metric_type,priority,source_id,source_name,source_url,dataset_id,normalized_table,grain,update_frequency,price,access_type,ingestion_complexity,derivation_inputs,formula_or_logic,notes
selic_target,Selic target rate,macro_policy,raw,v1,bcb_sgs,Banco Central do Brasil SGS / BCData,https://dadosabertos.bcb.gov.br/dataset/20542-saldo-da-carteira-de-credito-com-recursos-livres---total/resource/6e2b0c97-afab-4790-b8aa-b9542923cf88,bcb_sgs_series,fact_time_series,daily/meeting,daily or Copom meeting,free,api_json_csv,low,,,Policy anchor.
brl_usd,BRL/USD official exchange rate,market_repricing,raw,v1,bcb_sgs,Banco Central do Brasil SGS / BCData,https://dadosabertos.bcb.gov.br/dataset/20542-saldo-da-carteira-de-credito-com-recursos-livres---total/resource/6e2b0c97-afab-4790-b8aa-b9542923cf88,bcb_sgs_series,fact_time_series,daily,daily,free,api_json_csv,low,,,Can use BCB PTAX/Odata or SGS FX series.
ibc_br,IBC-Br monthly activity index,domestic_demand,raw,v1,bcb_sgs,Banco Central do Brasil SGS / BCData,https://dadosabertos.bcb.gov.br/dataset/20542-saldo-da-carteira-de-credito-com-recursos-livres---total/resource/6e2b0c97-afab-4790-b8aa-b9542923cf88,bcb_sgs_series,fact_time_series,monthly,monthly,free,api_json_csv,low,,,Monthly GDP/activity proxy.
credit_gdp,Credit to GDP,domestic_demand,raw,v1,bcb_sgs,Banco Central do Brasil SGS / BCData,https://dadosabertos.bcb.gov.br/dataset/20542-saldo-da-carteira-de-credito-com-recursos-livres---total/resource/6e2b0c97-afab-4790-b8aa-b9542923cf88,bcb_sgs_series,fact_time_series,monthly,monthly,free,api_json_csv,low,,,Leverage and credit cycle indicator.
household_credit_growth,Household credit growth,domestic_demand,raw,v1,bcb_sgs,Banco Central do Brasil SGS / BCData,https://dadosabertos.bcb.gov.br/dataset/20542-saldo-da-carteira-de-credito-com-recursos-livres---total/resource/6e2b0c97-afab-4790-b8aa-b9542923cf88,bcb_sgs_series,fact_time_series,monthly,monthly,free,api_json_csv,low,,,Demand impulse input.
corporate_credit_growth,Corporate credit growth,domestic_demand,raw,v1.5,bcb_sgs,Banco Central do Brasil SGS / BCData,https://dadosabertos.bcb.gov.br/dataset/20542-saldo-da-carteira-de-credito-com-recursos-livres---total/resource/6e2b0c97-afab-4790-b8aa-b9542923cf88,bcb_sgs_series,fact_time_series,monthly,monthly,free,api_json_csv,low,,,Corporate cycle / investment financing proxy.
household_debt_service_ratio,Household debt service ratio,domestic_demand,raw,v1,bcb_sgs,Banco Central do Brasil SGS / BCData,https://dadosabertos.bcb.gov.br/dataset/20542-saldo-da-carteira-de-credito-com-recursos-livres---total/resource/6e2b0c97-afab-4790-b8aa-b9542923cf88,bcb_sgs_series,fact_time_series,monthly,monthly,free,api_json_csv,low,,,Consumer stress / high-rate transmission.
delinquency_rate,Delinquency rate,domestic_demand,raw,v1,bcb_sgs,Banco Central do Brasil SGS / BCData,https://dadosabertos.bcb.gov.br/dataset/20542-saldo-da-carteira-de-credito-com-recursos-livres---total/resource/6e2b0c97-afab-4790-b8aa-b9542923cf88,bcb_sgs_series,fact_time_series,monthly,monthly,free,api_json_csv,low,,,Credit stress indicator. Split household/corporate if available.
gross_public_debt_gdp,Gross public debt / GDP,fiscal,raw,v1,bcb_sgs,Banco Central do Brasil SGS / BCData,https://dadosabertos.bcb.gov.br/dataset/20542-saldo-da-carteira-de-credito-com-recursos-livres---total/resource/6e2b0c97-afab-4790-b8aa-b9542923cf88,bcb_sgs_series,fact_time_series,monthly,monthly,free,api_json_csv,low,,,Core fiscal risk indicator.
net_public_debt_gdp,Net public debt / GDP,fiscal,raw,v1,bcb_sgs,Banco Central do Brasil SGS / BCData,https://dadosabertos.bcb.gov.br/dataset/20542-saldo-da-carteira-de-credito-com-recursos-livres---total/resource/6e2b0c97-afab-4790-b8aa-b9542923cf88,bcb_sgs_series,fact_time_series,monthly,monthly,free,api_json_csv,low,,,Fiscal risk indicator.
primary_balance_gdp,Primary balance / GDP,fiscal,raw,v1,bcb_sgs,Banco Central do Brasil SGS / BCData,https://dadosabertos.bcb.gov.br/dataset/20542-saldo-da-carteira-de-credito-com-recursos-livres---total/resource/6e2b0c97-afab-4790-b8aa-b9542923cf88,bcb_sgs_series,fact_time_series,monthly,monthly,free,api_json_csv,low,,,Fiscal stance.
nominal_deficit_gdp,Nominal deficit / GDP,fiscal,raw,v1,bcb_sgs,Banco Central do Brasil SGS / BCData,https://dadosabertos.bcb.gov.br/dataset/20542-saldo-da-carteira-de-credito-com-recursos-livres---total/resource/6e2b0c97-afab-4790-b8aa-b9542923cf88,bcb_sgs_series,fact_time_series,monthly,monthly,free,api_json_csv,low,,,Full fiscal stress including interest bill.
interest_bill_gdp,Interest bill / GDP,fiscal,raw,v1,bcb_sgs,Banco Central do Brasil SGS / BCData,https://dadosabertos.bcb.gov.br/dataset/20542-saldo-da-carteira-de-credito-com-recursos-livres---total/resource/6e2b0c97-afab-4790-b8aa-b9542923cf88,bcb_sgs_series,fact_time_series,monthly,monthly,free,api_json_csv,low,,,Key for Brazil because real rates are structurally high.
current_account_gdp,Current account / GDP,external_sector,raw,v1,bcb_sgs,Banco Central do Brasil SGS / BCData,https://dadosabertos.bcb.gov.br/dataset/20542-saldo-da-carteira-de-credito-com-recursos-livres---total/resource/6e2b0c97-afab-4790-b8aa-b9542923cf88,bcb_sgs_series,fact_time_series,monthly,monthly,free,api_json_csv,low,,,External balance.
current_account_components,Current account components,external_sector,raw,v1,bcb_sgs,Banco Central do Brasil SGS / BCData,https://dadosabertos.bcb.gov.br/dataset/20542-saldo-da-carteira-de-credito-com-recursos-livres---total/resource/6e2b0c97-afab-4790-b8aa-b9542923cf88,bcb_sgs_series,fact_time_series,monthly,monthly,free,api_json_csv,low,,,"Goods, services, income components; avoid relying only on trade surplus."
fdi_idp,Direct investment in the country (IDP / FDI),external_sector,raw,v1,bcb_sgs,Banco Central do Brasil SGS / BCData,https://dadosabertos.bcb.gov.br/dataset/20542-saldo-da-carteira-de-credito-com-recursos-livres---total/resource/6e2b0c97-afab-4790-b8aa-b9542923cf88,bcb_sgs_series,fact_time_series,monthly,monthly,free,api_json_csv,low,,,Quality of external financing.
fx_reserves,FX reserves,external_sector,raw,v1,bcb_sgs,Banco Central do Brasil SGS / BCData,https://dadosabertos.bcb.gov.br/dataset/20542-saldo-da-carteira-de-credito-com-recursos-livres---total/resource/6e2b0c97-afab-4790-b8aa-b9542923cf88,bcb_sgs_series,fact_time_series,daily/monthly,daily or monthly,free,api_json_csv,low,,,Crisis buffer.
niip_gdp,Net international investment position / GDP,external_sector,raw,v1.5,bcb_sgs,Banco Central do Brasil SGS / BCData,https://dadosabertos.bcb.gov.br/dataset/20542-saldo-da-carteira-de-credito-com-recursos-livres---total/resource/6e2b0c97-afab-4790-b8aa-b9542923cf88,bcb_sgs_series,fact_time_series,quarterly/annual,quarterly/annual,free,api_json_csv,low,,,"External balance sheet, not just flows."
focus_ipca_12m,Expected IPCA 12m,expectations,raw,v1,bcb_focus,Banco Central do Brasil Focus expectations,https://dadosabertos.bcb.gov.br/dataset/expectativas-mercado,bcb_focus_expectations,fact_time_series,weekly,weekly,free,api_odata_json,low,,,Input for real policy rate.
focus_selic_12m,Expected Selic 12m,expectations,raw,v1,bcb_focus,Banco Central do Brasil Focus expectations,https://dadosabertos.bcb.gov.br/dataset/expectativas-mercado,bcb_focus_expectations,fact_time_series,weekly,weekly,free,api_odata_json,low,,,Forward policy view.
focus_gdp_growth,Expected GDP growth,expectations,raw,v1,bcb_focus,Banco Central do Brasil Focus expectations,https://dadosabertos.bcb.gov.br/dataset/expectativas-mercado,bcb_focus_expectations,fact_time_series,weekly,weekly,free,api_odata_json,low,,,Input for r-g spread / fiscal sustainability.
focus_fx,Expected BRL/USD,expectations,raw,v1,bcb_focus,Banco Central do Brasil Focus expectations,https://dadosabertos.bcb.gov.br/dataset/expectativas-mercado,bcb_focus_expectations,fact_time_series,weekly,weekly,free,api_odata_json,low,,,Market FX expectation.
ipca_headline,IPCA headline inflation,inflation,raw,v1,ibge_sidra,IBGE SIDRA / APIs,https://servicodados.ibge.gov.br/api/docs/agregados?versao=3,ibge_sidra_macro,fact_time_series,monthly,monthly,free,api,medium,,,Official inflation.
ipca_services,IPCA services inflation,inflation,raw,v1,ibge_sidra,IBGE SIDRA / APIs,https://servicodados.ibge.gov.br/api/docs/agregados?versao=3,ibge_sidra_macro,fact_time_series,monthly,monthly,free,api,medium,,,Sticky inflation component.
ipca_administered_prices,IPCA administered prices,inflation,raw,v1,ibge_sidra,IBGE SIDRA / APIs,https://servicodados.ibge.gov.br/api/docs/agregados?versao=3,ibge_sidra_macro,fact_time_series,monthly,monthly,free,api,medium,,,Fuel/tariff/policy-sensitive inflation component.
inflation_diffusion,Inflation diffusion index,inflation,derived,v1.5,ibge_sidra,IBGE SIDRA / APIs,https://servicodados.ibge.gov.br/api/docs/agregados?versao=3,ibge_sidra_macro,fact_time_series,monthly,monthly,free,api,medium,IBGE IPCA item-level series,Share of IPCA components with positive monthly price change.,Requires component-level mapping.
gdp_real_growth,Real GDP growth,macro_activity,raw,v1,ibge_sidra,IBGE SIDRA / APIs,https://servicodados.ibge.gov.br/api/docs/agregados?versao=3,ibge_sidra_macro,fact_time_series,quarterly,quarterly,free,api,medium,,,Main activity measure.
gdp_by_sector,GDP by sector,macro_activity,raw,v1,ibge_sidra,IBGE SIDRA / APIs,https://servicodados.ibge.gov.br/api/docs/agregados?versao=3,ibge_sidra_macro,fact_time_series,quarterly,quarterly,free,api,medium,,,Agriculture / industry / services growth split.
gfcf,Gross fixed capital formation,investment_productivity,raw,v1,ibge_sidra,IBGE SIDRA / APIs,https://servicodados.ibge.gov.br/api/docs/agregados?versao=3,ibge_sidra_macro,fact_time_series,quarterly,quarterly,free,api,medium,,,Investment cycle.
investment_rate_gdp,Investment rate / GDP,investment_productivity,raw_or_derived,v1,ibge_sidra,IBGE SIDRA / APIs,https://servicodados.ibge.gov.br/api/docs/agregados?versao=3,ibge_sidra_macro,fact_time_series,quarterly,quarterly,free,api,medium,"IBGE GDP, GFCF",GFCF / GDP.,Key growth-ceiling metric.
unemployment_rate,Unemployment rate,labor,raw,v1,ibge_sidra,IBGE SIDRA / APIs,https://servicodados.ibge.gov.br/api/docs/agregados?versao=3,ibge_sidra_macro,fact_time_series,monthly/quarterly,monthly/quarterly,free,api,medium,,,Labor slack.
labor_participation_rate,Labor-force participation rate,labor,raw,v1,ibge_sidra,IBGE SIDRA / APIs,https://servicodados.ibge.gov.br/api/docs/agregados?versao=3,ibge_sidra_macro,fact_time_series,monthly/quarterly,monthly/quarterly,free,api,medium,,,Labor market quality.
real_average_income,Real average labor income,labor,raw,v1,ibge_sidra,IBGE SIDRA / APIs,https://servicodados.ibge.gov.br/api/docs/agregados?versao=3,ibge_sidra_macro,fact_time_series,monthly/quarterly,monthly/quarterly,free,api,medium,,,Household purchasing power.
real_wage_bill,Real wage bill,labor,derived,v1,ibge_sidra,IBGE SIDRA / APIs,https://servicodados.ibge.gov.br/api/docs/agregados?versao=3,ibge_sidra_macro,fact_time_series,monthly/quarterly,monthly/quarterly,free,api,medium,"IBGE employment, real income",Employed population * real average income.,Better demand indicator than unemployment alone.
fertility_rate,Fertility rate,demography,raw,v1,ibge_sidra,IBGE SIDRA / APIs,https://servicodados.ibge.gov.br/api/docs/agregados?versao=3,ibge_sidra_macro,fact_time_series,annual,annual/structural,free,api,medium,,,Demographic window indicator.
working_age_share,Working-age population share,demography,raw,v1,ibge_sidra,IBGE SIDRA / APIs,https://servicodados.ibge.gov.br/api/docs/agregados?versao=3,ibge_sidra_macro,fact_time_series,annual,annual/structural,free,api,medium,,,Growth ceiling / aging.
dependency_ratio,Dependency ratio,demography,raw_or_derived,v1,ibge_sidra,IBGE SIDRA / APIs,https://servicodados.ibge.gov.br/api/docs/agregados?versao=3,ibge_sidra_macro,fact_time_series,annual,annual/structural,free,api,medium,IBGE population by age,Dependents / working-age population.,Fiscal pressure from aging.
median_age,Median age,demography,raw,v1,ibge_sidra,IBGE SIDRA / APIs,https://servicodados.ibge.gov.br/api/docs/agregados?versao=3,ibge_sidra_macro,fact_time_series,annual,annual/structural,free,api,medium,,,Aging indicator.
labor_productivity_proxy,Labor productivity proxy,investment_productivity,derived,v1.5,ibge_sidra,IBGE SIDRA / APIs,https://servicodados.ibge.gov.br/api/docs/agregados?versao=3,ibge_sidra_macro,fact_time_series,quarterly/annual,quarterly/annual,free,api,medium,"IBGE GDP, employment",Real GDP / employed population.,"Approximation, not full TFP."
trade_balance,Trade balance,external_trade,raw_or_derived,v1,comexstat,Comex Stat / MDIC,https://api-comexstat.mdic.gov.br/docs,comexstat_trade,fact_trade_monthly,monthly,monthly,free,api_csv,medium,,Exports - imports.,Hard-currency flow.
exports_total,Total exports,external_trade,raw,v1,comexstat,Comex Stat / MDIC,https://api-comexstat.mdic.gov.br/docs,comexstat_trade,fact_trade_monthly,monthly,monthly,free,api_csv,medium,,,Export engine.
imports_total,Total imports,external_trade,raw,v1,comexstat,Comex Stat / MDIC,https://api-comexstat.mdic.gov.br/docs,comexstat_trade,fact_trade_monthly,monthly,monthly,free,api_csv,medium,,,Domestic demand and input dependency.
exports_by_product,Exports by product group,external_trade,raw_grouping,v1,comexstat,Comex Stat / MDIC,https://api-comexstat.mdic.gov.br/docs,comexstat_trade,fact_trade_monthly,monthly,monthly,free,api_csv,medium,NCM/product codes,Aggregate NCM codes into product groups.,"Store NCM/product codes, not only names."
exports_by_destination,Exports by destination,external_trade,raw_grouping,v1,comexstat,Comex Stat / MDIC,https://api-comexstat.mdic.gov.br/docs,comexstat_trade,fact_trade_monthly,monthly,monthly,free,api_csv,medium,destination country,Aggregate exports by country/region.,China/US/EU/Mercosur/Middle East.
soy_exports,Soy exports,agriculture_trade,raw_grouping,v1,comexstat,Comex Stat / MDIC,https://api-comexstat.mdic.gov.br/docs,comexstat_trade,fact_trade_monthly,monthly,monthly,free,api_csv,medium,NCM codes,,Core agri export.
oil_exports,Oil exports,energy_trade,raw_grouping,v1,comexstat,Comex Stat / MDIC,https://api-comexstat.mdic.gov.br/docs,comexstat_trade,fact_trade_monthly,monthly,monthly,free,api_csv,medium,NCM codes,,Pre-salt monetization / China demand.
iron_ore_exports,Iron ore exports,minerals_trade,raw_grouping,v1,comexstat,Comex Stat / MDIC,https://api-comexstat.mdic.gov.br/docs,comexstat_trade,fact_trade_monthly,monthly,monthly,free,api_csv,medium,NCM codes,,Core minerals hard-currency flow.
beef_exports,Beef exports,agriculture_trade,raw_grouping,v1,comexstat,Comex Stat / MDIC,https://api-comexstat.mdic.gov.br/docs,comexstat_trade,fact_trade_monthly,monthly,monthly,free,api_csv,medium,NCM codes,,Protein export engine.
sugar_exports,Sugar exports,agriculture_trade,raw_grouping,v1,comexstat,Comex Stat / MDIC,https://api-comexstat.mdic.gov.br/docs,comexstat_trade,fact_trade_monthly,monthly,monthly,free,api_csv,medium,NCM codes,,Agri + bioenergy link.
coffee_exports,Coffee exports,agriculture_trade,raw_grouping,v1,comexstat,Comex Stat / MDIC,https://api-comexstat.mdic.gov.br/docs,comexstat_trade,fact_trade_monthly,monthly,monthly,free,api_csv,medium,NCM codes,,Agri export concentration.
fertilizer_imports,Fertilizer imports,agriculture_risk,raw_grouping,v1,comexstat,Comex Stat / MDIC,https://api-comexstat.mdic.gov.br/docs,comexstat_trade,fact_trade_monthly,monthly,monthly,free,api_csv,medium,NCM codes,,Hidden vulnerability in agri thesis.
potash_import_dependency_proxy,Potash import dependency proxy,agriculture_risk,derived,v1,comexstat,Comex Stat / MDIC,https://api-comexstat.mdic.gov.br/docs,comexstat_trade,fact_trade_monthly,monthly,monthly,free,api_csv,medium,ComexStat potash/fertilizer import groupings,Potash-related imports as share of fertilizer imports or agri export proxy.,Requires exact NCM mapping.
lithium_exports,Lithium exports,minerals_trade,raw_grouping,v1,comexstat,Comex Stat / MDIC,https://api-comexstat.mdic.gov.br/docs,comexstat_trade,fact_trade_monthly,monthly,monthly,free,api_csv,medium,NCM codes,,Transition-minerals signal.
niobium_exports,Niobium exports,minerals_trade,raw_grouping,v1,comexstat,Comex Stat / MDIC,https://api-comexstat.mdic.gov.br/docs,comexstat_trade,fact_trade_monthly,monthly,monthly,free,api_csv,medium,NCM codes,,Strategic mineral signal.
rare_earth_exports,Rare-earth exports,minerals_trade,raw_grouping,v1.5,comexstat,Comex Stat / MDIC,https://api-comexstat.mdic.gov.br/docs,comexstat_trade,fact_trade_monthly,monthly,monthly,free,api_csv,medium,NCM codes,,Potentially noisy; validate codes.
export_concentration_index,Export concentration index,external_trade,derived,v1,comexstat,Comex Stat / MDIC,https://api-comexstat.mdic.gov.br/docs,comexstat_trade,fact_trade_monthly,monthly,monthly,free,api_csv,medium,fact_trade_monthly,Top 5 product groups / total exports.,Commodity concentration risk.
arco_norte_export_share,Arco Norte export share,agriculture_logistics,derived,v1.5,comexstat,Comex Stat / MDIC,https://api-comexstat.mdic.gov.br/docs,comexstat_trade,fact_trade_monthly,monthly/quarterly,monthly/quarterly,free,api_csv,medium,ComexStat port/state/route fields if sufficient,Northern port export volume/value share for target crops.,Requires port/route mapping validation.
electricity_generation_by_source,Electricity generation by source,energy_water,raw_grouping,v1,ons_open_data,ONS Dados Abertos,https://dados.ons.org.br/,ons_energy,fact_energy_daily,daily/monthly,daily/monthly,free,csv_json_parquet,medium,,,Clean-grid story.
hydro_generation_share,Hydro generation share,energy_water,derived,v1,ons_open_data,ONS Dados Abertos,https://dados.ons.org.br/,ons_energy,fact_energy_daily,daily/monthly,daily/monthly,free,csv_json_parquet,medium,ONS generation by source,Hydro generation / total generation.,Hydro dependence.
wind_solar_generation_share,Wind + solar generation share,energy_water,derived,v1,ons_open_data,ONS Dados Abertos,https://dados.ons.org.br/,ons_energy,fact_energy_daily,daily/monthly,daily/monthly,free,csv_json_parquet,medium,ONS generation by source,(Wind + solar generation) / total generation.,Diversification away from hydro.
thermal_generation_share,Thermal generation share,energy_water,derived,v1,ons_open_data,ONS Dados Abertos,https://dados.ons.org.br/,ons_energy,fact_energy_daily,daily/monthly,daily/monthly,free,csv_json_parquet,medium,ONS generation by source,Thermal generation / total generation.,Stress/cost indicator.
stored_energy_ear,Stored energy / EAR,energy_water,raw,v1,ons_open_data,ONS Dados Abertos,https://dados.ons.org.br/dataset/ear-diario-por-reservatorio,ons_energy,fact_energy_daily,daily,daily,free,csv_json_parquet,medium,,,Reservoir stress by subsystem/reservoir.
thermal_dispatch_mwh,Thermal dispatch,energy_water,raw,v1,ons_open_data,ONS Dados Abertos,https://dados.ons.org.br/,ons_energy,fact_energy_daily,daily/monthly,daily/monthly,free,csv_json_parquet,medium,,,Power-system stress and inflation risk.
hydro_stress_index,Hydro stress index,energy_water,derived,v1,ons_open_data,ONS Dados Abertos,https://dados.ons.org.br/,ons_energy,fact_energy_daily,daily,daily,free,csv_json_parquet,medium,"stored_energy_ear, thermal_dispatch_mwh",Weighted score: low EAR + high thermal dispatch.,Custom stress metric.
electricity_load,Electricity load,energy_water,raw,v1.5,ons_open_data,ONS Dados Abertos,https://dados.ons.org.br/,ons_energy,fact_energy_daily,daily/hourly,daily/hourly,free,csv_json_parquet,medium,,,Activity and power demand proxy.
cmo_power_cost,CMO / marginal operation cost,energy_water,raw,v1.5,ons_open_data,ONS Dados Abertos,https://dados.ons.org.br/,ons_energy,fact_energy_daily,daily/weekly,daily/weekly,free,csv_json_parquet,medium,,,Cost stress if dataset is stable.
oil_production,Oil production,oil_gas,raw,v1,anp_oil_gas,ANP oil and gas production bulletin,https://www.gov.br/anp/pt-br/centrais-de-conteudo/publicacoes/boletins-anp/boletim-mensal-da-producao-de-petroleo-e-gas-natural,anp_oil_gas,fact_oil_gas_monthly,monthly,monthly,free_but_annoying,excel_csv_bi_reports,medium_high,,,Pre-salt upside and hard-asset thesis.
gas_production,Gas production,oil_gas,raw,v1,anp_oil_gas,ANP oil and gas production bulletin,https://www.gov.br/anp/pt-br/centrais-de-conteudo/publicacoes/boletins-anp/boletim-mensal-da-producao-de-petroleo-e-gas-natural,anp_oil_gas,fact_oil_gas_monthly,monthly,monthly,free_but_annoying,excel_csv_bi_reports,medium_high,,,Energy security / associated gas.
presalt_share,Pre-salt production share,oil_gas,derived,v1,anp_oil_gas,ANP oil and gas production bulletin,https://www.gov.br/anp/pt-br/centrais-de-conteudo/publicacoes/boletins-anp/boletim-mensal-da-producao-de-petroleo-e-gas-natural,anp_oil_gas,fact_oil_gas_monthly,monthly,monthly,free_but_annoying,excel_csv_bi_reports,medium_high,ANP production by field/basin/presalt flag,Pre-salt oil and gas production / total production.,Quality of oil growth.
oil_production_yoy,Oil production YoY growth,oil_gas,derived,v1,anp_oil_gas,ANP oil and gas production bulletin,https://www.gov.br/anp/pt-br/centrais-de-conteudo/publicacoes/boletins-anp/boletim-mensal-da-producao-de-petroleo-e-gas-natural,anp_oil_gas,fact_oil_gas_monthly,monthly,monthly,free_but_annoying,excel_csv_bi_reports,medium_high,oil_production,Current month production / same month previous year - 1.,Momentum.
grain_harvest_total,Total grain harvest,agriculture_production,raw,v1,conab_grains,Conab grain harvest data,https://www.gov.br/conab/pt-br/atuacao/informacoes-agropecuarias/safras/safra-de-graos,conab_grains,fact_agri_crop,crop_year/estimate_round,monthly/crop_cycle,free_but_annoying,portal_files_reports,medium_high,,,Core agriculture output.
soy_production,Soy production,agriculture_production,raw,v1,conab_grains,Conab grain harvest data,https://www.gov.br/conab/pt-br/atuacao/informacoes-agropecuarias/safras/safra-de-graos,conab_grains,fact_agri_crop,crop_year/estimate_round,monthly/crop_cycle,free_but_annoying,portal_files_reports,medium_high,,,Core export engine.
corn_production,Corn production,agriculture_production,raw,v1,conab_grains,Conab grain harvest data,https://www.gov.br/conab/pt-br/atuacao/informacoes-agropecuarias/safras/safra-de-graos,conab_grains,fact_agri_crop,crop_year/estimate_round,monthly/crop_cycle,free_but_annoying,portal_files_reports,medium_high,,,Food/feed/ethanol link.
cotton_production,Cotton production,agriculture_production,raw,v1,conab_grains,Conab grain harvest data,https://www.gov.br/conab/pt-br/atuacao/informacoes-agropecuarias/safras/safra-de-graos,conab_grains,fact_agri_crop,crop_year/estimate_round,monthly/crop_cycle,free_but_annoying,portal_files_reports,medium_high,,,Export diversification.
planted_area,Planted area,agriculture_production,raw,v1,conab_grains,Conab grain harvest data,https://www.gov.br/conab/pt-br/atuacao/informacoes-agropecuarias/safras/safra-de-graos,conab_grains,fact_agri_crop,crop_year/estimate_round,monthly/crop_cycle,free_but_annoying,portal_files_reports,medium_high,,,Expansion / land-use pressure.
crop_yield,Crop yield / productivity,agriculture_production,raw_or_derived,v1,conab_grains,Conab grain harvest data,https://www.gov.br/conab/pt-br/atuacao/informacoes-agropecuarias/safras/safra-de-graos,conab_grains,fact_agri_crop,crop_year/estimate_round,monthly/crop_cycle,free_but_annoying,portal_files_reports,medium_high,"production, planted_area","Production / planted area, if not directly available.",Structural improvement indicator.
grain_production_growth,Grain production growth,agriculture_production,derived,v1,conab_grains,Conab grain harvest data,https://www.gov.br/conab/pt-br/atuacao/informacoes-agropecuarias/safras/safra-de-graos,conab_grains,fact_agri_crop,crop_year/estimate_round,monthly/crop_cycle,free_but_annoying,portal_files_reports,medium_high,grain_harvest_total,Current estimate vs prior year / prior estimate.,Harvest momentum.
amazon_deforestation,Amazon deforestation,environment_risk,raw,v1,inpe_terrabrasilis,INPE TerraBrasilis / PRODES / DETER,https://terrabrasilis.dpi.inpe.br/download-de-dados/,inpe_deforestation,fact_environment,monthly/annual,monthly/annual,free_geospatial_heavy,download_wfs_geospatial,high,,,Water/endowment risk.
cerrado_deforestation,Cerrado deforestation,environment_risk,raw,v1,inpe_terrabrasilis,INPE TerraBrasilis / PRODES / DETER,https://terrabrasilis.dpi.inpe.br/download-de-dados/,inpe_deforestation,fact_environment,monthly/annual,monthly/annual,free_geospatial_heavy,download_wfs_geospatial,high,,,Agri frontier / rainfall risk.
deter_alerts_amazon,DETER alerts - Amazon,environment_risk,raw,v1.5,inpe_terrabrasilis,INPE TerraBrasilis / PRODES / DETER,https://terrabrasilis.dpi.inpe.br/download-de-dados/,inpe_deforestation,fact_environment,monthly,monthly,free_geospatial_heavy,download_wfs_geospatial,high,,,"Early warning, not final deforestation."
deter_alerts_cerrado,DETER alerts - Cerrado,environment_risk,raw,v1.5,inpe_terrabrasilis,INPE TerraBrasilis / PRODES / DETER,https://terrabrasilis.dpi.inpe.br/download-de-dados/,inpe_deforestation,fact_environment,monthly,monthly,free_geospatial_heavy,download_wfs_geospatial,high,,,"Early warning, not final deforestation."
endowment_risk_score,Endowment risk score,environment_risk,derived,v1.5,inpe_terrabrasilis,INPE TerraBrasilis / PRODES / DETER,https://terrabrasilis.dpi.inpe.br/download-de-dados/,inpe_deforestation,fact_environment,monthly,monthly,free_geospatial_heavy,download_wfs_geospatial,high,"amazon_deforestation, cerrado_deforestation, hydro_stress_index",Composite: deforestation trend + drought/hydro stress.,Keep transparent; do not overfit.
renewable_share_total_energy_matrix,Renewable share of total energy matrix,structural_energy,raw,v1,epe_ben,EPE Balanço Energético Nacional,https://www.epe.gov.br/pt/publicacoes-dados-abertos/publicacoes/balanco-energetico-nacional-ben,epe_energy_balance,fact_time_series,annual,annual,free_annual,interactive_download_xlsx_pdf,medium,,,"Structural context, not live."
renewable_share_electricity_matrix,Renewable share of electricity matrix,structural_energy,raw,v1,epe_ben,EPE Balanço Energético Nacional,https://www.epe.gov.br/pt/publicacoes-dados-abertos/publicacoes/balanco-energetico-nacional-ben,epe_energy_balance,fact_time_series,annual,annual,free_annual,interactive_download_xlsx_pdf,medium,,,Structural clean-grid context.
energy_supply_by_source,Energy supply by source,structural_energy,raw,v1,epe_ben,EPE Balanço Energético Nacional,https://www.epe.gov.br/pt/publicacoes-dados-abertos/publicacoes/balanco-energetico-nacional-ben,epe_energy_balance,fact_time_series,annual,annual,free_annual,interactive_download_xlsx_pdf,medium,,,Long-term energy mix.
energy_consumption_by_sector,Energy consumption by sector,structural_energy,raw,v1.5,epe_ben,EPE Balanço Energético Nacional,https://www.epe.gov.br/pt/publicacoes-dados-abertos/publicacoes/balanco-energetico-nacional-ben,epe_energy_balance,fact_time_series,annual,annual,free_annual,interactive_download_xlsx_pdf,medium,,,Industry/transport/residential energy demand.
niobium_global_reserves_share,Brazil share of global niobium reserves/production,minerals_structural,raw_or_derived,v1,usgs_mcs,USGS Mineral Commodity Summaries,https://pubs.usgs.gov/periodicals/mcs2026/mcs2026.pdf,usgs_minerals,fact_time_series,annual,annual,free_annual,pdf_xlsx_manual_parse,low_medium,,,Strategic mineral context.
rare_earth_global_reserves_share,Brazil share of global rare-earth reserves,minerals_structural,raw_or_derived,v1.5,usgs_mcs,USGS Mineral Commodity Summaries,https://pubs.usgs.gov/periodicals/mcs2026/mcs2026.pdf,usgs_minerals,fact_time_series,annual,annual,free_annual,pdf_xlsx_manual_parse,low_medium,,,Strategic mineral context.
lithium_global_reserves_share,Brazil share of global lithium reserves/production,minerals_structural,raw_or_derived,v1.5,usgs_mcs,USGS Mineral Commodity Summaries,https://pubs.usgs.gov/periodicals/mcs2026/mcs2026.pdf,usgs_minerals,fact_time_series,annual,annual,free_annual,pdf_xlsx_manual_parse,low_medium,,,Transition mineral context.
iron_ore_global_context,Brazil iron ore global production/reserve context,minerals_structural,raw_or_derived,v1.5,usgs_mcs,USGS Mineral Commodity Summaries,https://pubs.usgs.gov/periodicals/mcs2026/mcs2026.pdf,usgs_minerals,fact_time_series,annual,annual,free_annual,pdf_xlsx_manual_parse,low_medium,,,Global context around iron ore.
embi_brazil,EMBI+ Brazil risk proxy,market_repricing,raw,v1.5,ipeadata,Ipeadata,https://www.ipeadata.gov.br/ExibeSerie.aspx?module=M&serid=40940,ipeadata_macro,fact_time_series,daily,daily if current,free,api_web,medium,,,Use as open substitute for CDS; always validate last_available_date.
ibovespa_level,Ibovespa level,market_repricing,raw,v1,b3_quotes,B3 historical quotes,https://www.b3.com.br/pt_br/market-data-e-indices/servicos-de-dados/market-data/historico/mercado-a-vista/cotacoes-historicas/,b3_quotes,fact_time_series,daily,daily,free_but_annoying,files_portal,medium,,,Needed for local equity repricing.
ibovespa_usd,Ibovespa in USD,market_repricing,derived,v1,b3_quotes+bcb_sgs,B3 + BCB,https://www.b3.com.br/pt_br/market-data-e-indices/servicos-de-dados/market-data/historico/mercado-a-vista/cotacoes-historicas/,b3_quotes+bcb_sgs_series,fact_time_series,daily,daily,free_but_annoying,files_portal+api,medium,"ibovespa_level, brl_usd",Ibovespa BRL level converted by BRL/USD.,Better than BRL-only return for foreign investor view.
foreign_investor_flow_b3,Foreign investor flow into B3,market_repricing,raw,v1.5,b3_market,B3 market data,https://www.b3.com.br/pt_br/market-data-e-indices/servicos-de-dados/market-data/consultas/mercado-a-vista/dados-de-mercado/,b3_market_data,fact_time_series,daily/monthly,monthly or daily if available,free_or_vendor_dependent,spreadsheets_portal,medium_high,,,Useful but adapter-dependent.
equity_fund_flow,Equity fund subscriptions/redemptions,capital_markets,raw,v1.5,cvm_funds,CVM Dados Abertos,https://dados.cvm.gov.br/dataset/fi-doc-inf_diario,cvm_fund_daily,fact_time_series,daily,daily/monthly aggregation,free,zip_csv,medium,,,Domestic allocation into equities if mapped carefully.
debenture_issuance,Debenture issuance,capital_markets,raw,later,anbima,ANBIMA Data,https://data.anbima.com.br/datasets,anbima_capital_markets,fact_time_series,monthly,monthly,mixed_restricted,api_portal,medium_high,,,Capital-market deepening; access may require credentials.
fixed_income_aum,Fixed-income fund AUM,capital_markets,raw,v1.5,cvm_funds,CVM Dados Abertos,https://dados.cvm.gov.br/dataset/fi-doc-inf_diario,cvm_fund_daily,fact_time_series,daily/monthly,daily/monthly,free,zip_csv,medium,,,Compare with equity fund AUM to track allocation shift.
cds_5y_brazil,Brazil 5Y CDS,market_repricing,raw,later,spglobal_cds,S&P Global / Bloomberg / Refinitiv,https://www.spglobal.com/market-intelligence/en/solutions/products/pricing-data-cds,paid_market_data,fact_time_series,daily,daily,paid,vendor_contract,low_after_contract,,,Not v1; paid professional data.
pe_vs_em_latam,Brazil P/E vs EM / LatAm,market_repricing,raw,later,msci_factset_bloomberg,MSCI / FactSet / Bloomberg,,paid_market_data,fact_time_series,monthly,monthly,paid_or_limited_free,vendor_contract,medium,,,Not v1; useful pro-layer valuation metric.
real_policy_rate,Real policy rate,derived_macro,derived,v1,derived,Derived from BCB SGS + Focus,,derived_metrics,metric_derived,weekly,weekly,free,derived,low,"selic_target, focus_ipca_12m",Selic target - expected IPCA 12m.,Carry and growth drag.
r_g_spread,r-g spread,derived_fiscal,derived,v1,derived,Derived from BCB + IBGE + Focus,,derived_metrics,metric_derived,monthly/quarterly,monthly/quarterly,free,derived,medium,"real_policy_rate, real GDP growth or Focus GDP",Real interest rate - real GDP growth.,Core debt dynamics.
debt_stabilizing_primary_surplus_gap,Debt-stabilizing primary surplus gap,derived_fiscal,derived,v1,derived,Derived from BCB + IBGE + Focus,,derived_metrics,metric_derived,monthly/quarterly,monthly/quarterly,free,derived,medium,"gross_public_debt_gdp, r_g_spread, primary_balance_gdp",Required primary surplus ≈ debt/GDP * (real rate - real GDP growth); gap = required - actual.,Most important fiscal sustainability metric.
fdi_coverage_current_account_deficit,FDI coverage of current account deficit,derived_external,derived,v1,derived,Derived from BCB external-sector series,,derived_metrics,metric_derived,monthly,monthly,free,derived,low,"fdi_idp, current_account_gdp or current account USD","FDI / abs(current account deficit), when current account is negative.",Quality of external financing.
credit_impulse,Credit impulse,derived_demand,derived,v1.5,derived,Derived from BCB credit series,,derived_metrics,metric_derived,monthly,monthly,free,derived,medium,credit_gdp or credit growth,"Change in credit growth / GDP, or change in credit/GDP growth rate.",Turning point for domestic demand.
fertilizer_dependency_index,Fertilizer dependency index,derived_agriculture,derived,v1,derived,Derived from ComexStat + Conab,,derived_metrics,metric_derived,monthly/crop,monthly/crop,free,derived,medium,"fertilizer_imports, grain_harvest_total or agri exports",Fertilizer imports relative to agri output/export proxy.,Agri vulnerability.
investment_rate_gap,Investment rate gap,derived_productivity,derived,v1,derived,Derived from IBGE investment rate,,derived_metrics,metric_derived,quarterly,quarterly,free,derived,low,investment_rate_gdp,"Target investment rate minus current investment rate. Target can be parameterized, e.g. 20%.",Tracks whether Brazil is investing enough to rerate.
vehicle_sales,Vehicle sales,domestic_demand,raw,hold,fenabrave,Fenabrave,,fenabrave_vehicle_sales,fact_time_series,monthly,monthly,not_reviewed,not_allocated,unknown,,,"Useful demand proxy, but source quality not reviewed in this scope."
vehicle_production,Vehicle production,domestic_demand,raw,hold,anfavea,Anfavea,,anfavea_vehicle_production,fact_time_series,monthly,monthly,not_reviewed,not_allocated,unknown,,,"Useful industry proxy, but source quality not reviewed in this scope."
farmland_prices_usd,Farmland prices in USD,agriculture_assets,raw,later,private_fragmented,Private / fragmented sources,,manual_or_private,fact_time_series,annual,annual,paid_or_fragmented,manual,high,,,Not v1; data too fragmented.
sovereign_fund_deal_flow,Sovereign wealth fund / strategic deal flow,capital_allocation,event,later,manual_news,Manual verified news/events,,manual_events,fact_events,event-based,event-based,free_manual_or_paid,manual,high,,,"Narrative evidence, not time-series core."
critical_mineral_policy_events,Critical mineral policy events,policy_events,event,later,manual_news,Manual verified news/events,,manual_events,fact_events,event-based,event-based,free_manual_or_paid,manual,high,,,"Keep as claim/event layer, not core metric."
family_office_brazil_allocation,US family-office allocation to Brazil/EM,capital_allocation,report_based,later,ubs_preqin_pitchbook,UBS / Preqin / PitchBook reports,,report_based,fact_manual,annual/ad hoc,annual/ad hoc,paid_or_report_based,manual,high,,,Not live dashboard-grade data.
