start,end,president,party,lean,note
1985-03-15,1990-03-15,José Sarney,PMDB,centre,First civilian president after the military regime (indirect election)
1990-03-15,1992-12-29,Fernando Collor,PRN,right,Directly elected 1989; resigned during impeachment trial
1992-12-29,1995-01-01,Itamar Franco,no party / PMDB,centre,Vice-president who completed Collor's term; Real Plan launched 1994
1995-01-01,2003-01-01,Fernando Henrique Cardoso,PSDB,centre-right,Two terms (re-election allowed from 1997)
2003-01-01,2011-01-01,Luiz Inácio Lula da Silva,PT,left,Two terms
2011-01-01,2016-05-12,Dilma Rousseff,PT,left,Re-elected 2014; suspended 12 May 2016 and removed 31 Aug 2016
2016-05-12,2019-01-01,Michel Temer,MDB,centre-right,Acting from 12 May 2016; president from 31 Aug 2016
2019-01-01,2023-01-01,Jair Bolsonaro,PSL / PL,right,One term
2023-01-01,2027-01-01,Luiz Inácio Lula da Silva,PT,left,Third term; general election 4 Oct 2026 (run-off 25 Oct)
