date,event,kind
1986-02-28,Cruzado Plan: price freeze and new currency,economic
1988-10-05,New Constitution promulgated,political
1989-12-17,First direct presidential election since 1960 (Collor wins run-off),election
1990-03-16,Collor Plan: bank-account freeze,economic
1992-09-29,Chamber of Deputies votes to impeach Collor,political
1994-07-01,Real Plan: the real becomes the currency,economic
1994-10-03,Election: Cardoso wins in the first round,election
1998-10-04,Election: Cardoso re-elected,election
1999-01-15,Real floated; inflation targeting adopted in June 1999,economic
2000-05-04,Fiscal Responsibility Law,economic
2002-10-27,Election: Lula wins run-off,election
2005-06-06,Mensalão vote-buying scandal breaks,political
2006-10-29,Election: Lula re-elected,election
2007-11-08,Tupi discovery announced: start of the pre-salt era,economic
2008-09-15,Lehman Brothers collapse: global financial crisis,economic
2010-10-31,Election: Dilma Rousseff wins run-off,election
2013-06-06,June 2013 street protests,political
2014-03-17,Operation Car Wash (Lava Jato) begins,political
2014-10-26,Election: Rousseff re-elected,election
2016-04-17,Chamber of Deputies votes to impeach Rousseff,political
2016-08-31,Senate removes Rousseff; Temer sworn in,political
2016-12-15,Spending-cap amendment (teto de gastos) enacted,economic
2017-07-13,Labour reform signed,economic
2018-05-21,Truckers' strike,political
2018-10-28,Election: Bolsonaro wins run-off,election
2019-11-12,Pension reform enacted,economic
2020-03-11,WHO declares COVID-19 a pandemic,economic
2021-02-24,Central bank autonomy law signed,economic
2022-10-30,Election: Lula wins run-off,election
2023-01-08,Attack on the Three Powers buildings in Brasília,political
2023-08-31,New fiscal framework (arcabouço fiscal) enacted,economic
2023-12-20,Consumption-tax reform amendment promulgated,economic
2025-08-06,US 50% tariff on Brazilian goods takes effect,economic
2026-10-04,General election: first round,election
