claim_id,area,pillar,claim,status,statistic,threshold,verdict,thesis_dir,thesis_score,series_ids,last_dates,note
E1,Energy,physical,Oil production rising (pre-salt),T,trend 5.1%/yr 2000-10 vs 4.1%/yr 2011-25; net energy imports 23.6% (2000) -> -13.7% (2023),post-2010 trend > 0 and net imports < 0,Supported,pro,1.0,oil_production;wb/EG.IMP.CONS.ZS.BR,2026-07-01;2023-12-31,
E2,Energy,physical,One of the cleanest grids,P,renewable electricity 84.7% (2010) -> 77.4% (2021); WS share 2025 cited in E4,>= 75% and not falling,Partial,pro,0.5,wb/EG.ELC.RNEW.ZS.BR,2021-12-31,Level true; series stale (2021) -> Partial; 'one of the cleanest' ranking needs peers (untestable)
E3a,Energy,physical,Hydro is core but fragile (drought -> power cost),T,CMO 3.47x higher in months with EAR<40%; drought years 2015/2017/2021 mean CMO 482 vs 156 R$/MWh,CMO ratio > 2x in low-EAR months,Supported,con,0.0,stored_energy_ear;cmo_power_cost;wb/EG.ELC.HYRO.ZS.BR,2026-10-02;2026-10-02;2024-12-31,
E3b,Energy,physical,2021 drought worst in 91 years,P,national EAR 2021 min 23.6% ranks #6 lowest of 12 years (2015-2026); 2017 min 17.8%,2021 in top-2 stress years,Partial,con,0.5,stored_energy_ear;cmo_power_cost,2026-10-02;2026-10-02,"'91 years' refers to SE/CO inflows, not in warehouse; on national EAR and CMO, 2021 is not the sample extreme"
E4,Energy,physical,Wind+solar now significant; diversification makes the thesis sturdier,T,WS share 2025 29.8%; EAR->logCMO slope 2015-21 -0.065 vs 2022-26 -0.087,share >= 20% and EAR->CMO sensitivity smaller in 2022-26,Partial,pro,0.5,wind_solar_generation_share;stored_energy_ear;cmo_power_cost,2026-10-01;2026-10-02;2026-10-02,log slope did not shrink (CMO ~0 floor in 2022-23); levels slope fell ~2/3 but confounded by full reservoirs since 2022
E5,Energy,physical,Cane ethanol E30 / flex-fuel,U,,,Untestable,pro,,wb/EG.USE.CRNW.ZS.BR,2024-12-31,no ethanol series; proxy combustible renewables % energy only
E6,Energy,physical,Caatinga solar,U,,,Untestable,pro,,,,no regional data
E7,Energy,physical,EU CBAM favours Brazilian charcoal / clean steel,U,,,Untestable,pro,,exports_to_eu,2026-08-01,no steel/charcoal series
W1,Water,physical,Huge freshwater; withdrawals far below renewal,T,withdrawals 1.20% of internal resources (2022); slope +0.010 pts/yr,< 5% and flat,Supported,pro,1.0,wb/ER.H2O.FWTL.ZS.BR,2022-12-31,
W2,Water,physical,Contrast with Ogallala / North China Plain / Punjab,U,,,Untestable,pro,,,,no peer data
A1,Agro,physical,Grain output 47 Mt (1977) -> 354 Mt with far smaller area growth,T,"cereals 31 -> 139 Mt; yield share of output growth 115% (1977-2010), 35% (2010-24), 82% (1977-2024)",yield share > 50% in both windows,Partial,pro,0.5,wb/AG.PRD.CREL.MT.BR;wb/AG.LND.CREL.HA.BR;wb/AG.YLD.CREL.KG.BR,2024-12-31;2024-12-31;2024-12-31,WB cereals only (soy excluded); the 47->354 Mt CONAB 'grãos' levels are not in the warehouse; post-2010 growth is mostly AREA (second-crop corn)
A2,Agro,physical,"#1 exporter of soy, beef, sugar, coffee, OJ, chicken, cotton",P,soy $23.3bn->$43.5bn; beef $5.7bn->$16.5bn; coffee $6.1bn->$14.9bn; sugar $9.5bn->$14.1bn,export values growing (world rank untestable),Partial,pro,0.5,soy_exports;beef_exports;coffee_exports;sugar_exports,2026-08-01;2026-08-01;2026-08-01;2026-08-01,no OJ/chicken/cotton series; world rank needs peers
A3,Agro,physical,Northern frontier / Arco Norte ports,U,,,Untestable,pro,,,,no port/regional data
A4,Agro,physical,Hidden dependency on imported fertilizer,T,"fertilizer imports $4.6bn (2014) -> $7.8bn (2025), trend +9.6%/yr",imports rising,Supported,con,0.0,fertilizer_imports,2026-08-01,
M1,Minerals,physical,Niobium dominance,P,"niobium exports $1.74bn (2014) -> $2.66bn (2025), trend +4.7%/yr",USD exports large/growing (world share untestable),Partial,pro,0.5,niobium_exports,2026-08-01,
M2,Minerals,physical,#2 rare-earth reserves,U,,,Untestable,pro,,,,no reserves data
M3,Minerals,physical,High-grade iron ore,P,"H2: Oil export tonnes +8.2%/yr vs iron ore +1.0%/yr since 2016; pre-salt = 79% of oil output (Aug 2026); H3: ρ(Vale revenue, iron-ore US$/t) = 0.77 over 42 quarters; tonnes trend +1.0%/yr",volume/price evidence (grade untestable),Partial,pro,0.5,iron_ore_exports_kg;iron_ore_unit_value,2026-08-01;2026-08-01,cites hypothesis_tests H2/H3
M4,Minerals,physical,Lithium,P,lithium natural capital $2m (1995) -> $174m (2020),rising,Partial,pro,0.5,wb/NW.NCA.MLIT.TO.BR,2020-12-31,stale (2020) -> Partial at most
M5,Minerals,physical,Brazil as hedge vs China processing dominance,P,"China share of exports 18.4% (12m to 2014-12-01) -> 29.6% (12m to 2026-08-01): China is Brazil's buyer, not a rival",reframed: dependence on China as buyer,Partial,pro,0.5,exports_to_china;exports_total,2026-08-01;2026-08-01,
C1,Credit,institutional,Credit/GDP ~30% (2008) -> ~54% now; room to grow,T,BCB credit/GDP 39.7% (Dec 2008) -> 55.4% (Aug 2026); WB broader def 45.8% -> 75.1%,path rising; quoted levels match,Partial,pro,0.5,credit_gdp;wb/FS.AST.PRVT.GD.ZS.BR,2026-08-01;2025-12-31,direction right; '~30% in 2008' is wrong (39.7%); 30% matches 2000-04 (27.3%/25.5%)
C2,Credit,institutional,Household debt rising / stretched,T,debt/income 31.7% (2010) -> 49.9% (Jul 2026); debt service 28.7% (series max 28.7%),DSR at/near series max,Supported,con,0.0,household_debt_income;household_debt_service_ratio,2026-07-01;2026-07-01,
C3,Credit,institutional,"Cost of credit is the problem: Selic 14.5%, inflation 5-6%, real 8-11%",T,"Apr 2026: Selic 14.50%, IPCA 12m 4.39% (2026 range 3.81-4.72), ex-ante real 10.7%; lending spread 32.5 pts (2024)",ex-ante real policy rate > 5%,Supported,con,0.0,real_policy_rate;selic_target;ipca_12m;wb/FR.INR.LNDP.BR,2026-09-01;2026-10-03;2026-08-01;2024-12-31,Selic and real-rate numbers correct; 'inflation 5-6%' is too high (IPCA 12m 3.8-4.7% in 2026); 'highest in world' untestable
C4,Credit,institutional,"Banks super-profitable: wide spreads, concentration",T,spread 32.5 pts (2024); 5-bank conc 79.4% / 3-bank 38.7->70.4% (2021); bank ROE 13.2% (2021); Itaú net income/revenue 11.6% (2025),spread > 20 pts and 5-bank conc > 60%,Partial,con,0.5,wb/FR.INR.LNDP.BR;wb/GFDD.OI.06.BR;wb/GFDD.OI.01.BR;net_income_brl@ITUB;revenue_brl@ITUB,2024-12-31;2021-12-31;2021-12-31;2026-06-30;2026-06-30,thresholds met but concentration/ROE series stale (2021) -> Partial
C5,Credit,institutional,"BCB buying gold (+43t in 2025), diversifying away from USD",P,"gold $4.1bn (1.2% of reserves, 2020) -> $24.2bn (6.8%, 2025); 2024->25 x2.23",gold share rising sharply,Partial,pro,0.5,wb/FI.RES.TOTL.CD.BR;wb/FI.RES.XGLD.CD.BR,2025-12-31;2025-12-31,value share rising; tonnage (+43t) untestable (no gold price in warehouse to split price vs volume)
C6,Credit,institutional,Pix near-universal,T,account ownership 55.9% (2011) -> 86.4% (2024); Pix 71.3bn tx in 2025 = 326/person,account > 80% and Pix > 100/person/yr,Supported,pro,1.0,wb/account.t.d.BRA;pix_transactions_count;population,2024-12-31;2026-09-01;2025-12-31,
C7,Credit,institutional,Hyperinflation as a 'vaccine' against debt,P,private credit 55.4% of GDP (modest) but gross public debt 82.9% (Aug 2026); r-g +5.1 pts (L3),low leverage overall,Partial,pro,0.5,credit_gdp;gross_public_debt_gdp;r_minus_g,2026-08-01;2026-08-01;2026-08-01,private side fits; public-debt side contradicts
I1,Institutions,institutional,Inequality persists,T,Gini 53.7 (2009; no 2010 survey) -> 52.9 (2011) -> 50.3 (2024); slope -0.46/yr 1995-2010 vs -0.16/yr 2011+,Gini > 45 ('persists'),Supported,con,0.0,wb/SI.POV.GINI.BR,2024-12-31,"persists in level, but still slowly improving"
I2,Institutions,institutional,Corruption / weak institutions persist,T,WGI: 4/6 dimensions lower in 2011-24 than 1996-2010; control of corruption -0.02 -> -0.41; rule of law -0.04 -> -0.45,post-2010 WGI mean <= pre-2010,Supported,con,0.0,wb/GOV_WGI_CC_EST.BR;wb/GOV_WGI_GE_EST.BR;wb/GOV_WGI_RL_EST.BR;wb/GOV_WGI_RQ_EST.BR;wb/GOV_WGI_VA_EST.BR;wb/GOV_WGI_PV_EST.BR,2024-12-31;2024-12-31;2024-12-31;2024-12-31;2024-12-31;2024-12-31,"worsened, not just persisted"
I3,Institutions,institutional,Hard to do business,P,Doing Business score 59.1/100 (2019),score < 65,Partial,con,0.5,wb/IC.BUS.EASE.DFRN.XQ.DB1719.BR,2019-12-31,discontinued 2019 -> Partial
I4,Institutions,institutional,Weak schools,P,"PISA maths 377 (2015); human capital/capita $51,838 (2010) -> $63,922 (2020)",PISA < 420,Partial,con,0.5,wb/LO.PISA.MAT.BR;wb/NW.HCA.PC.BR,2015-12-31;2020-12-31,PISA stale (2015) -> Partial
I5,Institutions,institutional,Tax complexity,P,tax revenue 15.4% of GDP (2024); compliance-time series end 2019,complexity measure,Partial,con,0.5,wb/GC.TAX.TOTL.GD.ZS.BR;wb/PAY.TAX.COIT.AU.HRS.DB1719.BR,2024-12-31;2019-12-31,complexity itself only in stale DB data
I6,Institutions,institutional,Expensive capital -> low investment,T,"GFCF 20.5% (2010) -> 16.8% (2025); mean 2011-25 minus 1996-2010 = -0.7 pts (CI -2.3, +1.2)",GFCF < 20% and post-2010 mean not higher,Supported,con,0.0,wb/NE.GDI.FTOT.ZS.BR,2025-12-31,
I7,Institutions,institutional,"Slow start: slavery, plantations, land concentration",U,,,Untestable,con,,,,historical; no land-Gini
G1,Trade,market,China share of Brazil's trade rising,T,"China share of exports (12m) 18.4% -> 29.6%; trend +1.05 pts/yr; L4 (12m to Aug 2026): US -14.3%, China +19.0%",share rising,Supported,pro,1.0,exports_to_china;exports_total;exports_to_us,2026-08-01;2026-08-01;2026-08-01,
G2,Trade,market,Global South share of trade rising,P,proxy non-US/EU share 71.4% -> 75.9%,proxy rising,Partial,pro,0.5,exports_to_us;exports_to_eu;exports_total,2026-08-01;2026-08-01;2026-08-01,only China/US/EU destinations exist
G3,Trade,market,EU-Mercosur deal benefits,U,,,Untestable,pro,,exports_to_eu,2026-08-01,
R1,Allocation,market,Ibovespa ~+51% in USD in 2025,T,50.8%,within 2 pts of 51%,Supported,pro,1.0,ibovespa_usd,2026-10-01,
R2,Allocation,market,BRL +12-13% vs USD in 2025,T,12.5%,12-13%,Supported,pro,1.0,brl_usd,2026-10-02,
R3,Allocation,market,Foreign B3 inflows R$56.5bn Jan-Apr 2026,U,"no B3 flow series; WB annual portfolio equity net inflows $-17.5bn (2024), $-5.0bn (2025)",,Untestable,pro,,wb/BX.PEF.TOTL.CD.WD.BR,2025-12-31,annual WB data shows net OUTflows in 2024-25 (different period/definition)
R4,Allocation,market,Rerating underway,P,market cap/GDP 70.0% (2010) -> 38.2% (2025); 10y real yield 7.63% (2026 YTD) vs 5.17% avg 2015-24,valuation rising,Partial,pro,0.5,wb/CM.MKT.LCAP.GD.ZS.BR;gov_real_yield_10y,2025-12-31;2026-10-02,embi_brazil stale (2024-07)
X3a,Correlation,market,Brazil growth/equity is driven by the commodity cycle (3a),T,"monthly OLS dlog Ibov USD ~ dlog ToT + dlog Brent R2=0.12; rho(Ibov,Brent)=0.34",R2 > 0.3 (or rho > 0.4),Partial,pro,0.5,ibovespa_usd;brent_usd;wb/TOT.BRA,2026-10-01;2026-09-29;2025-12-31,
X3b,Correlation,institutional,"Cost of credit is binding (real rate -> credit/activity, 3b)",T,"rho(real rate_t, Y_t+k), most negative lag 6-18m: household credit -0.19 @k=10 (CI -0.64,0.12, n=222); corporate -0.18 @k=7 (CI -0.59,0.08); IBC-Br YoY 0.13 @k=6 (CI -0.15,0.37); post-2010 at same lag: household -0.49 (CI -0.77,-0.07, n=178), corporate -0.42 (CI -0.74,-0.06); delinquency +0.84 @k=9; annual dGFCF beta -0.10 (CI -0.29,-0.01, n=24)",rho < -0.3 at lag 6-18m with CI excluding 0 (>=2 credit/activity series),Supported,con,0.0,real_policy_rate;household_credit_growth;corporate_credit_growth;ibc_br;delinquency_rate,2026-09-01;2026-08-01;2026-08-01;2026-07-01;2026-08-01,"binds on credit only in the post-2010 window (full-sample CIs straddle 0, 2008-10 flips sign); activity (IBC-Br) shows no negative response"
X3c,Correlation,market,Endowment gains convert into income / USD returns (3c),T,"GDP pc PPP CAGR 2.58%/yr 2000-10 vs 0.69%/yr 2010-25; USD equity index 104.9 (Dec 2010) -> 75.9 (Dec 2025); composites 2025 (z, 2010=0): endowment +1.92, institutions -2.16, outcome -0.81","GDP pc PPP CAGR post-2010 > pre-2010, or USD equity above 2010 level",Refuted,pro,0.0,wb/NY.GDP.PCAP.PP.KD.BR;wb/DSTKMKTXD_M.BRA,2025-12-31;2025-12-31,
X3e,Correlation,market,"Brazil equity is a commodity hedge (beta>0, CI excl. 0, 3e)",T,"Ibov USD on composite: beta 0.29 (CI 0.12,0.47), rho 0.31 (CI 0.11,0.49, n=320) -> 'partial hedge'; pre/post-2010 Brent beta 0.21 vs 0.29",beta > 0 with CI excluding 0,Supported,pro,1.0,ibovespa_usd;brent_usd;iron_ore_unit_value,2026-10-01;2026-09-29;2026-08-01,"rubric met, but rho only 0.31 ('partial hedge') and the domestic control Itaú has the same composite beta -> largely a global risk-on beta, not a commodity-specific hedge"
