metric_id,metric_name,theme,source_id,freq,date,value,unit
exports_to_eu,"Exports to the European Union, EU-27 (FOB)",external_trade,comexstat,monthly,2014-01-01,2473229238,usd_fob
exports_to_eu,"Exports to the European Union, EU-27 (FOB)",external_trade,comexstat,monthly,2014-02-01,2420421166,usd_fob
exports_to_eu,"Exports to the European Union, EU-27 (FOB)",external_trade,comexstat,monthly,2014-03-01,2611747283,usd_fob
exports_to_eu,"Exports to the European Union, EU-27 (FOB)",external_trade,comexstat,monthly,2014-04-01,3233460469,usd_fob
exports_to_eu,"Exports to the European Union, EU-27 (FOB)",external_trade,comexstat,monthly,2014-05-01,3402421918,usd_fob
exports_to_eu,"Exports to the European Union, EU-27 (FOB)",external_trade,comexstat,monthly,2014-06-01,3699207895,usd_fob
exports_to_eu,"Exports to the European Union, EU-27 (FOB)",external_trade,comexstat,monthly,2014-07-01,3813450187,usd_fob
exports_to_eu,"Exports to the European Union, EU-27 (FOB)",external_trade,comexstat,monthly,2014-08-01,3158177262,usd_fob
exports_to_eu,"Exports to the European Union, EU-27 (FOB)",external_trade,comexstat,monthly,2014-09-01,2984312718,usd_fob
exports_to_eu,"Exports to the European Union, EU-27 (FOB)",external_trade,comexstat,monthly,2014-10-01,3169523437,usd_fob
exports_to_eu,"Exports to the European Union, EU-27 (FOB)",external_trade,comexstat,monthly,2014-11-01,2480111084,usd_fob
exports_to_eu,"Exports to the European Union, EU-27 (FOB)",external_trade,comexstat,monthly,2014-12-01,2712689652,usd_fob
exports_to_eu,"Exports to the European Union, EU-27 (FOB)",external_trade,comexstat,monthly,2015-01-01,2192380896,usd_fob
exports_to_eu,"Exports to the European Union, EU-27 (FOB)",external_trade,comexstat,monthly,2015-02-01,2135436726,usd_fob
exports_to_eu,"Exports to the European Union, EU-27 (FOB)",external_trade,comexstat,monthly,2015-03-01,2523631566,usd_fob
exports_to_eu,"Exports to the European Union, EU-27 (FOB)",external_trade,comexstat,monthly,2015-04-01,2256800589,usd_fob
exports_to_eu,"Exports to the European Union, EU-27 (FOB)",external_trade,comexstat,monthly,2015-05-01,2617341939,usd_fob
exports_to_eu,"Exports to the European Union, EU-27 (FOB)",external_trade,comexstat,monthly,2015-06-01,2762433798,usd_fob
exports_to_eu,"Exports to the European Union, EU-27 (FOB)",external_trade,comexstat,monthly,2015-07-01,2996741574,usd_fob
exports_to_eu,"Exports to the European Union, EU-27 (FOB)",external_trade,comexstat,monthly,2015-08-01,2215702918,usd_fob
exports_to_eu,"Exports to the European Union, EU-27 (FOB)",external_trade,comexstat,monthly,2015-09-01,2215609326,usd_fob
exports_to_eu,"Exports to the European Union, EU-27 (FOB)",external_trade,comexstat,monthly,2015-10-01,2421759705,usd_fob
exports_to_eu,"Exports to the European Union, EU-27 (FOB)",external_trade,comexstat,monthly,2015-11-01,2146340574,usd_fob
exports_to_eu,"Exports to the European Union, EU-27 (FOB)",external_trade,comexstat,monthly,2015-12-01,2340870837,usd_fob
exports_to_eu,"Exports to the European Union, EU-27 (FOB)",external_trade,comexstat,monthly,2016-01-01,1784663578,usd_fob
exports_to_eu,"Exports to the European Union, EU-27 (FOB)",external_trade,comexstat,monthly,2016-02-01,2044477561,usd_fob
exports_to_eu,"Exports to the European Union, EU-27 (FOB)",external_trade,comexstat,monthly,2016-03-01,2369681401,usd_fob
exports_to_eu,"Exports to the European Union, EU-27 (FOB)",external_trade,comexstat,monthly,2016-04-01,2107987325,usd_fob
exports_to_eu,"Exports to the European Union, EU-27 (FOB)",external_trade,comexstat,monthly,2016-05-01,2662966844,usd_fob
exports_to_eu,"Exports to the European Union, EU-27 (FOB)",external_trade,comexstat,monthly,2016-06-01,2481698883,usd_fob
exports_to_eu,"Exports to the European Union, EU-27 (FOB)",external_trade,comexstat,monthly,2016-07-01,2176316817,usd_fob
exports_to_eu,"Exports to the European Union, EU-27 (FOB)",external_trade,comexstat,monthly,2016-08-01,2704710640,usd_fob
exports_to_eu,"Exports to the European Union, EU-27 (FOB)",external_trade,comexstat,monthly,2016-09-01,2349904441,usd_fob
exports_to_eu,"Exports to the European Union, EU-27 (FOB)",external_trade,comexstat,monthly,2016-10-01,2216389574,usd_fob
exports_to_eu,"Exports to the European Union, EU-27 (FOB)",external_trade,comexstat,monthly,2016-11-01,1952756583,usd_fob
exports_to_eu,"Exports to the European Union, EU-27 (FOB)",external_trade,comexstat,monthly,2016-12-01,2294659328,usd_fob
exports_to_eu,"Exports to the European Union, EU-27 (FOB)",external_trade,comexstat,monthly,2017-01-01,2371057168,usd_fob
exports_to_eu,"Exports to the European Union, EU-27 (FOB)",external_trade,comexstat,monthly,2017-02-01,2115742519,usd_fob
exports_to_eu,"Exports to the European Union, EU-27 (FOB)",external_trade,comexstat,monthly,2017-03-01,2535732045,usd_fob
exports_to_eu,"Exports to the European Union, EU-27 (FOB)",external_trade,comexstat,monthly,2017-04-01,2280993070,usd_fob
exports_to_eu,"Exports to the European Union, EU-27 (FOB)",external_trade,comexstat,monthly,2017-05-01,2726408140,usd_fob
exports_to_eu,"Exports to the European Union, EU-27 (FOB)",external_trade,comexstat,monthly,2017-06-01,2562316879,usd_fob
exports_to_eu,"Exports to the European Union, EU-27 (FOB)",external_trade,comexstat,monthly,2017-07-01,2368450155,usd_fob
exports_to_eu,"Exports to the European Union, EU-27 (FOB)",external_trade,comexstat,monthly,2017-08-01,2783898181,usd_fob
exports_to_eu,"Exports to the European Union, EU-27 (FOB)",external_trade,comexstat,monthly,2017-09-01,2653609577,usd_fob
exports_to_eu,"Exports to the European Union, EU-27 (FOB)",external_trade,comexstat,monthly,2017-10-01,2931920416,usd_fob
exports_to_eu,"Exports to the European Union, EU-27 (FOB)",external_trade,comexstat,monthly,2017-11-01,2382228443,usd_fob
exports_to_eu,"Exports to the European Union, EU-27 (FOB)",external_trade,comexstat,monthly,2017-12-01,2523995587,usd_fob
exports_to_eu,"Exports to the European Union, EU-27 (FOB)",external_trade,comexstat,monthly,2018-01-01,2944966661,usd_fob
exports_to_eu,"Exports to the European Union, EU-27 (FOB)",external_trade,comexstat,monthly,2018-02-01,2635615242,usd_fob
exports_to_eu,"Exports to the European Union, EU-27 (FOB)",external_trade,comexstat,monthly,2018-03-01,2965620043,usd_fob
exports_to_eu,"Exports to the European Union, EU-27 (FOB)",external_trade,comexstat,monthly,2018-04-01,2841460370,usd_fob
exports_to_eu,"Exports to the European Union, EU-27 (FOB)",external_trade,comexstat,monthly,2018-05-01,2583943741,usd_fob
exports_to_eu,"Exports to the European Union, EU-27 (FOB)",external_trade,comexstat,monthly,2018-06-01,2637788410,usd_fob
exports_to_eu,"Exports to the European Union, EU-27 (FOB)",external_trade,comexstat,monthly,2018-07-01,3079255393,usd_fob
exports_to_eu,"Exports to the European Union, EU-27 (FOB)",external_trade,comexstat,monthly,2018-08-01,2950065617,usd_fob
exports_to_eu,"Exports to the European Union, EU-27 (FOB)",external_trade,comexstat,monthly,2018-09-01,2614220525,usd_fob
exports_to_eu,"Exports to the European Union, EU-27 (FOB)",external_trade,comexstat,monthly,2018-10-01,3277560866,usd_fob
exports_to_eu,"Exports to the European Union, EU-27 (FOB)",external_trade,comexstat,monthly,2018-11-01,2642652077,usd_fob
exports_to_eu,"Exports to the European Union, EU-27 (FOB)",external_trade,comexstat,monthly,2018-12-01,3126684576,usd_fob
exports_to_eu,"Exports to the European Union, EU-27 (FOB)",external_trade,comexstat,monthly,2019-01-01,2752944644,usd_fob
exports_to_eu,"Exports to the European Union, EU-27 (FOB)",external_trade,comexstat,monthly,2019-02-01,2283552472,usd_fob
exports_to_eu,"Exports to the European Union, EU-27 (FOB)",external_trade,comexstat,monthly,2019-03-01,2377596178,usd_fob
exports_to_eu,"Exports to the European Union, EU-27 (FOB)",external_trade,comexstat,monthly,2019-04-01,2573447978,usd_fob
exports_to_eu,"Exports to the European Union, EU-27 (FOB)",external_trade,comexstat,monthly,2019-05-01,2930041324,usd_fob
exports_to_eu,"Exports to the European Union, EU-27 (FOB)",external_trade,comexstat,monthly,2019-06-01,2399969684,usd_fob
exports_to_eu,"Exports to the European Union, EU-27 (FOB)",external_trade,comexstat,monthly,2019-07-01,2442469868,usd_fob
exports_to_eu,"Exports to the European Union, EU-27 (FOB)",external_trade,comexstat,monthly,2019-08-01,2680337555,usd_fob
exports_to_eu,"Exports to the European Union, EU-27 (FOB)",external_trade,comexstat,monthly,2019-09-01,2676118479,usd_fob
exports_to_eu,"Exports to the European Union, EU-27 (FOB)",external_trade,comexstat,monthly,2019-10-01,2316640948,usd_fob
exports_to_eu,"Exports to the European Union, EU-27 (FOB)",external_trade,comexstat,monthly,2019-11-01,2430010382,usd_fob
exports_to_eu,"Exports to the European Union, EU-27 (FOB)",external_trade,comexstat,monthly,2019-12-01,2128293425,usd_fob
exports_to_eu,"Exports to the European Union, EU-27 (FOB)",external_trade,comexstat,monthly,2020-01-01,2080843298,usd_fob
exports_to_eu,"Exports to the European Union, EU-27 (FOB)",external_trade,comexstat,monthly,2020-02-01,2300295856,usd_fob
exports_to_eu,"Exports to the European Union, EU-27 (FOB)",external_trade,comexstat,monthly,2020-03-01,2661723588,usd_fob
exports_to_eu,"Exports to the European Union, EU-27 (FOB)",external_trade,comexstat,monthly,2020-04-01,2521137802,usd_fob
exports_to_eu,"Exports to the European Union, EU-27 (FOB)",external_trade,comexstat,monthly,2020-05-01,2538718289,usd_fob
exports_to_eu,"Exports to the European Union, EU-27 (FOB)",external_trade,comexstat,monthly,2020-06-01,2068752432,usd_fob
exports_to_eu,"Exports to the European Union, EU-27 (FOB)",external_trade,comexstat,monthly,2020-07-01,2398971512,usd_fob
exports_to_eu,"Exports to the European Union, EU-27 (FOB)",external_trade,comexstat,monthly,2020-08-01,2208671839,usd_fob
exports_to_eu,"Exports to the European Union, EU-27 (FOB)",external_trade,comexstat,monthly,2020-09-01,2397237557,usd_fob
exports_to_eu,"Exports to the European Union, EU-27 (FOB)",external_trade,comexstat,monthly,2020-10-01,2282259234,usd_fob
exports_to_eu,"Exports to the European Union, EU-27 (FOB)",external_trade,comexstat,monthly,2020-11-01,2309283095,usd_fob
exports_to_eu,"Exports to the European Union, EU-27 (FOB)",external_trade,comexstat,monthly,2020-12-01,1898794008,usd_fob
exports_to_eu,"Exports to the European Union, EU-27 (FOB)",external_trade,comexstat,monthly,2021-01-01,1841100110,usd_fob
exports_to_eu,"Exports to the European Union, EU-27 (FOB)",external_trade,comexstat,monthly,2021-02-01,2215018605,usd_fob
exports_to_eu,"Exports to the European Union, EU-27 (FOB)",external_trade,comexstat,monthly,2021-03-01,3313604124,usd_fob
exports_to_eu,"Exports to the European Union, EU-27 (FOB)",external_trade,comexstat,monthly,2021-04-01,3486572116,usd_fob
exports_to_eu,"Exports to the European Union, EU-27 (FOB)",external_trade,comexstat,monthly,2021-05-01,3230475849,usd_fob
exports_to_eu,"Exports to the European Union, EU-27 (FOB)",external_trade,comexstat,monthly,2021-06-01,3811798863,usd_fob
exports_to_eu,"Exports to the European Union, EU-27 (FOB)",external_trade,comexstat,monthly,2021-07-01,3150570906,usd_fob
exports_to_eu,"Exports to the European Union, EU-27 (FOB)",external_trade,comexstat,monthly,2021-08-01,3717776487,usd_fob
exports_to_eu,"Exports to the European Union, EU-27 (FOB)",external_trade,comexstat,monthly,2021-09-01,3169311983,usd_fob
exports_to_eu,"Exports to the European Union, EU-27 (FOB)",external_trade,comexstat,monthly,2021-10-01,2906999061,usd_fob
exports_to_eu,"Exports to the European Union, EU-27 (FOB)",external_trade,comexstat,monthly,2021-11-01,2664562294,usd_fob
exports_to_eu,"Exports to the European Union, EU-27 (FOB)",external_trade,comexstat,monthly,2021-12-01,3040650536,usd_fob
exports_to_eu,"Exports to the European Union, EU-27 (FOB)",external_trade,comexstat,monthly,2022-01-01,2826499641,usd_fob
exports_to_eu,"Exports to the European Union, EU-27 (FOB)",external_trade,comexstat,monthly,2022-02-01,3512003858,usd_fob
exports_to_eu,"Exports to the European Union, EU-27 (FOB)",external_trade,comexstat,monthly,2022-03-01,4518786605,usd_fob
exports_to_eu,"Exports to the European Union, EU-27 (FOB)",external_trade,comexstat,monthly,2022-04-01,4164547115,usd_fob
exports_to_eu,"Exports to the European Union, EU-27 (FOB)",external_trade,comexstat,monthly,2022-05-01,5121334916,usd_fob
exports_to_eu,"Exports to the European Union, EU-27 (FOB)",external_trade,comexstat,monthly,2022-06-01,4835377310,usd_fob
exports_to_eu,"Exports to the European Union, EU-27 (FOB)",external_trade,comexstat,monthly,2022-07-01,4620104738,usd_fob
exports_to_eu,"Exports to the European Union, EU-27 (FOB)",external_trade,comexstat,monthly,2022-08-01,4362338010,usd_fob
exports_to_eu,"Exports to the European Union, EU-27 (FOB)",external_trade,comexstat,monthly,2022-09-01,4803828504,usd_fob
exports_to_eu,"Exports to the European Union, EU-27 (FOB)",external_trade,comexstat,monthly,2022-10-01,4045392346,usd_fob
exports_to_eu,"Exports to the European Union, EU-27 (FOB)",external_trade,comexstat,monthly,2022-11-01,4245415715,usd_fob
exports_to_eu,"Exports to the European Union, EU-27 (FOB)",external_trade,comexstat,monthly,2022-12-01,3853675806,usd_fob
exports_to_eu,"Exports to the European Union, EU-27 (FOB)",external_trade,comexstat,monthly,2023-01-01,3651781809,usd_fob
exports_to_eu,"Exports to the European Union, EU-27 (FOB)",external_trade,comexstat,monthly,2023-02-01,2855464371,usd_fob
exports_to_eu,"Exports to the European Union, EU-27 (FOB)",external_trade,comexstat,monthly,2023-03-01,4948322800,usd_fob
exports_to_eu,"Exports to the European Union, EU-27 (FOB)",external_trade,comexstat,monthly,2023-04-01,3499221172,usd_fob
exports_to_eu,"Exports to the European Union, EU-27 (FOB)",external_trade,comexstat,monthly,2023-05-01,3924847907,usd_fob
exports_to_eu,"Exports to the European Union, EU-27 (FOB)",external_trade,comexstat,monthly,2023-06-01,3942674768,usd_fob
exports_to_eu,"Exports to the European Union, EU-27 (FOB)",external_trade,comexstat,monthly,2023-07-01,3478288097,usd_fob
exports_to_eu,"Exports to the European Union, EU-27 (FOB)",external_trade,comexstat,monthly,2023-08-01,4206963508,usd_fob
exports_to_eu,"Exports to the European Union, EU-27 (FOB)",external_trade,comexstat,monthly,2023-09-01,3861184470,usd_fob
exports_to_eu,"Exports to the European Union, EU-27 (FOB)",external_trade,comexstat,monthly,2023-10-01,4098231151,usd_fob
exports_to_eu,"Exports to the European Union, EU-27 (FOB)",external_trade,comexstat,monthly,2023-11-01,3844878792,usd_fob
exports_to_eu,"Exports to the European Union, EU-27 (FOB)",external_trade,comexstat,monthly,2023-12-01,4004679417,usd_fob
exports_to_eu,"Exports to the European Union, EU-27 (FOB)",external_trade,comexstat,monthly,2024-01-01,3102218157,usd_fob
exports_to_eu,"Exports to the European Union, EU-27 (FOB)",external_trade,comexstat,monthly,2024-02-01,3028418961,usd_fob
exports_to_eu,"Exports to the European Union, EU-27 (FOB)",external_trade,comexstat,monthly,2024-03-01,3417603439,usd_fob
exports_to_eu,"Exports to the European Union, EU-27 (FOB)",external_trade,comexstat,monthly,2024-04-01,4793224677,usd_fob
exports_to_eu,"Exports to the European Union, EU-27 (FOB)",external_trade,comexstat,monthly,2024-05-01,4908745838,usd_fob
exports_to_eu,"Exports to the European Union, EU-27 (FOB)",external_trade,comexstat,monthly,2024-06-01,4023526206,usd_fob
exports_to_eu,"Exports to the European Union, EU-27 (FOB)",external_trade,comexstat,monthly,2024-07-01,4154416948,usd_fob
exports_to_eu,"Exports to the European Union, EU-27 (FOB)",external_trade,comexstat,monthly,2024-08-01,4569022433,usd_fob
exports_to_eu,"Exports to the European Union, EU-27 (FOB)",external_trade,comexstat,monthly,2024-09-01,4093915998,usd_fob
exports_to_eu,"Exports to the European Union, EU-27 (FOB)",external_trade,comexstat,monthly,2024-10-01,4421329045,usd_fob
exports_to_eu,"Exports to the European Union, EU-27 (FOB)",external_trade,comexstat,monthly,2024-11-01,4665483688,usd_fob
exports_to_eu,"Exports to the European Union, EU-27 (FOB)",external_trade,comexstat,monthly,2024-12-01,3085608942,usd_fob
exports_to_eu,"Exports to the European Union, EU-27 (FOB)",external_trade,comexstat,monthly,2025-01-01,4184018328,usd_fob
exports_to_eu,"Exports to the European Union, EU-27 (FOB)",external_trade,comexstat,monthly,2025-02-01,3141824754,usd_fob
exports_to_eu,"Exports to the European Union, EU-27 (FOB)",external_trade,comexstat,monthly,2025-03-01,3831838441,usd_fob
exports_to_eu,"Exports to the European Union, EU-27 (FOB)",external_trade,comexstat,monthly,2025-04-01,4779841571,usd_fob
exports_to_eu,"Exports to the European Union, EU-27 (FOB)",external_trade,comexstat,monthly,2025-05-01,4511155260,usd_fob
exports_to_eu,"Exports to the European Union, EU-27 (FOB)",external_trade,comexstat,monthly,2025-06-01,3419102719,usd_fob
exports_to_eu,"Exports to the European Union, EU-27 (FOB)",external_trade,comexstat,monthly,2025-07-01,4604946028,usd_fob
exports_to_eu,"Exports to the European Union, EU-27 (FOB)",external_trade,comexstat,monthly,2025-08-01,3979114374,usd_fob
exports_to_eu,"Exports to the European Union, EU-27 (FOB)",external_trade,comexstat,monthly,2025-09-01,4343476723,usd_fob
exports_to_eu,"Exports to the European Union, EU-27 (FOB)",external_trade,comexstat,monthly,2025-10-01,4583301080,usd_fob
exports_to_eu,"Exports to the European Union, EU-27 (FOB)",external_trade,comexstat,monthly,2025-11-01,4153408095,usd_fob
exports_to_eu,"Exports to the European Union, EU-27 (FOB)",external_trade,comexstat,monthly,2025-12-01,4241287434,usd_fob
exports_to_eu,"Exports to the European Union, EU-27 (FOB)",external_trade,comexstat,monthly,2026-01-01,3888591918,usd_fob
exports_to_eu,"Exports to the European Union, EU-27 (FOB)",external_trade,comexstat,monthly,2026-02-01,4254315754,usd_fob
exports_to_eu,"Exports to the European Union, EU-27 (FOB)",external_trade,comexstat,monthly,2026-03-01,4147119306,usd_fob
exports_to_eu,"Exports to the European Union, EU-27 (FOB)",external_trade,comexstat,monthly,2026-04-01,4632343437,usd_fob
exports_to_eu,"Exports to the European Union, EU-27 (FOB)",external_trade,comexstat,monthly,2026-05-01,5075034609,usd_fob
exports_to_eu,"Exports to the European Union, EU-27 (FOB)",external_trade,comexstat,monthly,2026-06-01,4738932696,usd_fob
exports_to_eu,"Exports to the European Union, EU-27 (FOB)",external_trade,comexstat,monthly,2026-07-01,4747939797,usd_fob
exports_to_eu,"Exports to the European Union, EU-27 (FOB)",external_trade,comexstat,monthly,2026-08-01,5828954186,usd_fob
