channel,lever_holder,lula_record_position,flavio_position_family_record,exposure,elasticity_source,fact_ids
C1 US tariffs / Sec.301 / sanctions,President negotiates; counterpart (Trump/USTR) controls,3 meetings with Trump; won Nov-2025 food carve-out; 301 final Jul-2026 (Rubio: no good faith),'tarifa do Lula'; promises bilateral deal to zero tariffs; met Trump May-2026,US 37.7bn (10.8%); tariffed layer ~6.6bn,G_US -7.9bn/yr (DiD); E_tariff -14 to -25%,A02;A04;A09;A16;A21;A22;A23;A25;A26;A27;A28
C2 Bolsonaro family-Washington link,Counterpart + STF (not president),n/a (adversary of the link),"pledges amnesty for father in transition; Eduardo lobbied for sanctions, now a defendant",indirect (drives C1),qualitative,A01;A32;A34;A35;A36;A37;A38;A39
C3 Russia secondary tariffs,"Counterpart (US Congress/President, waiver)",keeps buying Russian diesel/fertiliser,not stated,imports: potash 40% Russian; diesel 17-81% Russian,~0 direct on exports (Brazil not crude/gas top-5),A43;A44;A45;A46;A47;A48
C4 China alignment,"President (rhetoric, tech/5G, Pix-UnionPay) + counterpart (coercion)","deep engagement (Xi 2024, Beijing 2025); beef quota not flexed",'economically pragmatic'; floated BRICS exit; bar Pix from non-Western settlement,China 99.9bn (28.7%); beef->China 8.8bn,2019-22 record: no Chinese measures; Australia analogue ~14% of flows,B01;B02;B05;B13;B14;B19;B20;B23;B24;B25;B26;B27;A29;A31
C5 BRICS / de-dollarisation,President,hosted Rio summit 2025; BCB-PBoC swap renewed,may leave BRICS,~0 direct,only via C1 retaliation (Trump +10% threat never applied),A40;A41;A42;A29
C6 EU-Mercosur,Council/EP/CJEU (counterpart) + President (implementation),signed Jan-2026; provisionally applied since 1 May 2026,calls it important to EU audiences; programme silent,EU 49.8bn (14.3%),Ipea +US$7bn exports by 2040; May-Aug 2026 EU +23.5%,C01;C02;C04;C05;C06;C07;C09;C10;C11;C12;C13;C18
C7 Environment / EUDR,"President (enforcement, Ibama) + Congress (licensing law) + EU (benchmarking)",PRODES -11% 2025; DETER -37% 2025-26,programme omits Paris; end 'amarras ambientais'; zero illegal deforestation by 2029,"EUDR-exposed EU flows (soymeal 11.7 Mt, coffee, beef, wood) ~12-15bn (proxy)",2019 fires: EU share fell 14.5->13.9 but $ rose; worst -2 to -5bn,C23;C24;C25;C26;C27;C28;C29;C30;C31;C32;C33;C35
C8 CBAM,EU,carbon market law 15.042/2024,not stated,EU iron & steel 1.74bn,< US$0.5bn/yr cost,C36;C37;C38;C39;C40;C41
C9 Mercosur / Argentina,President + Mercosur partners,"Lula-Milei hostility, ties downgraded Aug-2026",Milei ally; free Brazil from Mercosur constraints,"Argentina 18.1bn (2025), -19% H1-26; LatAm proxy 43.5bn",±1-4bn,C42;C43;C44;C45;C46;C49;C50;C51
C10 India / Middle East,President + Itamaraty,India US$30bn target; Mercosur-India PTA talks,embassy to Jerusalem within 6 months; Abraham Accords,ME chicken 3.1bn; India ~12bn bilateral,"2019: 33 Saudi plants delisted, no sustained loss",B28;B29;B30;B31;B32;B33;B34;B35;B36;B37
C11 Petrobras / oil,"Petrobras board, ANP, Ibama (licences)","Foz do Amazonas licensed Oct-2025, discoveries 2026",no Petrobras privatisation; review structure,"oil 44.5bn (12.8%), ~45% to China",capacity- and Brent-driven; policy effect small,C52;C53;C54;C55;C56;C57;C58;C59
C12 Agro sanitary access,MAPA (technocratic) + counterpart,639 openings since 2023; China +24 beef plants 2024,Tereza Cristina advising; continuity likely,beef 16.5bn; chicken 9.8bn (external),suspensions 1-3.4 months (2023/2021); HPAI 4-6 months,B12;B13;B14;B15;B16;B17;B18;B38;B39;B40;B41;B43;B44;B45;B46;C19;C20
C13 Critical minerals,"President (Cimce council, Law 15.506) + US/China",sovereignty-first; no federal US deal,likely fast-track US deals,niobium 2.66bn (0.8%),small (<3bn) but strategic,B47;B48;B49;B50;B51;B52
C14 FX and capital flows,BCB + fiscal policy,Selic 13.75%,market rally on first-round lead (BRL +4%),all exports in BRL terms,"b_REER on export volume ≈0.05 [-0.39,0.20] -> no USD volume effect",C60;C61;C62
C15 Run-off probability,voters,45.16% round 1,47.03% round 1,n/a,polls within margin -> ~50/50,A49;A50;C63
