estimator,series,window_months,post_yoy,pre_yoy_janjul25,did_pts,actual_bn,cf_bn,gap_bn,gap_bn_yr,gap_pct,did_actual,did_placebo_p05,did_placebo_p95,did_placebo_sd,did_p_lower,did_p_upper,gap_actual_pct,gap_placebo_p05,gap_placebo_p95,gap_p_lower,n_placebo,did4_actual,did4_p_lower,did4_p_upper,did_excovid_p_lower,did_excovid_p_upper,n_excovid,did_excovid_p05_p95,did4_excovid_p_lower,did_ci90
same-month YoY DiD,exports_to_us,4.0,-25.081134133188698,4.846727263432449,-29.927861396621147,,,,,,,,,,,,,,,,,,,,,,,,,
same-month YoY DiD,exports_to_us,5.0,-21.51558717038977,4.846727263432449,-26.36231443382222,,,,,,,,,,,,,,,,,,,,,,,,,
same-month YoY DiD,exports_to_us,13.0,-14.417311701911572,4.846727263432449,-19.26403896534402,,,,,,,,,,,,,,,,,,,,,,,,,
seasonal-factor counterfactual,exports_to_us,13.0,,,,37.927393123,47.32951299566744,-9.40211987266744,-8.678879882462251,-19.865236884072978,,,,,,,,,,,,,,,,,,,,
two-year change,exports_to_us,13.0,-11.397652572040961,,,,,,,,,,,,,,,,,,,,,,,,,,,
same-month YoY DiD,exports_to_china,4.0,28.020038746274277,-6.5851685090117185,34.605207255286,,,,,,,,,,,,,,,,,,,,,,,,,
same-month YoY DiD,exports_to_china,5.0,29.528965706831258,-6.5851685090117185,36.114134215842974,,,,,,,,,,,,,,,,,,,,,,,,,
same-month YoY DiD,exports_to_china,13.0,19.730084131741286,-6.5851685090117185,26.315252640753005,,,,,,,,,,,,,,,,,,,,,,,,,
seasonal-factor counterfactual,exports_to_china,13.0,,,,119.331146869,91.78502848111648,27.546118387883507,25.427186204200158,30.011559448990923,,,,,,,,,,,,,,,,,,,,
two-year change,exports_to_china,13.0,4.06788353468901,,,,,,,,,,,,,,,,,,,,,,,,,,,
same-month YoY DiD,exports_to_eu,4.0,-3.8899187127781842,3.808396534425995,-7.69831524720418,,,,,,,,,,,,,,,,,,,,,,,,,
same-month YoY DiD,exports_to_eu,5.0,2.232875254534372,3.808396534425995,-1.575521279891623,,,,,,,,,,,,,,,,,,,,,,,,,
same-month YoY DiD,exports_to_eu,13.0,9.996054718510972,3.808396534425995,6.187658184084977,,,,,,,,,,,,,,,,,,,,,,,,,
seasonal-factor counterfactual,exports_to_eu,13.0,,,,58.613819409,55.77573867738608,2.838080731613927,2.6197668291820864,5.0883785655081,,,,,,,,,,,,,,,,,,,,
two-year change,exports_to_eu,13.0,12.690463817222541,,,,,,,,,,,,,,,,,,,,,,,,,,,
same-month YoY DiD,exports_rest,4.0,3.3261946569429712,2.292480458147761,1.0337141987952103,,,,,,,,,,,,,,,,,,,,,,,,,
same-month YoY DiD,exports_rest,5.0,7.146619086827344,2.292480458147761,4.854138628679583,,,,,,,,,,,,,,,,,,,,,,,,,
same-month YoY DiD,exports_rest,13.0,9.46249409878186,2.292480458147761,7.1700136406340995,,,,,,,,,,,,,,,,,,,,,,,,,
seasonal-factor counterfactual,exports_rest,13.0,,,,185.412092964,173.79516601102642,11.616926952973564,10.723317187360212,6.684263561298676,,,,,,,,,,,,,,,,,,,,
two-year change,exports_rest,13.0,13.59795732586948,,,,,,,,,,,,,,,,,,,,,,,,,,,
same-month YoY DiD,exports_total,4.0,4.680698926797544,0.025280147145001486,4.655418779652543,,,,,,,,,,,,,,,,,,,,,,,,,
same-month YoY DiD,exports_total,5.0,8.030547297811763,0.025280147145001486,8.00526715066676,,,,,,,,,,,,,,,,,,,,,,,,,
same-month YoY DiD,exports_total,13.0,9.444756634929297,0.025280147145001486,9.419476487784294,,,,,,,,,,,,,,,,,,,,,,,,,
seasonal-factor counterfactual,exports_total,13.0,,,,401.284452365,367.1925842553148,34.091868109685294,31.46941671663258,9.284465310982593,,,,,,,,,,,,,,,,,,,,
two-year change,exports_total,13.0,7.668443132476455,,,,,,,,,,,,,,,,,,,,,,,,,,,
"E_tariff (realised % fall, US-bound)",exports_to_us,4.0,-25.081134133188698,,,,,,,,,,,,,,,,,,,,,,,,,,,
"E_tariff (realised % fall, US-bound)",exports_to_us,13.0,-14.417311701911562,,,,,,,,,,,,,,,,,,,,,,,,,,,
G_US $bn/yr (pre-trend DiD),exports_to_us,13.0,,,,,,,-7.880473458843861,,,,,,,,,,,,,,,,,,,,,
diversion upper bound rate,non-US,13.0,,,,,,,,100.0,,,,,,,,,,,,,,,,,,,,
diversion central rate (fungible share of US mix),non-US,13.0,,,,,,,,43.58211759190821,,,,,,,,,,,,,,,,,,,,
net national loss central $bn/yr,exports_total,13.0,,,,,,,-4.445996249211413,,,,,,,,,,,,,,,,,,,,,
placebo,exports_to_us,,,,,,,,,,-19.26403896534402,-34.83509109619413,60.637347393319736,26.86517155285273,0.23300970873786409,0.7766990291262136,-19.865236884072978,-26.952882999253184,83.75575835497928,0.17475728155339806,102.0,-29.927861396621147,0.02912621359223301,0.9805825242718447,0.01818181818181818,1.0,54.0,"[np.float64(-12.187451484488983), np.float64(22.769936199542617)]",0.01818181818181818,"[np.float64(-83.29092771454117), np.float64(12.181510774972693)]"
placebo,exports_to_china,,,,,,,,,,26.315252640753005,-45.491273159500146,26.875121344798394,22.241330518488876,0.9320388349514563,0.07766990291262135,30.011559448990923,-32.330858415477884,30.532767686467544,0.941747572815534,102.0,34.605207255286,0.9223300970873787,0.08737864077669903,0.9090909090909091,0.10909090909090909,54.0,"[np.float64(-47.29654241804501), np.float64(32.65478862591463)]",0.8909090909090909,"[np.float64(4.414056613829803), np.float64(76.78045111812834)]"
placebo,exports_total,,,,,,,,,,9.419476487784294,-18.476487284524968,31.830143003898975,15.656974017516914,0.7281553398058253,0.2815533980582524,9.284465310982593,-13.61409304507598,33.60107231780778,0.7184466019417476,102.0,4.655418779652543,0.7378640776699029,0.27184466019417475,0.7272727272727273,0.2909090909090909,54.0,"[np.float64(-11.582560382450113), np.float64(20.41685464037808)]",0.6727272727272727,"[np.float64(-26.884306271650956), np.float64(23.422324016772986)]"
