fact_id,claim,date,source_url,publisher,accessed,channel,confidence
B01,"Xi Jinping made a state visit to Brasília on 20 Nov 2024 (after the G20 Rio summit), where he and Lula signed 37 agreements spanning trade, agriculture, industry, energy, science and health and linked China's Belt and Road with Brazil's PAC/Nova Indústria Brasil plans.",2024-11-20,https://www.gov.br/planalto/en/latest-news/2024/11/brazil-and-china-expand-bilateral-relations-during-state-visit-by-president-xi-jinping,Planalto (gov.br) / AP via ABC News,2026-10-05,C4 China alignment,high
B02,"Lula made a state visit to Beijing on 10-13 May 2025 (his 4th official China trip); the two governments signed 20 agreements and ApexBrasil announced R$27bn of Chinese corporate investment pledges (incl. R$6bn from GWM).",2025-05-12,https://www.poder360.com.br/poder-governo/forum-brasil-china-fecha-r-27-bilhoes-em-investimentos/,Poder360 / gov.br Planalto,2026-10-05,C4 China alignment,high
B03,"Brazil–China trade hit a record US$171bn in 2025 (+8.2% y/y); Brazilian exports to China were ~US$100bn, 28.7% of Brazil's total exports, the second-highest on record after US$104bn in 2023; soybeans were over one-third of the value.",2026-01-13,https://www.poder360.com.br/poder-economia/brasil-e-china-batem-recorde-de-us-171-bi-em-comercio-em-2025/,Poder360 (CEBC/MDIC data),2026-10-05,C4 China alignment,high
B04,"China imported zero US soybeans in September 2025, the first zero month since Nov 2018 (vs 1.7 Mt in Sep 2024), and as of mid-Sep 2025 had made no purchases of US new-crop soybeans; Jan–Sep 2025 imports from Brazil were 63.7 Mt.",2025-10-20,https://www.producer.com/daily/china-imports-no-us-soybeans-in-september-for-first-time-in-seven-years/,Reuters via Western Producer,2026-10-05,C4 China alignment,high
B05,"China imported a record 111.8 Mt of soybeans in 2025 (+6.5%); Brazil supplied 82.3 Mt, a 73.6% share (vs 71% in 2024), per GACC data published 20 Jan 2026.",2026-02-19,https://www.hellenicshippingnews.com/tariff-gap-likely-to-keep-chinas-soybean-imports-anchored-to-brazil/,S&P Global Commodity Insights via Hellenic Shipping News,2026-10-05,C4 China alignment,high
B06,"The White House fact sheet on the Trump–Xi Busan deal (30 Oct 2025) states China will buy at least 12 Mt of US soybeans in the last two months of 2025 and at least 25 Mt in each of 2026, 2027 and 2028, and will 'effectively eliminate' its rare-earth export controls.",2025-11-01,https://www.whitehouse.gov/fact-sheets/2025/11/fact-sheet-president-donald-j-trump-strikes-deal-on-economic-and-trade-relations-with-china/,The White House,2026-10-05,C4 China alignment,high
B07,"China reached the ~12 Mt US soybean purchase target only in early 2026 (deadline effectively extended to end-February), via state buyers Sinograin and COFCO, with cargoes shipping December–May.",2026-01,https://www.farmprogress.com/marketing/china-hits-12-million-ton-u-s-soybean-purchase-target-clearing-key-trump-administration-trade-hurdle,Reuters via Farm Progress,2026-10-05,C4 China alignment,medium
B08,"Trump made a state visit to China on 13-15 May 2026 (not April); the White House said China would buy at least US$17bn/yr of US farm goods through 2028 on top of the Oct 2025 soybean commitments.",2026-05-18,https://www.cnbc.com/2026/05/18/us-china-announce-deals-after-trump-xi-summit.html,CNBC,2026-10-05,C4 China alignment,high
B09,"Xi made a state visit to Washington on 24-25 Sep 2026; the US–China Busan truce was extended to 10 Jan 2027, a '30 for 30' tariff-cut framework (~1,600 products, US$30bn) was identified that excludes soybeans, existing 10% tariffs stay, and two more Trump–Xi meetings are planned for Nov and Dec 2026.",2026-09-28,https://www.dtnpf.com/agriculture/web/ag/columns/washington-insider/article/2026/09/28/us-china-extends-trade-truce-new,DTN/Progressive Farmer,2026-10-05,C4 China alignment,high
B10,"As of late Sep 2026, USDA export-sales data show ~10.2 Mt of US soybeans committed to China for the 2026-27 marketing year against the 25 Mt annual pledge; the US$17bn non-soy farm commitments are described as behind schedule.",2026-09-28,https://www.dtnpf.com/agriculture/web/ag/columns/washington-insider/article/2026/09/28/us-china-extends-trade-truce-new,DTN/Progressive Farmer,2026-10-05,C4 China alignment,medium
B11,"China took 69% of Brazil's soybean exports in H1 2026 vs 75% in H1 2025 (48.3 Mt shipped to China), while Brazil's total soybean exports grew >8% as cargoes were redirected to Europe, Middle East and SE Asia.",2026-07-31,https://www.stonex.com/en/insights/brazil-s-soybeans-are-quietly-finding-new-homes-well-beyond-china/,StoneX,2026-10-05,C4 China alignment,medium
B12,"MOFCOM opened a global safeguard investigation into imported beef on 27 Dec 2024 (requested by China Animal Agriculture Association), extended twice (to 26 Nov 2025, then 26 Jan 2026).",2024-12-27,https://www.eusmecentre.org.cn/publications/china-launches-safeguard-investigation-into-imported-beef/,EU SME Centre China,2026-10-05,C4 China alignment,high
B13,"On 31 Dec 2025 (MOFCOM Announcement No. 87) China imposed a 3-year beef safeguard from 1 Jan 2026: country quotas totalling ~2.7 Mt in 2026 with a 55% extra tariff above quota; Brazil's quota is 1.106 Mt (2026), 1.128 Mt (2027), 1.151 Mt (2028); Australia 205 kt, US 164 kt.",2025-12-31,https://www.scmp.com/economy/global-economy/article/3338320/china-imposes-beef-import-quota-slaps-over-quota-tariffs-shield-local-industry,SCMP / Malay Mail,2026-10-05,C4 China alignment,high
B14,"Brazil filled its 1.1 Mt Chinese beef quota by end-Sep 2026 and China began charging the extra 55% (67% total with the 12% MFN duty) on Brazilian beef from 1 Oct 2026; China rejected Brazil's lobbying (May 2026) to use other countries' unused quota (e.g. Uruguay's).",2026-09-30,https://kfgo.com/2026/09/29/china-adds-55-tariff-to-brazil-beef-imports/,Reuters via KFGO / Bloomberg,2026-10-05,C4 China alignment,high
B15,"ABIEC: China bought 1.68 Mt of Brazilian beef in 2025 (48% of Brazil's beef exports), worth US$8.9bn of US$18.3bn total; the 2026 quota covers ~65% of 2025 volume and ABIEC expects total Brazilian beef exports to fall ~10% in 2026.",2026-09-30,https://www.bloomberg.com/news/articles/2026-09-30/brazil-beef-hit-with-55-china-tariff-after-filling-export-quota,Bloomberg,2026-10-05,C4 China alignment,high
B16,"MOFCOM announced on 22 Jul 2026 that Brazilian beef had reached 80% of its 1.1 Mt safeguard quota, saying the measure aims to help domestic industry 'rather than restrict normal trade'.",2026-07-22,https://www.globaltimes.cn/page/202607/1366519.shtml,Global Times (MOFCOM),2026-10-05,C4 China alignment,high
B17,"2021 atypical BSE suspension (Bolsonaro govt): Brazil halted beef exports to China on 4 Sep 2021 under protocol after two atypical cases (MG, MT); China authorised resumption on 15 Dec 2021, i.e. ~102 days (~3.4 months); China then took ~60% of Brazil's beef exports.",2021-12-15,https://datamarnews.com/noticias/china-lifts-embargo-and-resumes-beef-imports-from-brazil/,DatamarNews / AgWeb,2026-10-05,C4 China alignment,high
B18,"2023 atypical BSE suspension (Lula govt): beef trade to China halted 22 Feb 2023 and China agreed to resume from 23 Mar 2023 (~1 month), just before Lula's April 2023 China visit.",2023-03-23,https://www.aljazeera.com/economy/2023/3/23/china-lifts-brazilian-beef-import-ban-ahead-of-lulas-visit,Al Jazeera / Bloomberg via Beef Magazine,2026-10-05,C4 China alignment,high
B19,"Australia–China coercion: from May–Nov 2020 China hit Australian barley, wine (tariffs), beef, timber (biosecurity), coal, cotton, lobster (informal bans); impediments were valued at ~A$20bn/yr; barley/coal/timber lifted 2023, wine (28 Mar 2024) and beef 2024, lobster 20 Dec 2024 (~4.5 years).",2024-12-20,https://www.ussc.edu.au/chinas-trade-restrictions-on-australian-exports,United States Studies Centre / newstalkzb,2026-10-05,C4 coercion analogue,high
B20,"USSC assesses China's Australia restrictions as 'relatively unsuccessful': cotton, coal and copper were diverted (cotton exports to Vietnam >3x 2018-22), barley went to Middle East at lower prices, wine exports fell 30% (2020-22), and lobster/timber found few alternatives.",2024,https://www.ussc.edu.au/chinas-trade-restrictions-on-australian-exports,United States Studies Centre,2026-10-05,C4 coercion analogue,medium
B21,"Canada canola 2019: China revoked Richardson (Mar 2019) and Viterra licences after the Meng Wanzhou arrest; Canadian canola seed exports to China fell from C$2.8bn (2018, ~40% of the crop's exports) to C$0.8bn (2019), C$1.4bn (2020), C$1.8bn (2021); restrictions lifted after >3 years (2022).",2022-05,https://theglobeandmail.com/business/article-more-than-three-years-later-china-lifts-canola-ban/,Globe and Mail / Canola Council,2026-10-05,C4 coercion analogue,high
B22,"Lithuania 2021: after the Taiwanese Representative Office opened, Chinese imports from Lithuania fell 91.4% y/y in Nov 2021 and Lithuania's exports to China fell ~80% in Jan–Oct 2022; the EU later withdrew its WTO case.",2022-03-21,https://www.bloomberg.com/news/articles/2022-03-21/china-s-imports-from-lithuania-collapses-amid-diplomatic-spat,Bloomberg / LRT,2026-10-05,C4 coercion analogue,high
B23,"Flávio Bolsonaro (PL), 21 Sep 2026 in Natal: relationship with China 'will always be economically pragmatic... we don't have to choose a side', accusing Lula's government of 'declaring war on the US and licking China's boot'; he pledged to negotiate the 55% beef tariff with Beijing.",2026-09-21,https://www.cnnbrasil.com.br/eleicoes/relacao-com-a-china-vai-ser-sempre-pragmatica-economicamente-diz-flavio/,CNN Brasil / china.org.br,2026-10-05,C4 China alignment,high
B24,"Foreign Policy reports Flávio's platform pledges to negotiate with China while aligning with the US on security, and endorses barring Pix from 'non-Western cross-border settlement arrangements' (targeting UnionPay integration).",2026-09-21,https://foreignpolicy.com/2026/09/21/brazil-presidential-election-lula-bolsonaro-china-us-trump/,Foreign Policy,2026-10-05,C4 China alignment,medium
B25,"Jair Bolsonaro visited Taiwan in Mar 2018 (Chinese embassy protested) and said as candidate 'the Chinese are not buying in Brazil, they are buying Brazil'; in office he visited Beijing (25 Oct 2019) saying the countries were 'born to walk together'.",2019-10-25,https://oliverstuenkel.com/2018/10/30/bolsonaro-americas-quarterly/,Americas Quarterly (Stuenkel) / Bloomberg,2026-10-05,C4 China alignment,high
B26,"Despite rhetoric, Brazilian exports to China reached a record ~US$89.4bn in 2022 (Bolsonaro's last year), vs US$31bn in 2010; China took over a third of Brazil's exports in 2020.",2023-01,https://www.poder360.com.br/economia/china-e-maior-destino-de-exportacao-em-14-estados-brasileiros/,Poder360 / Americas Quarterly,2026-10-05,C4 China alignment,high
B27,"Eduardo Bolsonaro blamed China for COVID (Chernobyl comparison, Mar 2020) and in Nov 2020 tweeted support for a '5G without Chinese espionage'; the Chinese embassy warned of 'negative consequences' to the partnership, but no trade measures followed and Huawei was not excluded from the 2021 5G auction.",2020-11-24,https://teletime.com.br/24/11/2020/china-sobe-o-tom-e-fala-em-consequencias-negativas-apos-acusacoes-de-eduardo-bolsonaro/,Teletime / Mobile Time,2026-10-05,C4 China alignment,medium
B28,"Modi made a state visit to Brasília on 8 Jul 2025 (first bilateral PM visit in 57 years) and set a target to raise bilateral trade from US$12.2bn to US$20bn within five years; 6 MoUs signed and both pledged to expand the Mercosur–India PTA.",2025-07-09,https://www.newsonair.gov.in/pm-modi-sets-20-billion-trade-target-with-brazil-by-2030,All India Radio / PMIndia,2026-10-05,C10 India/Middle East,high
B29,"Lula visited India in Feb 2026: the sides raised the goal to US$30bn bilateral trade by 2030 and signed 10 government agreements incl. critical minerals/steel supply chains, plus 7 private deals.",2026-02-22,https://www.business-standard.com/politics/with-president-lula-s-visit-india-brazil-trade-ties-touch-new-heights-126022200827_1.html,Business Standard / Al Jazeera,2026-10-05,C10 India/Middle East,high
B30,"India and Mercosur launched talks on 14 Sep 2026 to expand their 2009 PTA (currently ~450 tariff lines) and signed a First Additional Protocol on electronic certificates of origin.",2026-09-14,https://www.tribuneindia.com/news/business/india-brazil-aim-to-broaden-trade-agreement-beyond-current-tariff-categories,The Tribune / Gulf News,2026-10-05,C10 India/Middle East,medium
B31,"Brazil's CNPE approved joining the OPEC+ Charter of Cooperation in Feb 2025 (OPEC welcomed it 18 Feb 2025); the charter is non-binding and does not subject Brazil to production cuts.",2025-02-18,https://www.opec.org/pr-detail/516-18-february-2025.html,OPEC / Energy Intelligence / AP,2026-10-05,C10 India/Middle East,high
B32,"Mercosur–UAE CEPA talks were launched Jul 2025; the 4th round ended 7 Nov 2025 with the UAE calling talks 'advanced'; as of early 2026 no agreement had been signed; Mercosur–UAE non-oil trade was US$6.2bn in 2025.",2026-01,https://www.agbi.com/analysis/trade/2026/01/south-american-trade-bloc-mercosur-turns-to-uae-as-us-and-eu-deals-falter/,AGBI / ANBA,2026-10-05,C10 India/Middle East,medium
B33,"In Dec 2018 the Arab League warned president-elect Bolsonaro that moving Brazil's Israel embassy to Jerusalem would harm Arab–Brazil ties; in Mar-Apr 2019 Bolsonaro retreated to opening a 'business office' in Jerusalem instead.",2019-03-31,https://www.aljazeera.com/news/2018/12/arab-league-warns-brazil-move-embassy-jerusalem-181211082805156.html,Al Jazeera / Israel Hayom,2026-10-05,C10 India/Middle East,high
B34,"In Jan 2019 Saudi Arabia (then Brazil's top chicken buyer) delisted 33 Brazilian poultry plants (5 regular exporters incl. BRF, JBS units); 25 plants remained, which had shipped 437 kt (63%) of Brazil's 2018 chicken sales to Saudi; ABPA called it technical, while Arab-chamber figures linked it to the embassy plan.",2019-01-22,https://datamarnews.com/noticias/saudi-places-ban-on-33-brazilian-poultry-plants,DatamarNews / Seu Dinheiro,2026-10-05,C10 India/Middle East,medium
B35,"Brazil exported 5.32 Mt of chicken worth US$9.79bn in 2025 (2024: record 5.294 Mt, US$9.93bn); the Middle East took ~30% (US$3.08bn), with the UAE the top buyer by volume (479.9 kt) and Saudi Arabia third (397.2 kt).",2026-01,https://safras.com.br/exportacoes-de-carne-de-frango-confirmam-projecoes-positivas-e-fecham-2025-com-alta-de-06-abpa/,Safras (ABPA) / ANBA,2026-10-05,C10 India/Middle East,high
B36,"Israel declared Lula persona non grata on 19 Feb 2024 after he compared Gaza to the Holocaust; Brazil recalled its ambassador; Brazilian exports to Israel were US$725m in 2024 (+9.5%, crude 30%, beef 23%) and fell to ~US$569m in 2025 as crude shipments stopped.",2025-09-11,https://www.brasildefato.com.br/2025/09/11/brasil-zera-exportacoes-de-petroleo-para-israel-em-2025-apontam-dados-oficiais/,Times of Israel / Brasil de Fato,2026-10-05,C10 India/Middle East,medium
B37,"Flávio Bolsonaro has pledged to move Brazil's embassy to Jerusalem within the first six months of a 2027 term, restore an ambassador in Israel and join the Abraham Accords.",2026-01-31,https://www.israelhayom.com/2026/01/31/brazil-bolsonaro-son-israel-embassy-jerusalem-election/,Israel Hayom / JNS / JPost,2026-10-05,C10 India/Middle East,high
B38,"China habilitated 25 Brazilian plants in Sep 2019 (17 beef), lifting total China-approved meat plants from 64 to 89; in Mar 2024 China approved a record 38 more (24 beef slaughterhouses), when Brazil had 41 beef plants among 106 total, rising to 144.",2024-03-12,https://forbes.com.br/forbesagro/2024/03/china-habilita-mais-38-frigorificos-exportadores-de-carne-do-brasil-diz-ministerio/,Forbes Brasil / Canal Rural (MAPA),2026-10-05,C12 Agro sanitary access,high
B39,"After China lifted suspensions on three plants in 2025, Brazil had 66 beef plants approved to export to China.",2025,https://www.canalrural.com.br/pecuaria/china-reabilita-tres-frigorificos-brasileiros-para-exportacao-de-carne-bovina/,Canal Rural,2026-10-05,C12 Agro sanitary access,medium
B40,"Brazil's first commercial HPAI case (Montenegro, RS, May 2025) triggered a China ban from 16 May 2025 that was lifted on 7 Nov 2025 (~6 months); Brazil declared itself HPAI-free on 18 Jun 2025; China had bought >560 kt of Brazilian chicken in 2024.",2025-11-07,https://datamarnews.com/noticias/china-lifts-brazil-poultry-import-ban-tied-to-avian-flu/,DatamarNews,2026-10-05,C12 Agro sanitary access,high
B41,"The EU lifted its ~4-month suspension of Brazilian poultry in Sep 2025, with Rio Grande do Sul cleared from 2 Oct 2025; Mexico narrowed its ban to RS on 10 Jun 2025.",2025-09,https://www.thepoultrysite.com/news/2025/09/eu-lifts-bird-flu-ban-on-brazilian-chicken-exports,The Poultry Site / DatamarNews,2026-10-05,C12 Agro sanitary access,high
B42,"Executive Order 14361 (20 Nov 2025) removed the extra 40% US tariff on Brazilian beef, coffee, fruit and other farm goods, retroactive to entries from 13 Nov 2025.",2025-11-20,https://www.presidency.ucsb.edu/node/379122,American Presidency Project / Thompson Hine,2026-10-05,C12 Agro sanitary access,high
B43,"The US 'other countries' beef TRQ (originally ~65 kt) was cut to ~52 kt after 13 kt went to the UK; Brazil filled it by 6 Jan 2026, facing 26.4% out-of-quota duty; a 26 Aug 2026 proclamation added up to 300 kt of duty-free lean trimmings (100 kt/month, 1 Sep–30 Nov 2026) for 'other countries' incl. Brazil.",2026-08-28,https://en.mercopress.com/2026/08/28/the-us-waives-beef-tariffs-for-brazil-and-paraguay-but-not-for-argentina-and-uruguay,MercoPress / Beef Central,2026-10-05,C12 Agro sanitary access,medium
B44,"MAPA counts 639 new agricultural market openings in 97 destinations since Jan 2023 (as of Jun 2026), targeting 700 by end-2026; Lula cited ~500 openings for 2023-25.",2026-06-10,https://vermelho.org.br/2026/06/10/lula-abre-639-mercados-e-impulsiona-exportacoes-do-agro/,Vermelho (MAPA data) / Jornal Grande Bahia,2026-10-05,C12 Agro sanitary access,medium
B45,"Vietnam opened to Brazilian beef in Mar 2025 after Lula's visit (8 plants approved); Japan scheduled a sanitary audit of Brazilian beef (RS, SC, PR) for Mar 2026 after Brazil won WOAH FMD-free-without-vaccination status in May 2025; no confirmed Japanese opening found.",2025-12,https://www.thecattlesite.com/news/japan-to-audit-brazil-beef-system-in-2026-market-opening-push,The Cattle Site (Reuters) / Food Business MEA,2026-10-05,C12 Agro sanitary access,medium
B46,"Tereza Cristina (PP-MS), Bolsonaro's 2019-22 agriculture minister, declined to be Flávio's running mate (Jul 2026) but is shaping his agribusiness proposals, suggesting continuity of the MAPA technocratic line across both camps.",2026-07-21,https://www.brasildefato.com.br/2026/07/21/ex-ministra-de-bolsonaro-tereza-cristina-recusa-convite-para-ser-vice-de-flavio/,Brasil de Fato / A Crítica,2026-10-05,C12 Agro sanitary access,medium
B47,"China imposed rare-earth export licensing on 7 medium/heavy elements on 4 Apr 2025 and expanded controls on 9 Oct 2025 (Ann. 55-58, 61, 62); on 7 Nov 2025 it suspended the October measures until 10 Nov 2026 (April regime not suspended); no extension had been announced by late Sep 2026.",2025-11-07,https://www.jonesday.com/en/insights/2025/11/bis-suspends-affiliates-rule_china-pauses-rare-earth-export-controls,Jones Day / Global Times / Rare Earth Exchanges,2026-10-05,C13 Critical minerals,high
B48,"The US DFC approved a US$465m loan to Serra Verde (Pela Ema rare-earth mine, Goiás) in 2025; Serra Verde produces 4-5 kt/yr REO, targeting 6.5 kt by 2027.",2025-11,https://news.bloomberglaw.com/environment-and-energy/us-backs-brazilian-rare-earth-project-with-465-million-funding,Bloomberg Law,2026-10-05,C13 Critical minerals,high
B49,"USA Rare Earth agreed on 20 Apr 2026 to buy 100% of Serra Verde for ~US$2.8bn (US$300m cash + 126.8m shares) with a 15-year 100% offtake to a US-government-backed SPV; closing expected Q3 2026 subject to approvals.",2026-04-20,https://www.sec.gov/Archives/edgar/data/0001970622/000121390026045339/ea028691001ex99-1.htm,USA Rare Earth 8-K (SEC),2026-10-05,C13 Critical minerals,high
B50,"The US signed a critical-minerals MoU with Goiás state (not the federal government) in 2026; a US chargé said a federal-level deal had been proposed but Brasília had not agreed.",2026,https://www.mining.com/web/us-in-talks-with-brazil-on-critical-minerals-signs-goias-deal/,Reuters via MINING.COM,2026-10-05,C13 Critical minerals,medium
B51,"Law 15.506 (16 Sep 2026; PL 2.780/2024) created Brazil's National Critical and Strategic Minerals Policy and the Cimce council under the Presidency, which lists critical minerals and must approve international operations and changes of corporate control; funding includes FGAM (up to R$2bn) and up to R$1bn/yr tax credits 2030-34.",2026-09-17,https://www12.senado.leg.br/noticias/materias/2026/09/17/sancionada-politica-nacional-de-minerais-criticos-e-estrategicos,Agência Senado / Câmara,2026-10-05,C13 Critical minerals,high
B52,"CBMM (dominant global niobium producer) is 15% owned by a Chinese consortium (US$1.95bn in 2011) and China absorbs ~40-45% of its sales volume.",2021,https://ibram.org.br/noticia/chineses-pagam-us-195-bi-por-15-da-cbmm,IBRAM / CBMM,2026-10-05,C13 Critical minerals,medium
