indicator_id,indicator_name,country_id,country_name,countryiso3code,date,value,unit,obs_status,decimal
AG.LND.FRST.K2,Forest area (sq. km),BR,Brazil,BRA,2023,,"","",1
AG.LND.FRST.K2,Forest area (sq. km),BR,Brazil,BRA,2022,4941960.222,"","",1
AG.LND.FRST.K2,Forest area (sq. km),BR,Brazil,BRA,2021,4953913.667,"","",1
AG.LND.FRST.K2,Forest area (sq. km),BR,Brazil,BRA,2020,4966196.0,"","",1
AG.LND.FRST.K2,Forest area (sq. km),BR,Brazil,BRA,2019,4977985.0,"","",1
AG.LND.FRST.K2,Forest area (sq. km),BR,Brazil,BRA,2018,4990514.0,"","",1
AG.LND.FRST.K2,Forest area (sq. km),BR,Brazil,BRA,2017,5000916.0,"","",1
AG.LND.FRST.K2,Forest area (sq. km),BR,Brazil,BRA,2016,5020821.0,"","",1
AG.LND.FRST.K2,Forest area (sq. km),BR,Brazil,BRA,2015,5038848.0,"","",1
AG.LND.FRST.K2,Forest area (sq. km),BR,Brazil,BRA,2014,5054239.8,"","",1
AG.LND.FRST.K2,Forest area (sq. km),BR,Brazil,BRA,2013,5069631.6,"","",1
AG.LND.FRST.K2,Forest area (sq. km),BR,Brazil,BRA,2012,5085023.4,"","",1
AG.LND.FRST.K2,Forest area (sq. km),BR,Brazil,BRA,2011,5100415.2,"","",1
AG.LND.FRST.K2,Forest area (sq. km),BR,Brazil,BRA,2010,5115807.0,"","",1
AG.LND.FRST.K2,Forest area (sq. km),BR,Brazil,BRA,2009,5155314.9,"","",1
AG.LND.FRST.K2,Forest area (sq. km),BR,Brazil,BRA,2008,5194822.8,"","",1
AG.LND.FRST.K2,Forest area (sq. km),BR,Brazil,BRA,2007,5234330.7,"","",1
AG.LND.FRST.K2,Forest area (sq. km),BR,Brazil,BRA,2006,5273838.6,"","",1
AG.LND.FRST.K2,Forest area (sq. km),BR,Brazil,BRA,2005,5313346.5,"","",1
AG.LND.FRST.K2,Forest area (sq. km),BR,Brazil,BRA,2004,5352854.4,"","",1
AG.LND.FRST.K2,Forest area (sq. km),BR,Brazil,BRA,2003,5392362.3,"","",1
AG.LND.FRST.K2,Forest area (sq. km),BR,Brazil,BRA,2002,5431870.2,"","",1
AG.LND.FRST.K2,Forest area (sq. km),BR,Brazil,BRA,2001,5471378.1,"","",1
AG.LND.FRST.K2,Forest area (sq. km),BR,Brazil,BRA,2000,5510886.0,"","",1
AG.LND.FRST.K2,Forest area (sq. km),BR,Brazil,BRA,1999,5548695.4,"","",1
AG.LND.FRST.K2,Forest area (sq. km),BR,Brazil,BRA,1998,5586504.8,"","",1
AG.LND.FRST.K2,Forest area (sq. km),BR,Brazil,BRA,1997,5624314.2,"","",1
AG.LND.FRST.K2,Forest area (sq. km),BR,Brazil,BRA,1996,5662123.6,"","",1
AG.LND.FRST.K2,Forest area (sq. km),BR,Brazil,BRA,1995,5699933.0,"","",1
AG.LND.FRST.K2,Forest area (sq. km),BR,Brazil,BRA,1994,5737742.4,"","",1
AG.LND.FRST.K2,Forest area (sq. km),BR,Brazil,BRA,1993,5775551.8,"","",1
AG.LND.FRST.K2,Forest area (sq. km),BR,Brazil,BRA,1992,5813361.2,"","",1
AG.LND.FRST.K2,Forest area (sq. km),BR,Brazil,BRA,1991,5851170.6,"","",1
AG.LND.FRST.K2,Forest area (sq. km),BR,Brazil,BRA,1990,5888980.0,"","",1
AG.LND.FRST.K2,Forest area (sq. km),BR,Brazil,BRA,1989,,"","",1
AG.LND.FRST.K2,Forest area (sq. km),BR,Brazil,BRA,1988,,"","",1
AG.LND.FRST.K2,Forest area (sq. km),BR,Brazil,BRA,1987,,"","",1
AG.LND.FRST.K2,Forest area (sq. km),BR,Brazil,BRA,1986,,"","",1
AG.LND.FRST.K2,Forest area (sq. km),BR,Brazil,BRA,1985,,"","",1
AG.LND.FRST.K2,Forest area (sq. km),BR,Brazil,BRA,1984,,"","",1
AG.LND.FRST.K2,Forest area (sq. km),BR,Brazil,BRA,1983,,"","",1
AG.LND.FRST.K2,Forest area (sq. km),BR,Brazil,BRA,1982,,"","",1
AG.LND.FRST.K2,Forest area (sq. km),BR,Brazil,BRA,1981,,"","",1
AG.LND.FRST.K2,Forest area (sq. km),BR,Brazil,BRA,1980,,"","",1
AG.LND.FRST.K2,Forest area (sq. km),BR,Brazil,BRA,1979,,"","",1
AG.LND.FRST.K2,Forest area (sq. km),BR,Brazil,BRA,1978,,"","",1
AG.LND.FRST.K2,Forest area (sq. km),BR,Brazil,BRA,1977,,"","",1
AG.LND.FRST.K2,Forest area (sq. km),BR,Brazil,BRA,1976,,"","",1
AG.LND.FRST.K2,Forest area (sq. km),BR,Brazil,BRA,1975,,"","",1
AG.LND.FRST.K2,Forest area (sq. km),BR,Brazil,BRA,1974,,"","",1
AG.LND.FRST.K2,Forest area (sq. km),BR,Brazil,BRA,1973,,"","",1
AG.LND.FRST.K2,Forest area (sq. km),BR,Brazil,BRA,1972,,"","",1
AG.LND.FRST.K2,Forest area (sq. km),BR,Brazil,BRA,1971,,"","",1
AG.LND.FRST.K2,Forest area (sq. km),BR,Brazil,BRA,1970,,"","",1
AG.LND.FRST.K2,Forest area (sq. km),BR,Brazil,BRA,1969,,"","",1
AG.LND.FRST.K2,Forest area (sq. km),BR,Brazil,BRA,1968,,"","",1
AG.LND.FRST.K2,Forest area (sq. km),BR,Brazil,BRA,1967,,"","",1
AG.LND.FRST.K2,Forest area (sq. km),BR,Brazil,BRA,1966,,"","",1
AG.LND.FRST.K2,Forest area (sq. km),BR,Brazil,BRA,1965,,"","",1
AG.LND.FRST.K2,Forest area (sq. km),BR,Brazil,BRA,1964,,"","",1
AG.LND.FRST.K2,Forest area (sq. km),BR,Brazil,BRA,1963,,"","",1
AG.LND.FRST.K2,Forest area (sq. km),BR,Brazil,BRA,1962,,"","",1
AG.LND.FRST.K2,Forest area (sq. km),BR,Brazil,BRA,1961,,"","",1
AG.LND.FRST.K2,Forest area (sq. km),BR,Brazil,BRA,1960,,"","",1
