branch,pb_case,primary_balance,r_minus_g,debt_2030,hist_mandates
S-L Lula IV (left),pb p25,-0.9325,4.0,99.87665716201275,"Lula I, Lula II, Dilma I, Dilma II, Lula III"
S-L Lula IV (left),pb p25,-0.9325,5.057817253900551,103.63670464471399,"Lula I, Lula II, Dilma I, Dilma II, Lula III"
S-L Lula IV (left),pb p25,-0.9325,6.0,107.07563888189465,"Lula I, Lula II, Dilma I, Dilma II, Lula III"
S-L Lula IV (left),pb median,1.5675,4.0,89.30307429474155,"Lula I, Lula II, Dilma I, Dilma II, Lula III"
S-L Lula IV (left),pb median,1.5675,5.057817253900551,92.90668407780596,"Lula I, Lula II, Dilma I, Dilma II, Lula III"
S-L Lula IV (left),pb median,1.5675,6.0,96.2045851691027,"Lula I, Lula II, Dilma I, Dilma II, Lula III"
S-L Lula IV (left),pb p75,2.7824999999999998,4.0,84.16431302124774,"Lula I, Lula II, Dilma I, Dilma II, Lula III"
S-L Lula IV (left),pb p75,2.7824999999999998,5.057817253900551,87.69189408228864,"Lula I, Lula II, Dilma I, Dilma II, Lula III"
S-L Lula IV (left),pb p75,2.7824999999999998,6.0,90.92125306468584,"Lula I, Lula II, Dilma I, Dilma II, Lula III"
S-R Flávio Bolsonaro (right),pb p25,-1.9964583333333332,4.0,104.37659780394227,"Temer, Bolsonaro"
S-R Flávio Bolsonaro (right),pb p25,-1.9964583333333332,5.057817253900551,108.2032225643139,"Temer, Bolsonaro"
S-R Flávio Bolsonaro (right),pb p25,-1.9964583333333332,6.0,111.7021781578303,"Temer, Bolsonaro"
S-R Flávio Bolsonaro (right),pb median,-1.9654166666666666,4.0,104.24530915000699,"Temer, Bolsonaro"
S-R Flávio Bolsonaro (right),pb median,-1.9654166666666666,5.057817253900551,108.06999147560813,"Temer, Bolsonaro"
S-R Flávio Bolsonaro (right),pb median,-1.9654166666666666,6.0,111.56719590756315,"Temer, Bolsonaro"
S-R Flávio Bolsonaro (right),pb p75,-1.934375,4.0,104.11402049607169,"Temer, Bolsonaro"
S-R Flávio Bolsonaro (right),pb p75,-1.934375,5.057817253900551,107.93676038690236,"Temer, Bolsonaro"
S-R Flávio Bolsonaro (right),pb p75,-1.934375,6.0,111.43221365729597,"Temer, Bolsonaro"
