r_minus_g,primary_balance,debt_2026,debt_2027,debt_2028,debt_2029,debt_2030,current_r_minus_g
2,-1,82.86,85.40544477929342,87.99836535324215,90.63964720602424,93.33019233722806,5.057817253900551
2,0,82.86,84.40544477929342,85.97971407663954,87.58334550609747,89.21688670891488,5.057817253900551
2,1,82.86,83.40544477929342,83.9610628000369,84.52704380617067,85.10358108060167,5.057817253900551
2,2,82.86,82.40544477929342,81.94241152343429,81.47074210624392,80.99027545228853,5.057817253900551
4,-1,82.86,86.95088955858685,91.19437974258969,95.59616294495724,100.16214389942907,5.057817253900551
4,0,82.86,85.95088955858685,89.15707718938444,92.48286380486586,95.93271075252058,5.057817253900551
4,1,82.86,84.95088955858685,87.1197746361792,89.3695646647745,91.70327760561212,5.057817253900551
4,2,82.86,83.95088955858685,85.08247208297395,86.25626552468313,87.47384445870362,5.057817253900551
6,-1,82.86,88.49633433788028,94.44804316804259,100.7327729011538,107.36915733213999,5.057817253900551
6,0,82.86,87.49633433788028,92.39208933823471,97.56178058066001,103.02073584702323,5.057817253900551
6,1,82.86,86.49633433788028,90.33613550842684,94.39078826016622,98.67231436190646,5.057817253900551
6,2,82.86,85.49633433788028,88.28018167861897,91.21979593967245,94.3238928767897,5.057817253900551
