series_id,window,n_left,n_right,mean_left_win,mean_right_transition,diff,perm_p,p_min
ibovespa_usd,"[-1,+1]",6,3,0.09210995396322685,5.668914730406009,-5.576804776442781,0.21428571428571427,0.011904761904761904
ibovespa_usd,"[-5,+5]",6,3,2.5312468748713264,10.414338756411949,-7.883091881540622,0.19047619047619047,0.011904761904761904
ibovespa_usd,"[-20,+20]",6,3,3.149563601842195,17.00460652143143,-13.855042919589236,0.03571428571428571,0.011904761904761904
ibovespa_usd,"[-60,+60]",6,3,-11.813584393328938,51.222179260843625,-63.03576365417256,0.011904761904761904,0.011904761904761904
ibovespa_usd,"[0,+60]",6,3,-3.751246929134297,19.360269956347512,-23.11151688548181,0.011904761904761904,0.011904761904761904
ibovespa_usd,"pre [-120,-1]",6,3,-19.533926050752015,29.976182669766875,-49.510108720518886,0.09523809523809523,0.011904761904761904
ibovespa_usd,"[-5,-1]",6,3,-0.03945989176266814,5.504702680339688,-5.544162572102356,0.21428571428571427,0.011904761904761904
ibovespa_level,"[-1,+1]",6,3,-0.33612040381025765,4.247542996389792,-4.58366340020005,0.05952380952380952,0.011904761904761904
ibovespa_level,"[-5,+5]",6,3,1.8855250271196988,6.613012755865074,-4.727487728745375,0.13095238095238096,0.011904761904761904
ibovespa_level,"[-20,+20]",6,3,3.645304887222192,7.214244591933095,-3.5689397047109033,0.30952380952380953,0.011904761904761904
ibovespa_level,"[-60,+60]",6,3,-3.855715503925792,25.774442677485325,-29.63015818141112,0.023809523809523808,0.011904761904761904
ibovespa_level,"[0,+60]",6,3,-2.8251325743115374,8.860168967645759,-11.685301541957296,0.011904761904761904,0.011904761904761904
ibovespa_level,"pre [-120,-1]",6,3,-5.516233560829782,11.600598302999778,-17.11683186382956,0.2857142857142857,0.011904761904761904
ibovespa_level,"[-5,-1]",6,3,0.5923846061047308,3.3943425306994697,-2.801957924594739,0.5119047619047619,0.011904761904761904
brl_usd,"[-1,+1]",6,3,0.24421533778402238,0.9343310295191234,-0.690115691735101,0.6428571428571429,0.011904761904761904
brl_usd,"[-5,+5]",6,3,0.4847905011868862,3.6348460838768433,-3.1500555826899572,0.30952380952380953,0.011904761904761904
brl_usd,"[-20,+20]",6,3,-0.6046402747338457,9.30115082729521,-9.905791102029056,0.011904761904761904,0.011904761904761904
brl_usd,"[-60,+60]",6,3,-7.867103327366632,23.180432363203675,-31.047535690570307,0.011904761904761904,0.011904761904761904
brl_usd,"[0,+60]",6,3,-0.5167312003316701,9.461439763526705,-9.978170963858375,0.03571428571428571,0.011904761904761904
brl_usd,"pre [-120,-1]",6,3,-14.182148057498823,18.65762854363189,-32.839776601130716,0.05952380952380952,0.011904761904761904
brl_usd,"[-5,-1]",6,3,-0.7799641219090659,1.9240653166593165,-2.7040294385683823,0.047619047619047616,0.011904761904761904
embi_brazil,"[-1,+1]",6,3,12.461538461538465,2.6102564102564103,9.851282051282055,0.7976190476190477,0.011904761904761904
embi_brazil,"[-5,+5]",6,3,-33.47435897435897,-31.317948717948713,-2.1564102564102576,1.0,0.011904761904761904
embi_brazil,"[-20,+20]",6,3,-135.1923076923077,-59.21538461538461,-75.9769230769231,0.9880952380952381,0.011904761904761904
embi_brazil,"[-60,+60]",6,3,-83.05128205128204,-145.16410256410256,62.11282051282052,0.7857142857142857,0.011904761904761904
embi_brazil,"[0,+60]",6,3,-44.28205128205129,-61.702564102564104,17.420512820512812,0.9047619047619048,0.011904761904761904
embi_brazil,"pre [-120,-1]",6,3,149.46153846153845,-83.92307692307692,233.38461538461536,0.40476190476190477,0.011904761904761904
embi_brazil,"[-5,-1]",6,3,-26.3974358974359,-18.205128205128204,-8.192307692307697,0.8690476190476191,0.011904761904761904
gov_real_yield_10y,"[-1,+1]",2,3,-0.19999999999997708,-13.88717948717943,13.687179487179453,0.3,0.1
gov_real_yield_10y,"[-5,+5]",2,3,-0.4000000000000439,-27.03076923076922,26.630769230769175,0.3,0.1
gov_real_yield_10y,"[-20,+20]",2,3,2.600000000000028,-105.90256410256411,108.50256410256414,0.1,0.1
gov_real_yield_10y,"[-60,+60]",2,3,-26.900000000000002,-198.67179487179487,171.77179487179487,0.1,0.1
gov_real_yield_10y,"[0,+60]",2,3,-10.899999999999983,-66.26153846153842,55.36153846153844,0.1,0.1
gov_real_yield_10y,"pre [-120,-1]",2,3,-38.50000000000005,-135.82051282051282,97.32051282051276,0.5,0.1
gov_real_yield_10y,"[-5,-1]",2,3,-14.5,-19.58974358974358,5.0897435897435805,0.9,0.1
focus_fx,"[-1,+1]",6,3,-0.00186153846153838,-0.04310256410256399,0.04124102564102561,0.07142857142857142,0.011904761904761904
focus_fx,"[-5,+5]",6,3,0.0263076923076923,-0.07582051282051272,0.10212820512820502,0.03571428571428571,0.011904761904761904
focus_fx,"[-20,+20]",6,3,0.17669230769230773,-0.2868461538461539,0.4635384615384617,0.03571428571428571,0.011904761904761904
focus_fx,"[-60,+60]",6,3,0.3993846153846154,-0.6473589743589748,1.0467435897435902,0.023809523809523808,0.011904761904761904
focus_fx,"[0,+60]",6,3,0.20861538461538465,-0.3719743589743591,0.5805897435897438,0.011904761904761904,0.011904761904761904
focus_fx,"pre [-120,-1]",6,3,0.3132051282051284,-0.26076923076923103,0.5739743589743594,0.20238095238095238,0.011904761904761904
focus_fx,"[-5,-1]",6,3,0.004230769230769237,-0.049615384615384506,0.053846153846153745,0.05952380952380952,0.011904761904761904
focus_selic_12m,"[-1,+1]",6,3,-0.3584615384615386,0.17782051282051284,-0.5362820512820514,0.6904761904761905,0.023809523809523808
focus_selic_12m,"[-5,+5]",6,3,-0.21519230769230782,0.06089743589743587,-0.2760897435897437,0.7857142857142857,0.023809523809523808
focus_selic_12m,"[-20,+20]",6,3,0.3251923076923077,-0.7275641025641026,1.0527564102564104,0.4880952380952381,0.011904761904761904
focus_selic_12m,"[-60,+60]",6,3,-0.4921153846153847,-1.9567948717948722,1.4646794871794875,0.4642857142857143,0.011904761904761904
focus_selic_12m,"[0,+60]",6,3,-0.8845512820512821,-0.879871794871795,-0.004679487179487074,1.0,0.011904761904761904
focus_selic_12m,"pre [-120,-1]",6,3,0.919871794871795,-1.6938461538461542,2.6137179487179494,0.2261904761904762,0.011904761904761904
focus_selic_12m,"[-5,-1]",6,3,0.11006410256410244,-0.08807692307692311,0.19814102564102554,0.5238095238095238,0.011904761904761904
