metric_id,bucket,name,primary,series_ids,source,freq,first_year,last_year,last_date,unit,transform,n_left,n_right,mean_left,mean_right,diff,diff_weighted,ci80,ci95,perm_p,p_min_attainable,n_labelings,bh_q,diff_tot_adj,ci_tot_adj,ci95_tot_adj,perm_p_tot,bh_q_tot,rank_diff,sign_consistency_share,n_cells,q0_term_shap_lean,q0_term_shap_tot,q0_year_shap_lean,q0_year_shap_tot,left_narrative_expects,right_narrative_expects,verdict
A1,A Growth,Real GDP growth,True,wb/NY.GDP.MKTP.KD.ZG.BR; ibc_br (2026 YTD),Banco Central (SGS); World Bank (Dateno),annual; monthly,1985,2026,2026-07-01,% y/y,term mean of annual values,3,4,2.592689170260741,0.6300451942255489,1.9626439760351921,1.6834219023823238,"[0.18269450867354076, 3.7759757135457708]","[-0.7915573671256221, 4.817194262974376]",0.17142857142857143,0.02857142857142857,35.0,0.8624999999999999,2.3421640002042508,"[0.7682288577402786, 3.992255016248729]","[-0.12622488518823252, 4.832446338694987]",0.11428571428571428,0.6272727272727272,2.333333333333333,0.9833333333333333,480.0,0.0904100285645294,0.3135085840686799,0.18509138658522029,0.12038374865908763,higher,lower,"robust-by-CI Δ+ (perm p 0.17, floor 0.03); sign matches left narrative; contradicts right narrative's expectation"
A2,A Growth,GDP per capita growth,True,wb/NY.GDP.PCAP.KD.ZG.BR,World Bank (Dateno),annual,1985,2025,2025-12-31,% y/y,term mean of annual values,3,4,1.9856397354013717,-0.46094737676188235,2.446587112163254,2.088973059079068,"[0.6269377581728545, 4.273415955664913]","[-0.5155592276435119, 5.303574217464629]",0.17142857142857143,0.02857142857142857,35.0,0.8624999999999999,2.3526692943172605,"[0.7721031134771481, 3.8882150430266256]","[-0.08024471607255533, 4.715850568850607]",0.17142857142857143,0.6272727272727272,2.333333333333333,0.9708333333333333,480.0,0.18036709846936788,0.23292621322148016,0.17171388482232008,0.1391616475816102,higher,lower,"robust-by-CI Δ+ (perm p 0.17, floor 0.03); sign matches left narrative; contradicts right narrative's expectation"
A3,A Growth,Investment (GFCF) % GDP,True,wb/NE.GDI.FTOT.ZS.BR,World Bank (Dateno),annual,1985,2025,2025-12-31,% GDP,term mean of annual values,3,4,18.30093860106064,17.398784251553266,0.9021543495073736,0.777181628634203,"[-0.5584221986728878, 2.4606767897301767]","[-1.2870798722806132, 3.3161020101881844]",0.5142857142857142,0.02857142857142857,35.0,0.9857142857142857,1.615905580174541,"[0.21310353335791918, 3.0298872291784082]","[-0.4473111974869729, 3.8460092036943894]",0.2571428571428571,0.6272727272727272,0.583333333333333,0.9770833333333333,480.0,0.003766253834846245,0.0310985150876138,0.28941003527158815,0.07798096408164823,higher,lower,no robust association
A4,A Growth,Industrial production growth,False,wb/IPTOTSAKD_M.BRA,World Bank (Dateno),monthly,1992,2025,2025-12-31,% y/y (log),term mean of annual values,3,3,0.6848526903181519,0.07657956022075256,0.6082731300973994,0.42723927725329813,"[-2.222545260428674, 3.4111835627974876]","[-3.753788782685447, 5.107801496191308]",0.9,0.1,20.0,,1.1972479516832695,"[-0.9497630354254463, 3.502715466059479]","[-2.0688070789104542, 5.082849365320875]",0.4,,0.33333333333333304,,,0.03250493948612704,0.7412413635595176,0.07845416727985721,0.3156628574234146,higher,lower,secondary — descriptive only
A5,A Growth,Output per worker growth,False,ilostat/SDG_0821_NOC_RT.BRA,ILO (Dateno),annual,2000,2025,2025-12-31,% y/y,term mean of annual values,3,3,1.2592472222222222,0.004500000000000008,1.2547472222222222,1.4156874999999998,"[-0.08657999999999991, 2.5437608333333337]","[-0.9315069444444443, 3.360634166666665]",0.1,0.1,20.0,,1.3121694662320291,"[0.17409238190362133, 2.396900820413182]","[-0.6781535110688759, 3.125767298201901]",0.1,,3.0,,,0.6270246097805989,0.28089574867007,0.09017250668307897,0.4217714643376489,higher,lower,secondary — descriptive only
B1,B Prices & rates,"Inflation (GDP deflator, log)",True,wb/NY.GDP.DEFL.KD.ZG.BR,World Bank (Dateno),annual,1985,2025,2025-12-31,100·log(1+π),term mean of annual values,3,4,6.8104715353051155,68.4875791174431,-61.67710758213799,-43.17702139862902,"[-135.65390069188692, -0.697152979760814]","[-179.57838084348805, 1.3215670081810127]",0.5714285714285714,0.02857142857142857,35.0,0.9857142857142857,-7.477760859821096,"[-49.57478650327694, 29.59625687335073]","[-78.26047926306853, 44.127872870721006]",0.8285714285714286,0.942857142857143,-1.75,0.5875,480.0,0.1317358714627342,0.4926703918974817,0.26648130027589184,0.2967118174712245,no difference,higher,no robust association
B1b,B Prices & rates,IPCA 12m (Dec),False,ipca_12m,Banco Central (SGS),monthly,2000,2026,2026-08-01,%,term mean of annual values,3,3,5.7790833333333325,6.4077777777777785,-0.628694444444446,-0.5269411764705882,"[-2.7484583333333332, 1.304669444444446]","[-4.155185416666664, 2.3868652777777744]",0.7,0.1,20.0,,-0.19599449270932645,"[-2.0512272118647696, 1.558396029452659]","[-3.28267053422606, 2.3699291700066976]",0.9,,-0.33333333333333304,,,0.05565221198229142,0.48115729133126206,0.005323059298320332,0.0817647132769943,no difference,higher,secondary — descriptive only
B2,B Prices & rates,Real policy rate (ex-ante),True,real_policy_rate,Derived,monthly,2002,2026,2026-09-01,% p.a.,term mean of annual values,3,2,7.837742288088219,3.948713849596165,3.8890284384920535,4.393231006353904,"[1.1395501014066607, 6.7162269124338465]","[-0.5590295655232543, 8.267665377261212]",0.3,0.1,10.0,0.8624999999999999,4.1789095754649,"[1.8153471655453224, 6.567533341616407]","[0.7910987262621679, 7.896077968569354]",0.2,0.6272727272727272,1.6666666666666665,0.8787878787878788,330.0,0.6118288911361769,0.26742342140277536,0.13253590697277162,0.423814462194948,lower,higher,"robust-by-CI Δ+ (perm p 0.30, floor 0.10); sign matches right narrative; contradicts left narrative's expectation"
B3,B Prices & rates,Focus IPCA 12m expectation,False,focus_ipca_12m,Banco Central (Focus),daily,2002,2026,2026-09-25,%,term mean of annual values,3,2,5.086015176249784,4.455307159174575,0.6307080170752091,0.7192202673056833,"[-0.124859278332062, 1.3553789040174122]","[-0.5194486080692982, 1.6917788872746056]",0.4,0.1,10.0,,0.6070229628234927,"[-0.08180396669477047, 1.2793235936368357]","[-0.4524347646532292, 1.5907880009403943]",0.3,,1.6666666666666665,,,0.20920162772810746,0.3359616109921624,0.06961201892328922,0.1698837667397119,no difference,higher,secondary — descriptive only
B4,B Prices & rates,Real lending rate (WB),False,wb/FR.INR.RINR.BR,World Bank (Dateno),annual,1997,2025,2025-12-31,%,term mean of annual values,3,3,33.959252315868106,40.464413160869675,-6.505160845001569,-8.84929547927674,"[-18.481923721131785, 5.215598126994667]","[-25.190093483134348, 10.291520871969082]",0.8,0.1,20.0,,-2.682570130488962,"[-11.945086716760782, 6.3103472211650775]","[-18.551921513731344, 10.666168952842686]",0.8,,-0.33333333333333304,,,0.08795278809333806,0.012847602335597896,0.07747040373036906,0.24865772424712174,lower,higher,secondary — descriptive only
B5,B Prices & rates,Δ Private credit % GDP,False,wb/FS.AST.PRVT.GD.ZS.BR,World Bank (Dateno),annual,1985,2025,2025-12-31,pts/yr,term mean of annual values,3,4,2.400637726928703,-4.754663301619605,7.155301028548308,7.015246888685905,"[-3.316176838792492, 21.9738479646098]","[-10.897127356349085, 35.33257986258843]",0.11428571428571428,0.02857142857142857,35.0,,7.439571801673291,"[-1.5792768602367422, 19.507104206988725]","[-8.711698202050899, 31.282509969704247]",0.11428571428571428,,2.916666666666667,,,0.010112535286587454,0.004413111276328319,0.055262951067056754,0.05055685843141716,higher,no difference,secondary — descriptive only
C1,C Fiscal,Primary balance % GDP,True,primary_balance_gdp,Derived,monthly,2003,2026,2026-08-01,"% GDP (Dec, 12m)",term mean of annual values,3,2,1.02275,-1.9654166666666666,2.9881666666666664,3.4819327731092433,"[0.9764916666666668, 5.062808333333335]","[-0.13060833333333324, 6.57124166666666]",0.2,0.1,10.0,0.8624999999999999,3.2496929567557924,"[1.2998184323283901, 5.0696879328993605]","[-0.05786327230213308, 6.440034016397264]",0.2,0.6272727272727272,2.5,1.0,270.0,0.5744826275711812,0.02851179871685061,0.3216512721883108,0.08764551270728926,similar,lower,"robust-by-CI Δ+ (perm p 0.20, floor 0.10); contradicts left & right narrative's expectation"
C2,C Fiscal,Δ Gross debt % GDP,True,gross_public_debt_gdp,Banco Central (SGS),monthly,2007,2026,2026-08-01,pts/yr,term mean of annual values,3,2,1.5378333333333332,1.179583333333334,0.35824999999999907,0.7479120879120867,"[-3.4323500000000005, 4.62765833333334]","[-5.5265958333333325, 8.280099999999988]",1.0,0.1,10.0,1.0,0.732990385196294,"[-2.615567399897992, 4.35725895440702]","[-4.553863065504912, 6.99897860115547]",0.8,0.942857142857143,-0.8333333333333335,0.45555555555555555,270.0,0.0035396823229112973,0.3242106697956519,0.004266415315165251,0.3798168450302325,similar,higher,no robust association
C3,C Fiscal,Δ Net debt % GDP,False,net_public_debt_gdp,Banco Central (SGS),monthly,2003,2026,2026-08-01,pts/yr,term mean of annual values,3,2,0.3947499999999999,3.870416666666667,-3.475666666666667,-3.704201680672269,"[-6.976833333333334, -0.09128333333333638]","[-9.193566666666673, 1.5908958333333318]",0.3,0.1,10.0,,-3.8403291294000517,"[-7.264406149381776, -0.46771818982293034]","[-9.65875727438518, 1.08565353420929]",0.3,,-1.6666666666666665,,,0.38746711221504365,0.04709599768817768,0.22585811674719536,0.05532134441714409,similar,higher,secondary — descriptive only
C4,C Fiscal,Interest bill % GDP,True,interest_bill_gdp,Derived,monthly,2003,2026,2026-08-01,% GDP,term mean of annual values,3,2,6.603416666666668,5.483750000000001,1.1196666666666673,1.0676470588235292,"[0.0901750000000004, 2.115916666666667]","[-0.40618958333333405, 2.657520833333333]",0.4,0.1,10.0,0.9200000000000002,1.027550203564739,"[0.09651926010059964, 1.9783223622641517]","[-0.3213189587728545, 2.5320158335382144]",0.5,0.7666666666666667,1.6666666666666665,0.9333333333333333,270.0,0.4121338096519794,0.09856463419195766,0.1018666004358677,0.16109351045935827,similar,higher,"robust-by-CI Δ+ (perm p 0.40, floor 0.10); sign matches right narrative; contradicts left narrative's expectation"
C5,C Fiscal,Government consumption % GDP,False,wb/NE.CON.GOVT.ZS.BR,World Bank (Dateno),annual,1985,2025,2025-12-31,% GDP,term mean of annual values,3,4,18.99234612263992,19.311416702446877,-0.31907057980695797,-0.4370957336590955,"[-0.8785592524167235, 0.29824402073035866]","[-1.0700820093919, 0.7180933204342068]",0.5714285714285714,0.02857142857142857,35.0,,-1.6719472747187538,"[-2.6271420386766224, -0.6938205702571015]","[-3.1431564664883984, -0.10615743196815065]",0.14285714285714285,,-1.75,,,0.03418862078093299,0.0722424207042689,0.4470605091939988,0.3141033855239362,higher,higher,secondary — descriptive only
C6,C Fiscal,Tax revenue % GDP,False,wb/GC.TAX.TOTL.GD.ZS.BR,World Bank (Dateno),annual,2010,2024,2024-12-31,% GDP,term mean of annual values,2,2,14.405896075442175,13.790911966236411,0.6149841092057642,0.47220611007043445,"[0.06597830592524279, 1.2358468115150443]","[-0.1766192667937656, 1.7276258434278375]",0.3333333333333333,0.3333333333333333,6.0,,0.09288567156543692,"[-0.3839411434813986, 0.6107955134161552]","[-0.529165748645422, 1.0068647621136448]",0.6666666666666666,,2.0,,,,,0.0718170638719508,0.4062264399541375,higher,higher,secondary — descriptive only
D1,D Markets & external,USD equity return (log),True,wb/DSTKMKTXD_M.BRA (1995–2000); ibovespa_usd (2001–2026 YTD),Derived; World Bank (Dateno),daily; monthly,1995,2026,2026-10-01,% /yr (log),term mean of annual values,3,3,6.339217565184548,4.95488778391535,1.384329781269198,9.999329393667933,"[-25.736541263412814, 28.72720723424924]","[-39.544080731390274, 45.115711745751064]",1.0,0.1,20.0,1.0,5.901482234060225,"[-19.55424091527982, 32.85359695720142]","[-33.789143839797106, 46.76681353392542]",0.9,0.942857142857143,0.33333333333333304,0.8244444444444444,450.0,0.020950848299915836,0.8781530390425183,0.02078394274615908,0.06246598963441247,no difference,lower,no robust association
D2,D Markets & external,BRL appreciation vs USD (log),True,wb/DPANUSSPB_M.BRA (1995–2000); brl_usd (2001–2026 YTD),Banco Central (SGS); World Bank (Dateno),daily; monthly,1995,2026,2026-10-02,% /yr (+ = stronger BRL),term mean of annual values,3,3,-2.5554487709685296,-8.35045838550026,5.795009614531731,10.867720026406019,"[-7.2712536358479944, 18.544833830165437]","[-14.056212928516528, 24.802413044027382]",0.6,0.1,20.0,0.9857142857142857,6.86747229633219,"[-5.183973376503868, 19.010569953828306]","[-12.147302686262634, 25.581168564624047]",0.4,0.7582417582417581,1.0,0.9955555555555555,450.0,0.13787601098289687,0.7961547192426057,0.09284493577017766,0.086561686644751,no difference,weaker,no robust association
D3,D Markets & external,Real effective exchange rate,True,wb/PX.REX.REER.BR,World Bank (Dateno),annual,1985,2025,2025-12-31,index 2010=100 (+ = stronger),term mean of annual values,3,4,76.02463928365147,80.03102186878797,-4.006382585136507,-2.233130481961581,"[-18.05653006556544, 9.797507113395412]","[-25.55222945947324, 16.19843139379452]",0.7714285714285715,0.02857142857142857,35.0,1.0,-2.9788043886117777,"[-16.368712649526042, 10.549412023091483]","[-23.756842148101562, 17.999116171143992]",0.8285714285714286,0.942857142857143,0.0,0.09583333333333334,480.0,0.023265199614692866,0.024574788930170843,0.008325581508431434,0.012085191604708667,no difference,weaker,no robust association
D4,D Markets & external,EMBI spread,False,embi_brazil,IPEAData,daily,2000,2023,2024-07-30,bp,term mean of annual values,2,3,303.31945565630156,530.9415536574238,-227.62209800112225,-187.19561781297915,"[-518.6579441138094, 23.379623739747235]","[-692.5101777482483, 115.7214066661197]",0.8,0.1,10.0,,-158.181539125752,"[-338.3832569944892, 10.904783588173258]","[-485.7087038394947, 73.26570819239286]",0.5,,-0.8333333333333335,,,0.1792107422970149,0.09371882228513856,0.09746076029927864,0.4559412064093121,no difference,higher,secondary — descriptive only
D5,D Markets & external,10y real yield (NTN-B),False,gov_real_yield_10y,Tesouro Direto,daily,2015,2026,2026-10-02,% p.a.,term mean of annual values,1,2,,,,,,,,,,,,,,,,,,,,,0.33233035518980264,0.1490983646752993,no difference,higher,secondary — descriptive only
D6,D Markets & external,Current account % GDP,True,wb/BN.CAB.XOKA.GD.ZS.BR,World Bank (Dateno),annual,1985,2025,2025-12-31,% GDP,term mean of annual values,3,4,-2.169983139279236,-1.8933166753434552,-0.27666646393578076,0.5151108563763902,"[-1.6613957794196932, 1.134448322575198]","[-2.437767894558853, 1.85604738317892]",0.8,0.02857142857142857,35.0,1.0,0.5651084303676843,"[-0.43822633551308904, 1.5685165075198602]","[-0.9252205598702893, 2.072499226143554]",0.42857142857142855,0.7582417582417581,-0.5833333333333335,0.21041666666666667,480.0,0.042329393148769656,0.5813759349626619,0.12912030634336208,0.3185722142263702,no difference,lower,no robust association
D7,D Markets & external,FDI inflows % GDP,True,wb/BX.KLT.DINV.WD.GD.ZS.BR,World Bank (Dateno),annual,1985,2025,2025-12-31,% GDP,term mean of annual values,3,4,3.1007409269419117,2.6391915483925175,0.46154937854939426,0.1665826449986465,"[-0.4671091698930498, 1.468777639910284]","[-0.837806847928449, 2.066464826795185]",0.8285714285714286,0.02857142857142857,35.0,1.0,-0.40526473591988177,"[-0.8510650247458112, 0.03582183860882432]","[-1.0955397145891368, 0.2471608908937509]",0.2571428571428571,0.6272727272727272,0.583333333333333,0.15625,480.0,0.0913696980289414,0.4105407618632004,0.21275002427065237,0.4247821668134306,no difference,lower,no robust association
D8,D Markets & external,Δ Reserves (months of imports),False,wb/FI.RES.TOTL.MO.BR,World Bank (Dateno),annual,1985,2025,2025-12-31,months/yr,term mean of annual values,3,4,0.5065933166301759,-0.13676727025497437,0.6433605868851503,0.8527639002707716,"[-0.69946775257156, 1.8983783173111437]","[-1.5437830910149957, 2.6182527448451003]",0.45714285714285713,0.02857142857142857,35.0,,0.7743015740880208,"[-0.44270564898372855, 1.942735605481261]","[-1.2188183958891323, 2.5200537993429175]",0.2,,1.75,,,0.14874393390623802,0.029385568335962786,0.07023795298271651,0.08821202358427849,no difference,no difference,secondary — descriptive only
D9,D Markets & external,Δ Exports % GDP,False,wb/NE.EXP.GNFS.ZS.BR,World Bank (Dateno),annual,1985,2025,2025-12-31,pts/yr,term mean of annual values,3,4,-0.20568390918837953,0.7657834907500428,-0.9714673999384223,-0.939988083320829,"[-1.7460573374818278, -0.23747342072682553]","[-2.1752627116688283, 0.1422290174469013]",0.02857142857142857,0.02857142857142857,35.0,,-1.237330652613697,"[-1.984888036344673, -0.4978281435886135]","[-2.360966743761236, -0.08617374952692687]",0.02857142857142857,,-3.5,,,0.14608041176170722,0.28679744513318656,0.17204553664810912,0.02887230119971801,no difference,no difference,secondary — descriptive only
D10,D Markets & external,Δ Market cap % GDP,False,wb/CM.MKT.LCAP.GD.ZS.BR,World Bank (Dateno),annual,2001,2025,2025-12-31,pts/yr,term mean of annual values,3,3,-1.2460042827411892,0.0894970764536905,-1.3355013591948797,-0.43467780648251547,"[-10.543583203331874, 8.216969003141822]","[-15.421386481272956, 14.414733816165448]",0.8,0.1,20.0,,2.534812754860346,"[-8.083405260676862, 13.274319118346172]","[-13.394365585674162, 18.913091389632253]",0.8,,-0.33333333333333304,,,0.007688034807138311,0.8111054778900607,0.00013794992909954562,0.12008956373113533,no difference,lower,secondary — descriptive only
E1,E Labour & distribution,Unemployment rate,True,"wb/SL.UEM.TOTL.ZS.BR; unemployment_rate (2026 YTD, level-matched)",IBGE (SIDRA); World Bank (Dateno),annual; monthly,1991,2026,2026-08-01,%,term mean of annual values,3,4,7.8767,10.23228125,-2.35558125,-2.1116176470588233,"[-4.114613541666667, -0.5503662499999985]","[-4.981510468750001, 0.4311277083333312]",0.17142857142857143,0.02857142857142857,35.0,0.8624999999999999,-2.439012077217555,"[-4.101481086616413, -0.7267182066709277]","[-4.894479658810283, 0.17902945872062884]",0.14285714285714285,0.6272727272727272,-2.3333333333333335,1.0,480.0,0.2149678010562161,0.2461930723543238,0.30606564100908734,0.015780484425397423,lower,higher,"robust-by-CI Δ− (perm p 0.17, floor 0.03); sign matches left narrative; contradicts right narrative's expectation"
E1c,E Labour & distribution,Δ Unemployment rate,False,wb/SL.UEM.TOTL.ZS.BR,World Bank (Dateno),annual,1992,2026,2025-12-31,pts/yr,term mean of annual values,3,3,-0.3867333333333334,0.33237500000000003,-0.7191083333333335,-0.6539196078431373,"[-1.6671241666666667, 0.29221666666666685]","[-2.2326872916666662, 1.0852341666666618]",0.4,0.1,20.0,,-0.67084476960113,"[-1.6038702321536895, 0.27086702469983664]","[-2.234995010960663, 0.92070621349862]",0.4,,-1.6666666666666665,,,0.22623798786961302,0.05512979425981468,0.06191580554025272,0.05507617277292015,falls more,rises more,secondary — descriptive only
E2,E Labour & distribution,Δ Informality (within-series),False,wb/JI.EMP.IFRM.ZS.BRA (≤2020); ilostat/SDG_0831_SEX_ECO_RT.BRA (2021+),ILO (Dateno); World Bank (Dateno),annual,1985,2025,2025-12-31,pts/yr,term mean of annual values,3,4,-1.177911735932035,0.522451223547265,-1.7003629594793002,-1.606135988420916,"[-2.4229131330062916, -0.9908638916364981]","[-2.8129936178892856, -0.5801871728089387]",0.05714285714285714,0.02857142857142857,35.0,,-1.4503832704491013,"[-2.104634631319909, -0.7883453205220018]","[-2.4587924038457802, -0.3983185461026168]",0.02857142857142857,,-3.5,,,0.4517913557879007,0.09295206492151525,0.33651055435216043,0.05558701736224686,falls,rises (min-wage cost),secondary — descriptive only
E3,E Labour & distribution,Real minimum wage growth,True,ilostat/EAR_INEE_NOC_NB.BRA; wb/FP.CPI.TOTL.BR,ILO (Dateno); World Bank (Dateno),annual,1995,2024,2025-12-31,% /yr (log),term mean of annual values,3,3,3.650971856252362,0.586018655947689,3.0649532003046733,3.5957756449112566,"[0.9713229410531325, 5.136138749194732]","[-0.18108428091762, 6.481101093983599]",0.1,0.1,20.0,0.8624999999999999,3.3838717817846717,"[1.4376643467761299, 5.443950527130756]","[0.24661895182705018, 6.7039269771692345]",0.1,0.6272727272727272,3.0,0.9911111111111112,450.0,0.7134437331281767,0.14849721965502777,0.15802113368570764,0.04810261564805557,higher,higher (at employment cost),"robust-by-CI Δ+ (perm p 0.10, floor 0.10); sign matches left & right narrative"
E4,E Labour & distribution,Real average labour income growth,False,real_average_income,IBGE (SIDRA),monthly,2014,2026,2026-08-01,% /yr (log),term mean of annual values,2,2,2.3736478896650093,-0.44396712162209084,2.8176150112871,3.5286560794869315,"[0.2888932852648335, 5.31907684691368]","[-1.1097722144457478, 6.825204940935134]",0.3333333333333333,0.3333333333333333,6.0,,1.8521008474787992,"[-1.0345165234523135, 4.636495871759095]","[-2.5663777480866043, 6.318748192693772]",0.6666666666666666,,2.0,,,,,0.24002413264828304,0.035447827292217515,higher,no difference,secondary — descriptive only
E5,E Labour & distribution,Δ Gini,True,wb/SI.POV.GINI.BR (gaps interpolated),World Bank (Dateno),annual,1985,2024,2024-12-31,pts/yr,term mean of annual values,3,4,-0.5600000000000004,-0.853125,0.29312499999999964,0.1355555555555552,"[-0.8793750000000007, 1.5125833333333338]","[-1.461281250000001, 2.215020833333333]",0.9714285714285714,0.02857142857142857,35.0,1.0,0.3054561215431759,"[-0.8940285649005222, 1.5734339685748393]","[-1.4308146096053753, 2.280504945617928]",0.9428571428571428,0.942857142857143,-1.1666666666666665,0.24583333333333332,480.0,0.020273937120457552,0.24471104242028918,0.26215638673460073,0.10232139934744122,falls more,≈0 after ToT,no robust association
E5L,E Labour & distribution,Gini (level),False,wb/SI.POV.GINI.BR,World Bank (Dateno),annual,1985,2024,2024-12-31,index,term mean of annual values,3,4,53.0047619047619,55.319940476190474,-2.315178571428575,-2.1544642857142904,"[-4.970136904761904, 0.32224404761905145]","[-6.498238095238096, 1.5852410714285756]",0.34285714285714286,0.02857142857142857,35.0,,-0.7670044855747733,"[-2.817747960675066, 1.264538484717874]","[-3.898313961470303, 2.3679578899628897]",0.8571428571428571,,-1.75,,,0.2460307937449716,0.0018553137136335662,0.1863866700180294,0.23134507917820962,lower,≈0 after ToT,secondary — descriptive only
E6,E Labour & distribution,Δ Poverty $3.00/day,True,wb/SI.POV.DDAY.BR (gaps interpolated),World Bank (Dateno),annual,1985,2024,2024-12-31,pts/yr,term mean of annual values,3,4,-0.8254166666666668,0.06927083333333323,-0.8946875000000001,-0.5994444444444442,"[-1.9880416666666665, 0.14374999999999974]","[-2.785010416666667, 0.8174296874999993]",0.2857142857142857,0.02857142857142857,35.0,0.8624999999999999,-1.1484874905179572,"[-2.347809820991589, 0.023801987541586567]","[-3.0947963383178387, 0.7843700385539814]",0.22857142857142856,0.6272727272727272,-1.75,0.91875,480.0,0.021023241885469002,0.26499639321144197,0.039061352339606004,0.07992860171615651,falls more,≈0 after ToT,no robust association
E6b,E Labour & distribution,Δ Poverty $8.30/day,False,wb/SI.POV.UMIC.BR,World Bank (Dateno),annual,1985,2024,2024-12-31,pts/yr,term mean of annual values,3,4,-1.8879166666666665,0.19791666666666752,-2.085833333333334,-1.5233333333333337,"[-3.84707291666667, -0.23216666666666516]","[-5.004171875, 1.0097135416666625]",0.11428571428571428,0.02857142857142857,35.0,,-2.1027583416611706,"[-3.8711996157927526, -0.2387778409406573]","[-5.200556674284428, 1.1188736656735971]",0.08571428571428572,,-3.5,,,0.11368910528664139,0.1709580122084236,0.05731588419863903,0.057527558839877646,falls more,≈0 after ToT,secondary — descriptive only
E7a,E Labour & distribution,Δ Income share bottom 20%,False,wb/SI.DST.FRST.20.BR,World Bank (Dateno),annual,1985,2024,2024-12-31,pts/yr,term mean of annual values,3,4,0.10041666666666664,0.06927083333333334,0.031145833333333303,0.028333333333333335,"[-0.17395833333333333, 0.23580208333333358]","[-0.36521093749999994, 0.38084375]",0.7142857142857143,0.02857142857142857,35.0,,0.012400331714325294,"[-0.19411546749776834, 0.22073819897867758]","[-0.3657664540954708, 0.3592318035415622]",0.9428571428571428,,0.583333333333333,,,0.07914788196384875,0.14310179360451875,0.08784522564356884,0.04202232833131431,rises,≈0,secondary — descriptive only
E7b,E Labour & distribution,Δ Income share top 10%,False,wb/SI.DST.10TH.10.BR,World Bank (Dateno),annual,1985,2024,2024-12-31,pts/yr,term mean of annual values,3,4,-0.4929166666666669,-0.9807291666666668,0.48781249999999987,0.2949999999999998,"[-0.6583645833333337, 1.708416666666667]","[-1.0792291666666671, 2.464609375000001]",0.9428571428571428,0.02857142857142857,35.0,,0.4648738994831245,"[-0.7170581225996802, 1.7139700183684459]","[-1.1454756316333352, 2.495336265522716]",0.9428571428571428,,-0.5833333333333335,,,0.014094617421148536,0.27274778242333303,0.28173827428303233,0.11162053097119096,falls,≈0,secondary — descriptive only
E8,E Labour & distribution,Δ Labour income share,False,ilostat/LAP_2GDP_NOC_RT.BRA,ILO (Dateno),annual,2005,2025,2025-12-31,pts/yr,term mean of annual values,3,2,0.39679999999999976,-0.28474999999999984,0.6815499999999997,0.7249285714285709,"[0.050301111111108666, 1.3255869444444455]","[-0.3703288888888893, 1.736412777777776]",0.2,0.1,10.0,,0.5918300009391642,"[0.008566403799871216, 1.2093237574666704]","[-0.32091201717372275, 1.5756838796278867]",0.2,,2.5,,,0.5117650742199302,0.30775627608921735,0.10375530184807624,0.26112729576862426,rises,≈0,secondary — descriptive only
E9,E Labour & distribution,Δ Earnings Gini,False,ilostat/EAR_EMTG_SEX_NB.BRA (value>0),ILO (Dateno),annual,1990,2025,2025-12-31,pts/yr,term mean of annual values,3,4,-0.0032305555555555564,-0.005645833333333329,0.0024152777777777727,-0.0013680555555555594,"[-0.010351805555555562, 0.018752777777777778]","[-0.01370708333333334, 0.03146597222222221]",0.9428571428571428,0.02857142857142857,35.0,,-0.004932130405267305,"[-0.015028386583825755, 0.006405965104487253]","[-0.018539850552355665, 0.015348556410894377]",0.37142857142857144,,-0.5833333333333335,,,0.0007423991703363608,0.00016971412993715962,0.03043866042046467,0.34209343373139883,falls,≈0,secondary — descriptive only
F1,"F Health, education, safety",Infant mortality change (log),True,wb/SP.DYN.IMRT.IN.BR,World Bank (Dateno),annual,1985,2024,2024-12-31,% /yr (− = improving),term mean of annual values,3,4,-3.3945935775462455,-3.279504055913504,-0.11508952163274166,-0.33631131546839654,"[-2.628486202300627, 2.300154801636139]","[-4.170054996775938, 3.5601381864006085]",0.9714285714285714,0.02857142857142857,35.0,1.0,-0.4666404594725382,"[-2.8623586629949234, 1.7769065786559521]","[-4.417757652742671, 2.883071354948981]",0.9142857142857143,0.942857142857143,0.0,0.7166666666666667,480.0,0.0032158733721023847,0.06086137743754272,0.023612840998476603,0.0510611775830373,falls faster,no difference,no robust association
F2,"F Health, education, safety",Life expectancy gain,False,wb/SP.DYN.LE00.IN.BR,World Bank (Dateno),annual,1985,2024,2024-12-31,years/yr,term mean of annual values,3,4,0.4212583333333324,0.17873958333333398,0.24251874999999842,0.17439999999999903,"[-0.054012083333334994, 0.6077477083333314]","[-0.20090895833333572, 0.9250096874999969]",0.2571428571428571,0.02857142857142857,35.0,,0.27903820486527986,"[-0.01913545485045947, 0.6398281694042304]","[-0.19442838812056984, 0.9083552756398985]",0.14285714285714285,,2.333333333333333,,,0.20992428276570285,0.08578663913696827,0.03627312884445044,0.05315833012464921,higher,no difference,secondary — descriptive only
F3,"F Health, education, safety",Govt health spend % GDP,False,wb/SH.XPD.GHED.GD.ZS.BR,World Bank (Dateno),annual,2000,2023,2023-12-31,% GDP,term mean of annual values,2,3,3.550960078125,3.883487721111111,-0.3325276429861108,-0.36838508838461603,"[-0.5376422235277782, -0.12739533012777796]","[-0.6338569093190967, 0.0019033156770823364]",0.3,0.1,10.0,,-0.37765196836259207,"[-0.5461436667923707, -0.2129945625448745]","[-0.6477373298271744, -0.127848162010346]",0.2,,-1.6666666666666665,,,0.37723483634460325,0.11342718537251079,0.2961047858440037,0.16811180104859613,higher,no difference,secondary — descriptive only
F4,"F Health, education, safety",Education spend % GDP,False,wb/SE.XPD.TOTL.GD.ZS.BR,World Bank (Dateno),annual,1995,2022,2022-12-31,% GDP,term mean of annual values,2,3,5.370970018208025,5.401025162802803,-0.03005514459477787,0.20541147513266989,"[-0.8308436635467724, 0.7961662538846304]","[-1.2539849124848887, 1.2619047543406445]",1.0,0.1,10.0,,-0.1637729237447907,"[-0.718813224957816, 0.3854582173461223]","[-1.0260663809493806, 0.6221037426385365]",0.9,,0.0,,,0.0012876233425916928,0.009923233410453536,0.008791018651964189,0.536162475690805,higher,no difference,secondary — descriptive only
F5,"F Health, education, safety",Δ Homicide rate,True,"homicide_rate (WHO 2000–2023); homicide_deaths/population (DATASUS, 2024–25 diffs; preliminary)",WHO Mortality Database,annual,2001,2025,2023-12-31,per 100k /yr,term mean of annual values,3,3,-0.4330028039031286,-0.4178222222222224,-0.015180581680906247,0.44640493322115704,"[-1.4095732411382784, 1.5149629999999998]","[-2.0055254439246046, 2.536115034069086]",1.0,0.1,20.0,1.0,0.11747223025691755,"[-1.2227229741420675, 1.568606977515538]","[-1.7802092809044336, 2.456394093514155]",0.8,0.942857142857143,0.33333333333333304,0.32,450.0,0.004234493179545551,0.28853919820938384,0.016759258628143425,0.011486193731940042,falls more,no difference,no robust association
F6,"F Health, education, safety",Social safety-net coverage,False,wb/per_sa_allsa.cov_pop_tot.BR,World Bank (Dateno),annual,2006,2022,2022-12-31,% pop,term mean of annual values,2,2,21.02828156355076,27.693171934615698,-6.6648903710649385,-7.483002578213121,"[-13.869181044297028, -0.7947658000951883]","[-19.406763937321546, 1.195067945045075]",0.3333333333333333,0.3333333333333333,6.0,,-6.314817537937877,"[-13.651148532940727, -0.27614341581997304]","[-19.515523535904983, 1.4160182379676378]",0.3333333333333333,,-2.0,,,,,0.17689881067217295,0.008757100408839036,higher,no difference,secondary — descriptive only
GCC,G Institutions (WGI),Δ WGI Control of Corruption,True,"wb/GOV_WGI_CC_EST.BR (1996–2002 biennial, interpolated)",World Bank (Dateno),annual,1997,2024,2024-12-31,est. units/yr,term mean of annual values,3,3,-0.019216213333333333,-0.011518811111111112,-0.0076974022222222205,-0.01703417641025641,"[-0.06754841811111098, 0.04679119822222201]","[-0.10754272579166686, 0.07258925679861153]",0.8,0.1,20.0,1.0,-0.012047489296151936,"[-0.066959890403533, 0.04329171434180114]","[-0.09904203590633252, 0.07356902972296409]",0.6,0.8624999999999999,-0.33333333333333304,0.9177777777777778,450.0,0.021729458251295075,0.4440654209799297,0.010837882162066659,0.11744058179630551,no difference,worse,no robust association
GGE,G Institutions (WGI),Δ WGI Government Effectiveness,True,"wb/GOV_WGI_GE_EST.BR (1996–2002 biennial, interpolated)",World Bank (Dateno),annual,1997,2024,2024-12-31,est. units/yr,term mean of annual values,3,3,-0.0024915683333331697,-0.017977866666666637,0.015486298333333468,0.013274923589743649,"[-0.04143738586111074, 0.07636665861111155]","[-0.08211505536805533, 0.1093457710069442]",0.3,0.1,20.0,0.8624999999999999,0.013894636549735218,"[-0.04352738531383631, 0.07343723263875604]","[-0.08500512000515979, 0.1065454860456391]",0.3,0.6272727272727272,1.6666666666666665,0.8755555555555555,450.0,0.29720135165424905,0.13361933314592095,0.0033853974051078484,0.01565538171408548,no difference,no difference,no robust association
GRL,G Institutions (WGI),Δ WGI Rule of Law,True,"wb/GOV_WGI_RL_EST.BR (1996–2002 biennial, interpolated)",World Bank (Dateno),annual,1997,2024,2024-12-31,est. units/yr,term mean of annual values,3,3,-0.002520913333333268,-0.020542750000000106,0.01802183666666684,0.0180042343589745,"[-0.027494347111110533, 0.06820239961111137]","[-0.04932694702777696, 0.10390525681249976]",0.6,0.1,20.0,0.9857142857142857,0.023664775018467626,"[-0.01886760637298127, 0.07151793791975043]","[-0.037701541047835456, 0.1052788217527742]",0.5,0.7666666666666667,1.0,0.9288888888888889,450.0,0.0924105981778589,0.07516898420339324,0.020171481675499703,0.12754805965942,no difference,no difference,no robust association
GRQ,G Institutions (WGI),Δ WGI Regulatory Quality,False,"wb/GOV_WGI_RQ_EST.BR (1996–2002 biennial, interpolated)",World Bank (Dateno),annual,1997,2024,2024-12-31,est. units/yr,term mean of annual values,3,3,-0.030942539166666658,-0.0016009249999999833,-0.029341614166666675,-0.02635242820512819,"[-0.07965297563888875, 0.02218734316666678]","[-0.1064044534722222, 0.0582898093333329]",0.5,0.1,20.0,,-0.021725042500668538,"[-0.06795225150784372, 0.025680173219741486]","[-0.09342040397739514, 0.05789619720468612]",0.5,,-1.0,,,0.16628421981165337,0.006524377900695433,0.02411144356028233,0.06143682212562723,no difference,no difference,secondary — descriptive only
GVA,G Institutions (WGI),Δ WGI Voice & Accountability,False,"wb/GOV_WGI_VA_EST.BR (1996–2002 biennial, interpolated)",World Bank (Dateno),annual,1997,2024,2024-12-31,est. units/yr,term mean of annual values,3,3,0.04250209916666667,-0.028834022222222224,0.0713361213888889,0.03444712820512821,"[0.0009098845833333536, 0.1472844340277778]","[-0.03294939632638893, 0.19585716010416662]",0.3,0.1,20.0,,0.08304160547062135,"[0.010781190548360922, 0.16249920436021895]","[-0.01742577707648277, 0.21241988257640618]",0.3,,1.6666666666666665,,,0.2500057409707378,0.046822844632289695,0.061260203290731396,0.08441674932199533,no difference,no difference,secondary — descriptive only
GPV,G Institutions (WGI),Δ WGI Political Stability,False,"wb/GOV_WGI_PV_EST.BR (1996–2002 biennial, interpolated)",World Bank (Dateno),annual,1997,2024,2024-12-31,est. units/yr,term mean of annual values,3,3,-0.060777415833333494,0.02298683055555566,-0.08376424638888916,-0.09691532717948731,"[-0.16845955499999984, -0.002225430416666866]","[-0.22645689795833343, 0.037986454256944004]",0.1,0.1,20.0,,-0.08737013042524458,"[-0.1763778465425769, -0.0031375686641123097]","[-0.23124781589086046, 0.037506846946310436]",0.1,,-3.0,,,0.563827109717592,0.02076340479291411,0.09038158016438502,0.04434701385383899,no difference,no difference,secondary — descriptive only
H1,H Environment,Primary forest loss,True,wb/AG.LND.PFLS.HA.BR,World Bank (Dateno),annual,2002,2025,2025-12-31,Mha/yr,term mean of annual values,3,2,1.3631337472222222,1.85006475,-0.4869310027777778,-0.5130308749999999,"[-1.0034082558333337, 0.01271093666666697]","[-1.3264035761805557, 0.3082837899999995]",0.4,0.1,10.0,0.9200000000000002,-0.4310554760957872,"[-0.9003489025229314, 0.056824607680929215]","[-1.1663395862346806, 0.4312382941170659]",0.3,0.6272727272727272,-1.6666666666666665,0.896969696969697,330.0,0.21449697462906042,0.3697442573257205,0.15648201332062872,0.07155032241527337,lower,no difference / higher,no robust association
H2,H Environment,LULUCF CO2,False,wb/EN.GHG.CO2.LU.MT.CE.AR5.BR (2023 carry-forward dropped),World Bank (Dateno),annual,2000,2022,2023-12-31,Mt,term mean of annual values,2,3,737.7564312500001,717.7199,20.036531250000053,130.53781615384628,"[-500.74636100000004, 570.983489513889]","[-705.2830715694442, 914.7113574652776]",0.9,0.1,10.0,,211.48815048607503,"[-62.70956435200906, 482.1317217515284]","[-241.57871776724153, 613.5126510045762]",0.5,,0.0,,,0.0031601706340965152,0.09072809842494606,0.01651923778797665,0.5592148958927994,lower,no difference,secondary — descriptive only
H3,H Environment,Δ CO2 per capita ex-LULUCF,False,wb/EN.GHG.CO2.PC.CE.AR5.BR,World Bank (Dateno),annual,1985,2024,2024-12-31,t/yr,term mean of annual values,3,4,0.03896267139601611,-0.015656056209389348,0.05461872760540546,0.04116536684398746,"[-0.009365964995768071, 0.11974094382048853]","[-0.044172140147418194, 0.15860787998508913]",0.17142857142857143,0.02857142857142857,35.0,,0.04908759639993603,"[-0.011645359420341266, 0.1113468783198572]","[-0.03941046706908552, 0.14712863103412854]",0.34285714285714286,,2.333333333333333,,,0.1595683918567125,0.00553854330977871,0.03535348284729367,0.1880703787683281,no difference,no difference,secondary — descriptive only
