series_id,window,change_2026,n_hist,hist_mean,hist_sd,z,hist_p25,hist_p75,inside_iqr,hist_values
brl_usd,Jul 1→t−1,-0.9076636292547531,6,-5.777941378547208,11.368076779690462,0.4284170351482326,-10.090063119361794,-0.38785683608472465,True,2002:-25.19; 2006:-0.46; 2010:+6.91; 2014:-12.40; 2018:-0.37; 2022:-3.17
brl_usd,Sep 1→t−1,-0.811121751547275,6,-4.134765102974073,9.616753927914994,0.3456096907896442,-9.120442110625685,2.8544039124244325,True,2002:-19.13; 2006:-1.64; 2010:+4.35; 2014:-10.73; 2018:+6.63; 2022:-4.30
brl_usd,YTD (Jan 1→t−1),5.195925429382155,6,-8.903481256885852,19.80495330185647,0.7119131497748273,-13.324006788956327,3.4214517067066375,False,2002:-45.55; 2006:+7.38; 2010:+3.51; 2014:-6.23; 2018:-15.69; 2022:+3.17
brl_usd,t−5→t−1,-0.4739572717277395,6,1.0762359878843506,3.3681645439520382,-0.4602486723505408,-1.4409634571247703,3.0482624902192583,True,2002:+5.19; 2006:+1.98; 2010:+1.82; 2014:-2.53; 2018:+3.40; 2022:-3.40
focus_fx,Jul 1→t−1,-0.023099999999999454,6,0.12166666666666677,0.24045096520219403,-0.6020631547265058,-0.0375000000000002,0.19750000000000012,True,2002:+0.55; 2006:-0.05; 2010:-0.10; 2014:+0.00; 2018:+0.23; 2022:+0.10
focus_fx,Sep 1→t−1,-0.023099999999999454,6,0.05499999999999997,0.11291589790636215,-0.6916652256068092,0.0,0.09749999999999992,False,2002:+0.25; 2006:+0.00; 2010:-0.05; 2014:+0.00; 2018:+0.13; 2022:+0.00
focus_fx,YTD (Jan 1→t−1),-0.22309999999999963,6,0.1150000000000001,0.3730281490718897,-0.9063659159267398,-0.06250000000000011,0.38000000000000017,False,2002:+0.60; 2006:-0.10; 2010:+0.05; 2014:+0.05; 2018:+0.49; 2022:-0.40
focus_fx,t−5→t−1,0.0019000000000000128,6,0.0366666666666667,0.06831300510639746,-0.5089318880426594,0.0,0.03749999999999987,True,2002:+0.17; 2006:+0.00; 2010:+0.00; 2014:+0.05; 2018:+0.00; 2022:+0.00
focus_gdp_growth,Jul 1→t−1,-0.2789999999999999,6,-0.26166666666666666,0.37150594432211526,-0.04665694748158415,-0.42500000000000004,0.0,True,2002:-0.90; 2006:-0.20; 2010:+0.00; 2014:-0.50; 2018:+0.00; 2022:+0.03
focus_gdp_growth,Sep 1→t−1,-0.08949999999999991,6,-0.057616666666666656,0.1864888245087803,-0.17096645558957943,-0.07500000000000007,0.0,False,2002:-0.40; 2006:+0.00; 2010:+0.00; 2014:-0.10; 2018:+0.00; 2022:+0.15
focus_gdp_growth,YTD (Jan 1→t−1),-0.3892,6,-0.2551166666666667,0.49155984545797343,-0.27277112760992783,-0.5750000000000002,0.126975,True,2002:+0.20; 2006:+0.00; 2010:-0.70; 2014:-1.00; 2018:-0.20; 2022:+0.17
focus_gdp_growth,t−5→t−1,-0.02289999999999992,6,-0.013333333333333345,0.044572039067858116,-0.21463381228985126,-0.007500000000000007,0.0,False,2002:-0.10; 2006:+0.00; 2010:+0.00; 2014:-0.01; 2018:+0.00; 2022:+0.03
focus_ipca_12m,Jul 1→t−1,0.5229999999999997,6,0.20236666666666667,0.5635345656360986,0.568968352405168,-0.17500000000000004,0.4374999999999998,False,2002:+1.11; 2006:-0.24; 2010:+0.31; 2014:+0.48; 2018:+0.02; 2022:-0.47
focus_ipca_12m,Sep 1→t−1,0.09450000000000003,6,-0.0010000000000001859,0.391486909104251,0.24394174563463894,-0.28750000000000053,0.25250000000000017,True,2002:+0.40; 2006:-0.43; 2010:+0.14; 2014:+0.14; 2018:+0.29; 2022:-0.55
focus_ipca_12m,YTD (Jan 1→t−1),0.6322999999999999,6,0.2944666666666666,0.4929337751327926,0.6853523746517949,0.047599999999999976,0.6324999999999998,True,2002:+0.94; 2006:-0.42; 2010:+0.72; 2014:+0.37; 2018:+0.14; 2022:+0.02
focus_ipca_12m,t−5→t−1,0.02430000000000021,6,0.012316666666666531,0.026851474199132364,0.4462821387185099,0.005424999999999791,0.025000000000000133,True,2002:+0.01; 2006:-0.03; 2010:+0.01; 2014:+0.05; 2018:+0.03; 2022:+0.00
focus_selic_12m,Jul 1→t−1,0.0,6,0.021666666666666796,0.40597618977800487,-0.05336930394492968,-0.08999999999999941,0.0,True,2002:+0.00; 2006:-0.50; 2010:+0.00; 2014:-0.12; 2018:+0.00; 2022:+0.75
focus_selic_12m,Sep 1→t−1,0.0,6,0.021666666666666796,0.278956388467206,-0.07767044442222523,0.0,0.2200000000000002,True,2002:+0.00; 2006:-0.50; 2010:+0.25; 2014:+0.13; 2018:+0.00; 2022:+0.25
focus_selic_12m,YTD (Jan 1→t−1),-0.25,6,-0.18666666666666654,1.707063755888065,-0.037100742789999426,-1.5625,1.1875,True,2002:-2.00; 2006:-2.50; 2010:+1.00; 2014:+1.38; 2018:+1.25; 2022:-0.25
focus_selic_12m,t−5→t−1,0.0,6,0.08333333333333333,0.2041241452319315,-0.408248290463863,0.0,0.0,True,2002:+0.00; 2006:+0.00; 2010:+0.00; 2014:+0.50; 2018:+0.00; 2022:+0.00
fx_reserves,Jul 1→t−1,-1.353670622373373,6,1.7635004326413215,9.188072316565675,-0.3392627906720518,-3.20705145363432,6.538097834546351,True,2002:-9.94; 2006:+15.79; 2010:+8.59; 2014:+0.37; 2018:+0.06; 2022:-4.30
fx_reserves,Sep 1→t−1,-2.7203975632095974,6,0.6443667538089343,3.139477546260185,-1.071759319007302,-0.9540009585342479,2.234677121658087,False,2002:+1.01; 2006:+2.64; 2010:+5.40; 2014:-1.13; 2018:-0.44; 2022:-3.62
fx_reserves,YTD (Jan 1→t−1),1.2158018943922415,6,7.883471343382983,13.853034822614614,-0.4813147107741327,2.2420501446170045,12.359474285041951,False,2002:+5.84; 2006:+31.06; 2010:+14.53; 2014:+4.39; 2018:+1.53; 2022:-10.05
fx_reserves,t−5→t−1,-0.5138231632017329,6,-0.40298446215804673,0.7651473151903935,-0.1448592955150159,-0.8159147467981487,-0.24802468542542863,True,2002:-1.42; 2006:-0.35; 2010:+0.83; 2014:-0.24; 2018:-0.27; 2022:-0.97
gov_nominal_yield_5y,Jul 1→t−1,-21.999999999999886,2,-57.00000000000003,38.183766184073505,0.9166199015381223,-70.5,-43.50000000000005,False,2018:-30.00; 2022:-84.00
gov_nominal_yield_5y,Sep 1→t−1,-38.99999999999988,2,-62.000000000000014,60.81118318204317,0.378219906216062,-83.50000000000004,-40.49999999999998,False,2018:-105.00; 2022:-19.00
gov_nominal_yield_5y,YTD (Jan 1→t−1),55.00000000000007,2,93.50000000000004,60.10407640085664,-0.6405555547219297,72.25000000000001,114.75000000000009,False,2018:+51.00; 2022:+136.00
gov_nominal_yield_5y,t−5→t−1,1.9999999999999574,2,-4.999999999999982,59.39696961967012,0.11785113019775666,-26.00000000000002,16.000000000000057,True,2018:-47.00; 2022:+37.00
gov_real_yield_10y,Jul 1→t−1,-42.000000000000085,2,-11.500000000000021,10.606601717798238,-2.8755675768252926,-15.25000000000003,-7.750000000000012,False,2018:-19.00; 2022:-4.00
gov_real_yield_10y,Sep 1→t−1,-13.000000000000078,2,-16.500000000000004,4.949747468305853,0.7071067811865296,-18.25000000000001,-14.749999999999996,False,2018:-20.00; 2022:-13.00
gov_real_yield_10y,YTD (Jan 1→t−1),17.99999999999997,2,54.5,17.677669529663692,-2.0647518010647197,48.24999999999999,60.75,False,2018:+42.00; 2022:+67.00
gov_real_yield_10y,t−5→t−1,1.9999999999999574,2,-12.5,23.334523779156072,0.6213968683154489,-20.75,-4.249999999999998,False,2018:-29.00; 2022:+4.00
ibovespa_level,Jul 1→t−1,8.453287826264846,6,3.5241702918851843,12.240009351561032,0.40270537323985184,0.2633776544319452,12.015655672175907,True,2002:-18.47; 2006:-0.50; 2010:+14.19; 2014:+2.55; 2018:+12.34; 2022:+11.03
ibovespa_level,Sep 1→t−1,5.3652713492320006,6,-1.2366071970182724,8.546206462026399,0.7724922836330466,-8.460659155794701,5.476049268025118,True,2002:-11.44; 2006:+0.60; 2010:+7.51; 2014:-11.66; 2018:+7.10; 2022:+0.47
ibovespa_level,YTD (Jan 1→t−1),14.998641896638459,6,-1.550349983662322,18.11928465579658,0.9133358294587286,2.987105395554782,7.027629878067633,False,2002:-38.27; 2006:+8.57; 2010:+2.36; 2014:+5.72; 2018:+7.46; 2022:+4.86
ibovespa_level,t−5→t−1,1.7415922299855784,6,1.835710568298283,4.13013300131892,-0.02278821003649249,-0.40135930678569287,4.396172035776459,True,2002:+6.05; 2006:+4.63; 2010:+2.94; 2014:-4.78; 2018:+3.69; 2022:-1.51
ibovespa_usd,Jul 1→t−1,7.850464487910067,6,-2.253771086662029,22.912852285181035,0.4409854979559679,-7.625837360404898,10.94987668229186,True,2002:-43.67; 2006:-0.95; 2010:+21.10; 2014:-9.85; 2018:+11.98; 2022:+7.87
ibovespa_usd,Sep 1→t−1,4.85898988858468,6,-5.371372299992345,17.93114132834776,0.5705360300966235,-17.75211619517999,8.639620073385531,True,2002:-30.56; 2006:-1.04; 2010:+11.87; 2014:-22.39; 2018:+13.74; 2022:-3.83
ibovespa_usd,YTD (Jan 1→t−1),20.499407616920582,6,-10.453831240548178,36.85773112871114,0.8398031541707421,-6.296376910888711,7.483582232604632,False,2002:-83.83; 2006:+15.95; 2010:+5.87; 2014:-0.51; 2018:-8.23; 2022:+8.02
ibovespa_usd,t−5→t−1,1.1947745322831893,6,2.9119465561826274,7.344434614054831,-0.2338058835207459,-2.499873166331623,6.971704097407256,True,2002:+11.24; 2006:+6.61; 2010:+4.75; 2014:-7.31; 2018:+7.09; 2022:-4.92
