metric_id,outcome,unit,branch,n_hist,hist_mandates,hist_min,hist_p25,hist_median,hist_p75,hist_max,beta_tot,r2,n_fit,resid_sd,model ToT falls (p25),model ToT falls (p25) lo,model ToT falls (p25) hi,model ToT flat-ish (p50),model ToT flat-ish (p50) lo,model ToT flat-ish (p50) hi,model ToT rises (p75),model ToT rises (p75) lo,model ToT rises (p75) hi,note
A1,GDP growth,% /yr,S-L Lula IV (left),4,"Lula I, Lula II, Dilma I, Lula III",2.3510943687247394,2.4833388994822614,3.0218245058034965,3.797576443239369,4.6416199673408025,0.07536546579832369,0.4548599285091651,8.0,1.203639463945157,3.0285301085996927,1.4878715947498917,4.569188622449493,3.2658245946132416,1.7251660807634406,4.806483108463043,3.4020852862832625,1.8614267724334614,4.942743800133064,
A1,GDP growth,% /yr,S-R Flávio Bolsonaro (right),4,"FHC I, FHC II, Temer, Bolsonaro",-0.05646036404797661,1.0590069890163276,1.8778203792667316,2.3789585870847985,2.5414003928520916,0.07536546579832369,0.4548599285091651,8.0,1.203639463945157,1.391005812995294,-0.149652700854507,2.931664326845095,1.6283002990088427,0.08764178515904164,3.1689588128586434,1.7645609906788637,0.22390247682906272,3.3052195045286648,
A1,GDP growth,% /yr,S-C centre (coding B: FHC/Temer as centre),3,"FHC I, FHC II, Temer",-0.05646036404797661,1.1341754772238621,2.324811318495701,2.4331058556738965,2.5414003928520916,0.08046731807799377,0.4588641699054543,8.0,1.340758370719033,1.4469174870597095,-0.2692532274606527,3.163088201580072,1.7002755826004787,-0.015895131919883454,3.416446297120841,1.845760418420108,0.12958970389974578,3.56193113294047,
B1,"Inflation (deflator, log)",100·log(1+π) /yr,S-L Lula IV (left),4,"Lula I, Lula II, Dilma I, Lula III",4.8662979868292915,6.8041404032685895,7.528103022700687,7.852817163737957,8.592914144992772,0.05494173280205778,0.03063823826976242,8.0,1.8683775820674813,6.960774830397937,4.569251525351561,9.352298135444313,7.133763481205798,4.742240176159422,9.525286786252174,7.233098082721979,4.841574777675603,9.624621387768354,
B1,"Inflation (deflator, log)",100·log(1+π) /yr,S-R Flávio Bolsonaro (right),4,"FHC I, FHC II, Temer, Bolsonaro",5.264361276266231,7.0183424670962475,7.6634349556261725,8.22533228503384,9.729727998497085,0.05494173280205778,0.03063823826976242,8.0,1.8683775820674813,7.456936493926846,5.06541318888047,9.848459798973222,7.629925144734707,5.238401839688331,10.021448449781083,7.729259746250888,5.337736441204512,10.120783051297263,
B1,"Inflation (deflator, log)",100·log(1+π) /yr,S-C centre (coding B: FHC/Temer as centre),3,"FHC I, FHC II, Temer",5.264361276266231,6.4336820701529085,7.603002864039587,8.666365431268336,9.729727998497085,0.05251465210867591,0.031307004356577184,8.0,2.0881889431935594,7.430337890671093,4.757456043383337,10.103219737958849,7.5956846744839215,4.922802827196165,10.268566521771678,7.690631116376647,5.01774926908889,10.363512963664403,
B2,Real policy rate,% p.a.,S-L Lula IV (left),4,"Lula I, Lula II, Dilma I, Lula III",4.19607825081292,6.064230502465908,7.830089834248884,9.928832296191217,12.795633938322277,0.3918629470116582,0.3827536851323563,6.0,3.7713525729971185,6.964171822439738,2.1368405290034262,11.79150311587605,8.197985156092008,3.370653862655696,13.025316449528319,8.906472997758728,4.079141704322416,13.733804291195039,
B2,Real policy rate,% p.a.,S-R Flávio Bolsonaro (right),2,"Temer, Bolsonaro",2.3031838295118607,3.125948839554013,3.948713849596165,4.771478859638317,5.5942438696804695,0.3918629470116582,0.3827536851323563,6.0,3.7713525729971185,2.6155444604242923,-2.2117868330120194,7.442875753860604,3.849357794076562,-0.9779734993597495,8.676689087512873,4.5578456357432815,-0.26948565769303023,9.385176929179593,
B2,Real policy rate,% p.a.,S-C centre (coding B: FHC/Temer as centre),1,,,,,,,,,,,,,,,,,,,,<2 historical mandates
C1,Primary balance,% GDP,S-L Lula IV (left),4,"Lula I, Lula II, Dilma I, Lula III",-0.9325,0.9424999999999999,2.175,2.9506249999999996,3.455,0.28709648970172663,0.668430278193906,6.0,1.7994486081068364,0.8398291510706054,-1.4634650673061453,3.143123369447356,1.7437765126164102,-0.5595177057603404,4.047070730993161,2.26284669746044,-0.04044752091631043,4.566140915837191,
C1,Primary balance,% GDP,S-R Flávio Bolsonaro (right),2,"Temer, Bolsonaro",-2.0275,-1.9964583333333332,-1.9654166666666666,-1.934375,-1.9033333333333333,0.28709648970172663,0.668430278193906,6.0,1.7994486081068364,-2.9421567609467516,-5.245450979323502,-0.638862542570001,-2.0382093994009467,-4.341503617777697,0.26508481897580394,-1.5191392145569167,-3.8224334329336673,0.7841550038198339,
C1,Primary balance,% GDP,S-C centre (coding B: FHC/Temer as centre),1,,,,,,,,,,,,,,,,,,,,<2 historical mandates
C2,Δ Gross debt,pts GDP /yr,S-L Lula IV (left),3,"Lula II, Dilma I, Lula III",-0.9274999999999984,0.10000000000000053,1.1274999999999995,1.9612499999999988,2.794999999999998,-0.34598898112053483,0.1411656668408624,5.0,2.5900078888172238,2.048658493459647,-1.2665516042263993,5.363868591145693,0.9592831864582957,-2.3559269112277508,4.274493284144342,0.3337354322143551,-2.9814746654716915,3.648945529900401,
C2,Δ Gross debt,pts GDP /yr,S-R Flávio Bolsonaro (right),2,"Temer, Bolsonaro",-0.8974999999999973,0.1410416666666685,1.179583333333334,2.2181249999999997,3.2566666666666655,-0.34598898112053483,0.1411656668408624,5.0,2.5900078888172238,2.3566834448346587,-0.9585266528513876,5.671893542520705,1.2673081378333073,-2.047901959852739,4.582518235519354,0.6417603835893668,-2.6734497140966793,3.9569704812754134,
C2,Δ Gross debt,pts GDP /yr,S-C centre (coding B: FHC/Temer as centre),1,,,,,,,,,,,,,,,,,,,,<2 historical mandates
D3r,REER change,% /yr,S-L Lula IV (left),4,"Lula I, Lula II, Dilma I, Lula III",-4.192307652785887,-1.5399678904584602,2.211055911004045,5.642864677567106,7.337559335196198,2.0794807023897377,0.8235971484185008,8.0,3.362425496428384,-4.469780858578366,-8.773685494006697,-0.16587622315003436,2.077638429841151,-2.2262662055871805,6.381543065269483,5.837337594712352,1.5334329592840206,10.141242230140683,
D3r,REER change,% /yr,S-R Flávio Bolsonaro (right),4,"FHC I, FHC II, Temer, Bolsonaro",-14.032689363217022,-6.66548909281704,-1.6750673079278577,1.5250703286009748,3.5214181539199085,2.0794807023897377,0.8235971484185008,8.0,3.362425496428384,-8.132238086415335,-12.436142721843666,-3.828333450987003,-1.5848187979958164,-5.888723433424148,2.719085837432515,2.174880366875384,-2.1290242685529472,6.478785002303716,
D3r,REER change,% /yr,S-C centre (coding B: FHC/Temer as centre),3,"FHC I, FHC II, Temer",-14.032689363217022,-6.586534154861179,0.8596210534946636,2.190519603707286,3.5214181539199085,2.1472985071579496,0.8529355830718077,8.0,3.432485242488126,-7.389016450800068,-11.782597561184868,-2.995435340415267,-0.6280671197466479,-5.021648230131449,3.765513990638153,3.254246572711862,-1.139334537672939,7.647827683096663,
D1,USD equity return,% /yr (log),S-L Lula IV (left),4,"Lula I, Lula II, Dilma I, Lula III",-19.817625086539927,5.044682307696812,15.327859723353821,24.713281280063867,46.88232109745973,4.690985646840987,0.40107217376466686,8.0,20.178415175450965,0.07927280656884683,-25.74909861800839,25.90764423114608,14.849234302498793,-10.979137122078441,40.67760572707603,23.330531964257695,-2.4978394603195397,49.15890338883493,
D1,USD equity return,% /yr (log),S-R Flávio Bolsonaro (right),4,"FHC I, FHC II, Temer, Bolsonaro",-16.97870608039176,-5.61065897033865,0.4494142850328613,7.993918146224054,23.815257073736205,4.690985646840987,0.40107217376466686,8.0,20.178415175450965,-8.593926861105446,-34.42229828568268,17.23444456347179,6.1760346348245,-19.652336789752734,32.00440605940173,14.657332296583403,-11.171039127993831,40.48570372116064,
D1,USD equity return,% /yr (log),S-C centre (coding B: FHC/Temer as centre),3,"FHC I, FHC II, Temer",-16.97870608039176,-7.1292837883358775,2.720138503720003,13.267697788728103,23.815257073736205,4.897604845393117,0.42674602090555236,8.0,22.071322343773485,-6.3295678299884806,-34.58086043001855,21.921724770041582,9.090951530894637,-19.160341069135427,37.3422441309247,17.945816510373813,-10.30547608965625,46.19710911040387,
D2,BRL vs USD,% /yr (+ = stronger),S-L Lula IV (left),4,"Lula I, Lula II, Dilma I, Lula III",-11.658773635633539,-2.9366011832726047,3.101960167642791,7.814607187330244,12.559036646007353,3.171759119565279,0.7686514991919884,8.0,6.910328064715799,-7.927113096013512,-16.772333018849736,0.9181068268227097,2.0594363409670655,-6.785783581869156,10.904656263803288,7.7939738624252595,-1.0512460604109624,16.639193785261483,
D2,BRL vs USD,% /yr (+ = stronger),S-R Flávio Bolsonaro (right),4,"FHC I, FHC II, Temer, Bolsonaro",-26.97592545128862,-13.316126740172558,-8.100963291556836,-5.515028584812283,0.2570839006902664,3.171759119565279,0.7686514991919884,8.0,6.910328064715799,-17.848430837987365,-26.693650760823587,-9.003210915151143,-7.861881401006786,-16.70710132384301,0.9833385218294355,-2.127343879548592,-10.972563802384814,6.71787604328763,
D2,BRL vs USD,% /yr (+ = stronger),S-C centre (coding B: FHC/Temer as centre),3,"FHC I, FHC II, Temer",-26.97592545128862,-17.86939297721125,-8.76286050313387,-4.252888301221803,0.2570839006902664,3.160835273278785,0.7688878568840609,8.0,7.722034008365798,-17.96814628634199,-27.85234981705021,-8.08394275563377,-8.015991495004302,-17.900195025712524,1.8682120357039196,-2.3012042774144312,-12.185407808122653,7.58299925329379,
E5,Δ Gini,pts /yr,S-L Lula IV (left),4,"Lula I, Lula II, Dilma I, Lula III",-0.8000000000000007,-0.6687500000000002,-0.6000000000000005,-0.5062500000000005,-0.29999999999999893,0.030442696401457144,0.3843872693817919,8.0,0.4255285839961788,-0.6681313855749206,-1.2128079730900296,-0.12345479805981163,-0.5722800043231782,-1.116956591838287,-0.027603416808069214,-0.5172396377040247,-1.0619162252191336,0.027436949811084244,
E5,Δ Gini,pts /yr,S-R Flávio Bolsonaro (right),4,"FHC I, FHC II, Temer, Bolsonaro",-0.5,-0.40625,-0.21249999999999947,0.12916666666666746,0.6666666666666666,0.030442696401457144,0.3843872693817919,8.0,0.4255285839961788,-0.13290453134094626,-0.6775811188560552,0.4117720561741627,-0.03705315008920381,-0.5817297376043128,0.5076234374259051,0.017987216529949654,-0.5266893709851593,0.5626638040450586,
E5,Δ Gini,pts /yr,S-C centre (coding B: FHC/Temer as centre),3,"FHC I, FHC II, Temer",-0.375,-0.21249999999999947,-0.049999999999998934,0.30833333333333385,0.6666666666666666,0.042403379886050224,0.583230739384492,8.0,0.39145134385186575,-0.0018262876130969163,-0.5028840077434851,0.4992314325172913,0.13168430810488696,-0.3693734120255012,0.6327420282352751,0.20834957927671818,-0.29270814085367003,0.7094072994071063,
E6,Δ Poverty $3.00,pts /yr,S-L Lula IV (left),4,"Lula I, Lula II, Dilma I, Lula III",-1.1999999999999997,-1.0125000000000002,-0.9312500000000001,-0.8687500000000001,-0.7375,0.007710081666414571,0.21590685250875197,8.0,0.5705419422788355,-0.9735869575749739,-1.7038806436918834,-0.24329327145806445,-0.9493111192082319,-1.6796048053251413,-0.21901743309132238,-0.9353712987670058,-1.6656649848839153,-0.20507761265009627,
E6,Δ Poverty $3.00,pts /yr,S-R Flávio Bolsonaro (right),4,"FHC I, FHC II, Temer, Bolsonaro",-1.1875,-0.8406250000000004,-0.6125000000000003,-0.25,0.5,0.007710081666414571,0.21590685250875197,8.0,0.5705419422788355,-0.49542839550870943,-1.225722081625619,0.23486529060820005,-0.4711525571419674,-1.2014462432588768,0.25914112897494207,-0.45721273670074136,-1.1875064228176508,0.2730809494161681,
E6,Δ Poverty $3.00,pts /yr,S-C centre (coding B: FHC/Temer as centre),3,"FHC I, FHC II, Temer",-1.1875,-0.9562500000000003,-0.7250000000000005,-0.11250000000000027,0.5,0.008455383494111204,0.21645387615539713,8.0,0.6376627338867258,-0.4872605633988274,-1.3034688627738364,0.32894773597618165,-0.4606380797582209,-1.27684637913323,0.35557021961678814,-0.44535075430963994,-1.261559053684649,0.3708575450653691,
E1c,Δ Unemployment,pts /yr,S-L Lula IV (left),4,"Lula I, Lula II, Dilma I, Lula III",-0.9058750000000002,-0.53940625,-0.36712500000000003,-0.2970625000000001,-0.23724999999999996,0.06601514107907737,0.3952608260898697,8.0,0.7080116535980989,-0.6712996305350776,-1.5775545471406442,0.2349552860704891,-0.4634454256212403,-1.369700342226807,0.44280949098432637,-0.34409011229775827,-1.2503450289033249,0.5621648043078085,
E1c,Δ Unemployment,pts /yr,S-R Flávio Bolsonaro (right),4,"FHC I, FHC II, Temer, Bolsonaro",-0.77475,-0.10162500000000008,0.507875,0.98575,1.264,0.06601514107907737,0.3952608260898697,8.0,0.7080116535980989,0.22809513665654568,-0.678159779949021,1.1343500532621125,0.43594934157038295,-0.4703055750351837,1.3422042581759497,0.5553046548938649,-0.35095026171170174,1.4615595714994316,
E1c,Δ Unemployment,pts /yr,S-C centre (coding B: FHC/Temer as centre),3,"FHC I, FHC II, Temer",0.12274999999999991,0.507875,0.893,1.0785,1.264,0.09729473963843441,0.8778291971221768,8.0,0.3557910961042532,0.5708911690868081,0.11547856607336404,1.0263037721002521,0.8772318118436112,0.4218192088301671,1.3326444148570553,1.0531406101049303,0.5977280070914862,1.5085532131183745,
E3,Real min wage growth,% /yr,S-L Lula IV (left),4,"Lula I, Lula II, Dilma I, Lula III",2.798426438483986,3.139942901635463,3.984362937684308,5.105121248705867,6.275652536775489,-0.4037238481144025,0.5524655089845635,8.0,2.3921604482349133,5.4957876474687986,2.4338222737281097,8.557753021209487,4.224629272543051,1.1626638988023625,7.28659464628374,3.4946969327767055,0.43273155903601657,6.556662306517394,
E3,Real min wage growth,% /yr,S-R Flávio Bolsonaro (right),4,"FHC I, FHC II, Temer, Bolsonaro",-3.3143483443772332,-0.7797160696593823,0.6577116061745159,1.9875998566681736,4.199613855365303,-0.4037238481144025,0.5524655089845635,8.0,2.3921604482349133,1.456231769107124,-1.6057336046335648,4.5181971428478125,0.1850733941813767,-2.8768919795593124,3.2470387679220654,-0.5448589455849695,-3.6068243193256584,2.5171064281557194,
E3,Real min wage growth,% /yr,S-C centre (coding B: FHC/Temer as centre),3,"FHC I, FHC II, Temer",-3.3143483443772332,-1.0320432436373848,1.2502618571024637,2.7249378562338835,4.199613855365303,-0.4006258036110935,0.5527723902855604,8.0,2.6735995517538207,1.4901835272159267,-1.932023899028964,4.912390953460817,0.22877960507929973,-3.193427821165591,3.6509870313241906,-0.49555147312283054,-3.9177588993677213,2.92665595312206,
F1,Infant mortality change,% /yr,S-L Lula IV (left),4,"Lula I, Lula II, Dilma I, Lula III",-6.549342893539356,-5.537896601587866,-4.269516326608552,-2.8049330064480515,-1.2048775789530008,0.11080424665476385,0.018231328767751354,8.0,2.880715092818852,-4.412289595563896,-8.099604914372026,-0.7249742767557654,-4.063413137632611,-7.750728456440742,-0.3760978188244799,-3.863079163321932,-7.550394482130063,-0.175763844513801,
F1,Infant mortality change,% /yr,S-R Flávio Bolsonaro (right),4,"FHC I, FHC II, Temer, Bolsonaro",-6.423523272437515,-6.248663565388657,-3.84158187530241,-1.3628114172347967,-0.9728854062418413,0.11080424665476385,0.018231328767751354,8.0,2.880715092818852,-4.018566180689873,-7.705881499498004,-0.3312508618817418,-3.669689722758587,-7.357005041566718,0.017625596049543724,-3.4693557484479083,-7.156671067256039,0.21795957036022262,
F1,Infant mortality change,% /yr,S-C centre (coding B: FHC/Temer as centre),3,"FHC I, FHC II, Temer",-6.423523272437515,-6.306950134404943,-6.190376996372371,-3.84158187530241,-1.4927867542324484,0.04112967633215381,0.2530358059231045,8.0,2.809316189547459,-4.782136282862106,-8.378061005482852,-1.1862115602413583,-4.652636049542257,-8.248560772163003,-1.0567113269215094,-4.578273633204507,-8.174198355825254,-0.9823489105837595,
F5,Δ Homicide rate,per 100k /yr,S-L Lula IV (left),4,"Lula I, Lula II, Dilma I, Lula III",-1.522395911709386,-0.6745614779273468,-0.12811249999999985,0.27500625000000056,0.69285,-0.1984708724857644,0.28820226806049876,7.0,1.0042835396857936,0.33572646323463634,-0.9497564675631796,1.6212093940324523,-0.2891757141259864,-1.5746586449238023,0.9963072166718295,-0.6480108659398336,-1.9334937967376495,0.6374720648579824,
F5,Δ Homicide rate,per 100k /yr,S-R Flávio Bolsonaro (right),3,"FHC II, Temer, Bolsonaro",-1.5414000000000003,-1.0631333333333335,-0.5848666666666666,0.14396666666666658,0.8727999999999998,-0.1984708724857644,0.28820226806049876,7.0,1.0042835396857936,-0.1263988633301234,-1.4118817941279393,1.1590840674676925,-0.7513010406907461,-2.0367839714885623,0.5341818901070698,-1.1101361925045934,-2.395619123302409,0.17534673829322256,
F5,Δ Homicide rate,per 100k /yr,S-C centre (coding B: FHC/Temer as centre),2,"FHC II, Temer",-0.5848666666666666,-0.22045000000000003,0.14396666666666658,0.5083833333333332,0.8727999999999998,-0.14361519153905095,0.47268598212829716,7.0,0.9981184219269773,0.23418902064578812,-1.0434025594207428,1.5117806007123191,-0.21799544738617938,-1.4955870274527103,1.0595961326803516,-0.4776515793578188,-1.7552431594243498,0.7999400007087121,
