metric_id,entity_id,freq,n_obs,first,last,stale_days,check
adult_smoking_prevalence,BR,annual,2,2013-12-31,2019-12-31,2468,STALE
cereal_production,BR,annual,62,1961-12-31,2022-12-31,1372,STALE
current_account_gdp,BR,annual,49,1975-12-31,2023-12-31,1007,fresh
deaths_65plus_share,BR,annual,28,1996-01-01,2023-01-01,1371,STALE
deaths_total_who,BR,annual,28,1996-01-01,2023-01-01,1371,STALE
dependency_ratio,BR,annual,64,1960-12-31,2023-12-31,1007,fresh
exports_total_wb_annual,BR,annual,64,1960-12-31,2023-12-31,1007,fresh
fdi_idp,BR,annual,54,1970-12-31,2023-12-31,1007,fresh
fertility_rate,BR,annual,63,1960-12-31,2022-12-31,1372,STALE
forest_area_km2,BR,annual,33,1990-12-31,2022-12-31,1372,STALE
fx_reserves_wb_annual,BR,annual,64,1960-12-31,2023-12-31,1007,fresh
gdp_agriculture_share,BR,annual,64,1960-12-31,2023-12-31,1007,fresh
gdp_industry_share,BR,annual,64,1960-12-31,2023-12-31,1007,fresh
gdp_real_growth,BR,annual,63,1961-12-31,2023-12-31,1007,fresh
gdp_services_share,BR,annual,64,1960-12-31,2023-12-31,1007,fresh
gni_per_capita,BR,annual,62,1962-12-31,2023-12-31,1007,fresh
gross_public_debt_gdp_wb_annual,BR,annual,14,2010-12-31,2023-12-31,1007,fresh
homicide_rate,BR,annual,24,2000-01-01,2023-01-01,1371,STALE
imports_total_wb_annual,BR,annual,64,1960-12-31,2023-12-31,1007,fresh
infant_deaths,BR,annual,28,1996-01-01,2023-01-01,1371,STALE
investment_rate_gdp,BR,annual,54,1970-12-31,2023-12-31,1007,fresh
ipca_headline,BR,annual,43,1981-12-31,2023-12-31,1007,fresh
labor_participation_rate,BR,annual,33,1991-12-31,2023-12-31,1007,fresh
lung_cancer_rate_female,BR,annual,24,2000-01-01,2023-01-01,1371,STALE
lung_cancer_rate_male,BR,annual,24,2000-01-01,2023-01-01,1371,STALE
ncd_death_share,BR,annual,28,1996-01-01,2023-01-01,1371,STALE
population,BR,annual,27,2000-12-31,2026-12-31,-89,fresh
renewable_share_electricity_matrix,BR,annual,26,1990-12-31,2015-12-31,3929,STALE
renewable_share_total_energy_matrix,BR,annual,32,1990-12-31,2021-12-31,1737,STALE
suicide_rate,BR,annual,24,2000-01-01,2023-01-01,1371,STALE
traffic_death_rate,BR,annual,24,2000-01-01,2023-01-01,1371,STALE
unemployment_rate_wb_annual,BR,annual,33,1991-12-31,2023-12-31,1007,fresh
working_age_share,BR,annual,64,1960-12-31,2023-12-31,1007,fresh
brent_usd,BR,daily,8571,2000-01-04,2026-09-29,4,fresh
brl_usd,BR,daily,4208,2010-01-04,2026-10-02,1,fresh
electricity_generation_by_source,BR,daily,4102,2015-07-01,2026-10-01,2,fresh
electricity_load,BR,daily,4291,2015-01-01,2026-10-01,2,fresh
embi_brazil,BR,daily,6335,2000-01-03,2024-07-30,795,STALE
focus_fx,BR,daily,6699,2000-01-13,2026-09-25,8,fresh
focus_gdp_growth,BR,daily,6810,1999-07-01,2026-09-25,8,fresh
focus_ipca_12m,BR,daily,6222,2001-12-12,2026-09-25,8,fresh
focus_selic_12m,BR,daily,6694,2000-01-20,2026-09-25,8,fresh
fx_reserves,BR,daily,4207,2010-01-04,2026-10-01,2,fresh
gov_nominal_yield_5y,BR,daily,2927,2015-01-02,2026-10-02,1,fresh
gov_real_yield_10y,BR,daily,2927,2015-01-02,2026-10-02,1,fresh
hydro_generation_share,BR,daily,4102,2015-07-01,2026-10-01,2,fresh
hydro_stress_index,BR,daily,4102,2015-07-01,2026-10-01,2,fresh
ibov_resource_energy_weight,BR,daily,1,2026-10-03,2026-10-03,0,fresh
ibov_weight,ABEV3,daily,1,2026-10-03,2026-10-03,0,fresh
ibov_weight,ALOS3,daily,1,2026-10-03,2026-10-03,0,fresh
ibov_weight,ASAI3,daily,1,2026-10-03,2026-10-03,0,fresh
ibov_weight,AURE3,daily,1,2026-10-03,2026-10-03,0,fresh
ibov_weight,AXIA3,daily,1,2026-10-03,2026-10-03,0,fresh
ibov_weight,AZZA3,daily,1,2026-10-03,2026-10-03,0,fresh
ibov_weight,B3SA3,daily,1,2026-10-03,2026-10-03,0,fresh
ibov_weight,BBAS3,daily,1,2026-10-03,2026-10-03,0,fresh
ibov_weight,BBDC3,daily,1,2026-10-03,2026-10-03,0,fresh
ibov_weight,BBDC4,daily,1,2026-10-03,2026-10-03,0,fresh
ibov_weight,BBSE3,daily,1,2026-10-03,2026-10-03,0,fresh
ibov_weight,BEEF3,daily,1,2026-10-03,2026-10-03,0,fresh
ibov_weight,BPAC11,daily,1,2026-10-03,2026-10-03,0,fresh
ibov_weight,BRAP4,daily,1,2026-10-03,2026-10-03,0,fresh
ibov_weight,BRAV3,daily,1,2026-10-03,2026-10-03,0,fresh
ibov_weight,CEAB3,daily,1,2026-10-03,2026-10-03,0,fresh
ibov_weight,CMIG4,daily,1,2026-10-03,2026-10-03,0,fresh
ibov_weight,CMIN3,daily,1,2026-10-03,2026-10-03,0,fresh
ibov_weight,COGN3,daily,1,2026-10-03,2026-10-03,0,fresh
ibov_weight,CPFE3,daily,1,2026-10-03,2026-10-03,0,fresh
ibov_weight,CPLE3,daily,1,2026-10-03,2026-10-03,0,fresh
ibov_weight,CSAN3,daily,1,2026-10-03,2026-10-03,0,fresh
ibov_weight,CSMG3,daily,1,2026-10-03,2026-10-03,0,fresh
ibov_weight,CSNA3,daily,1,2026-10-03,2026-10-03,0,fresh
ibov_weight,CURY3,daily,1,2026-10-03,2026-10-03,0,fresh
ibov_weight,CXSE3,daily,1,2026-10-03,2026-10-03,0,fresh
ibov_weight,CYRE3,daily,1,2026-10-03,2026-10-03,0,fresh
ibov_weight,DIRR3,daily,1,2026-10-03,2026-10-03,0,fresh
ibov_weight,EGIE3,daily,1,2026-10-03,2026-10-03,0,fresh
ibov_weight,EMBJ3,daily,1,2026-10-03,2026-10-03,0,fresh
ibov_weight,ENEV3,daily,1,2026-10-03,2026-10-03,0,fresh
ibov_weight,ENGI11,daily,1,2026-10-03,2026-10-03,0,fresh
ibov_weight,EQTL3,daily,1,2026-10-03,2026-10-03,0,fresh
ibov_weight,FLRY3,daily,1,2026-10-03,2026-10-03,0,fresh
ibov_weight,GGBR4,daily,1,2026-10-03,2026-10-03,0,fresh
ibov_weight,GOAU4,daily,1,2026-10-03,2026-10-03,0,fresh
ibov_weight,HAPV3,daily,1,2026-10-03,2026-10-03,0,fresh
ibov_weight,HYPE3,daily,1,2026-10-03,2026-10-03,0,fresh
ibov_weight,IGTI11,daily,1,2026-10-03,2026-10-03,0,fresh
ibov_weight,ISAE4,daily,1,2026-10-03,2026-10-03,0,fresh
ibov_weight,ITSA4,daily,1,2026-10-03,2026-10-03,0,fresh
ibov_weight,ITUB4,daily,1,2026-10-03,2026-10-03,0,fresh
ibov_weight,KLBN11,daily,1,2026-10-03,2026-10-03,0,fresh
ibov_weight,LREN3,daily,1,2026-10-03,2026-10-03,0,fresh
ibov_weight,MBRF3,daily,1,2026-10-03,2026-10-03,0,fresh
ibov_weight,MGLU3,daily,1,2026-10-03,2026-10-03,0,fresh
ibov_weight,MOTV3,daily,1,2026-10-03,2026-10-03,0,fresh
ibov_weight,MRVE3,daily,1,2026-10-03,2026-10-03,0,fresh
ibov_weight,MULT3,daily,1,2026-10-03,2026-10-03,0,fresh
ibov_weight,NATU3,daily,1,2026-10-03,2026-10-03,0,fresh
ibov_weight,PETR3,daily,1,2026-10-03,2026-10-03,0,fresh
ibov_weight,PETR4,daily,1,2026-10-03,2026-10-03,0,fresh
ibov_weight,POMO4,daily,1,2026-10-03,2026-10-03,0,fresh
ibov_weight,PRIO3,daily,1,2026-10-03,2026-10-03,0,fresh
ibov_weight,PSSA3,daily,1,2026-10-03,2026-10-03,0,fresh
ibov_weight,RADL3,daily,1,2026-10-03,2026-10-03,0,fresh
ibov_weight,RAIL3,daily,1,2026-10-03,2026-10-03,0,fresh
ibov_weight,RDOR3,daily,1,2026-10-03,2026-10-03,0,fresh
ibov_weight,RENT3,daily,1,2026-10-03,2026-10-03,0,fresh
ibov_weight,SANB11,daily,1,2026-10-03,2026-10-03,0,fresh
ibov_weight,SBSP3,daily,1,2026-10-03,2026-10-03,0,fresh
ibov_weight,SMFT3,daily,1,2026-10-03,2026-10-03,0,fresh
ibov_weight,SUZB3,daily,1,2026-10-03,2026-10-03,0,fresh
ibov_weight,TAEE11,daily,1,2026-10-03,2026-10-03,0,fresh
ibov_weight,TEND3,daily,1,2026-10-03,2026-10-03,0,fresh
ibov_weight,TIMS3,daily,1,2026-10-03,2026-10-03,0,fresh
ibov_weight,TOTS3,daily,1,2026-10-03,2026-10-03,0,fresh
ibov_weight,UGPA3,daily,1,2026-10-03,2026-10-03,0,fresh
ibov_weight,USIM5,daily,1,2026-10-03,2026-10-03,0,fresh
ibov_weight,VALE3,daily,1,2026-10-03,2026-10-03,0,fresh
ibov_weight,VAMO3,daily,1,2026-10-03,2026-10-03,0,fresh
ibov_weight,VBBR3,daily,1,2026-10-03,2026-10-03,0,fresh
ibov_weight,VIVA3,daily,1,2026-10-03,2026-10-03,0,fresh
ibov_weight,VIVT3,daily,1,2026-10-03,2026-10-03,0,fresh
ibov_weight,WEGE3,daily,1,2026-10-03,2026-10-03,0,fresh
ibov_weight,YDUQ3,daily,1,2026-10-03,2026-10-03,0,fresh
ibovespa_level,BR,daily,6658,2000-01-03,2026-10-01,2,fresh
ibovespa_usd,BR,daily,4157,2010-01-04,2026-10-01,2,fresh
selic_target,BR,daily,6117,2010-01-04,2026-10-03,0,fresh
share_close_adj_brl,AXIA,daily,3660,2012-01-02,2026-10-02,1,fresh
share_close_adj_brl,ITUB,daily,3660,2012-01-02,2026-10-02,1,fresh
share_close_adj_brl,PETR,daily,3660,2012-01-02,2026-10-02,1,fresh
share_close_adj_brl,PRIO,daily,3659,2012-01-02,2026-10-02,1,fresh
share_close_adj_brl,SUZB,daily,3660,2012-01-02,2026-10-02,1,fresh
share_close_adj_brl,VALE,daily,3660,2012-01-02,2026-10-02,1,fresh
share_close_brl,AXIA,daily,3660,2012-01-02,2026-10-02,1,fresh
share_close_brl,ITUB,daily,3660,2012-01-02,2026-10-02,1,fresh
share_close_brl,PETR,daily,3660,2012-01-02,2026-10-02,1,fresh
share_close_brl,PRIO,daily,3659,2012-01-02,2026-10-02,1,fresh
share_close_brl,SUZB,daily,3660,2012-01-02,2026-10-02,1,fresh
share_close_brl,VALE,daily,3660,2012-01-02,2026-10-02,1,fresh
stored_energy_ear,BR,daily,4293,2015-01-01,2026-10-02,1,fresh
thermal_dispatch_mwh,BR,daily,4291,2015-01-01,2026-10-01,2,fresh
thermal_generation_share,BR,daily,4102,2015-07-01,2026-10-01,2,fresh
wind_solar_generation_share,BR,daily,4102,2015-07-01,2026-10-01,2,fresh
dividend_per_share_brl,AXIA,event,14,2012-05-21,2025-11-17,320,fresh
dividend_per_share_brl,ITUB,event,228,2012-01-02,2026-10-01,2,fresh
dividend_per_share_brl,PETR,event,39,2012-01-03,2026-08-24,40,fresh
dividend_per_share_brl,PRIO,event,1,2023-12-14,2023-12-14,1024,fresh
dividend_per_share_brl,SUZB,event,12,2013-05-02,2026-04-30,156,fresh
dividend_per_share_brl,VALE,event,31,2012-04-16,2026-08-12,52,fresh
beef_exports,BR,monthly,152,2014-01-01,2026-08-01,63,fresh
beef_exports_to_china,BR,monthly,139,2014-01-01,2026-08-01,63,fresh
bop_goods_exports,BR,monthly,320,2000-01-01,2026-08-01,63,fresh
bop_goods_imports,BR,monthly,320,2000-01-01,2026-08-01,63,fresh
caged_net_hires,BR,monthly,80,2020-01-01,2026-08-01,63,fresh
china_export_share,BR,monthly,152,2014-01-01,2026-08-01,63,fresh
coffee_exports,BR,monthly,152,2014-01-01,2026-08-01,63,fresh
corporate_credit_balance,BR,monthly,234,2007-03-01,2026-08-01,63,fresh
corporate_credit_growth,BR,monthly,222,2008-03-01,2026-08-01,63,fresh
credit_gdp,BR,monthly,320,2000-01-01,2026-08-01,63,fresh
current_account_usd,BR,monthly,320,2000-01-01,2026-08-01,63,fresh
deaths_circulatory,BR,monthly,355,1996-01-01,2026-07-01,94,fresh
deaths_respiratory,BR,monthly,355,1996-01-01,2026-07-01,94,fresh
deaths_total,BR,monthly,355,1996-01-01,2026-07-01,94,fresh
delinquency_rate,BR,monthly,186,2011-03-01,2026-08-01,63,fresh
dividend_yield_ttm,AXIA,monthly,166,2013-01-31,2026-10-02,1,fresh
dividend_yield_ttm,ITUB,monthly,166,2013-01-31,2026-10-02,1,fresh
dividend_yield_ttm,PETR,monthly,166,2013-01-31,2026-10-02,1,fresh
dividend_yield_ttm,PRIO,monthly,166,2013-01-31,2026-10-02,1,fresh
dividend_yield_ttm,SUZB,monthly,166,2013-01-31,2026-10-02,1,fresh
dividend_yield_ttm,VALE,monthly,166,2013-01-31,2026-10-02,1,fresh
employed_population,BR,monthly,174,2012-03-01,2026-08-01,63,fresh
exports_to_china,BR,monthly,152,2014-01-01,2026-08-01,63,fresh
exports_to_eu,BR,monthly,152,2014-01-01,2026-08-01,63,fresh
exports_to_us,BR,monthly,152,2014-01-01,2026-08-01,63,fresh
exports_total,BR,monthly,152,2014-01-01,2026-08-01,63,fresh
fertilizer_dependency_index,BR,monthly,152,2014-01-01,2026-08-01,63,fresh
fertilizer_imports,BR,monthly,152,2014-01-01,2026-08-01,63,fresh
gas_production,BR,monthly,319,2000-01-01,2026-07-01,94,fresh
gas_production_mm3d,BR,monthly,176,2012-01-01,2026-08-01,63,fresh
gdp_nominal_12m_brl,BR,monthly,320,2000-01-01,2026-08-01,63,fresh
generation_gwh,AXIA,monthly,129,2016-01-01,2026-09-01,32,fresh
generation_gwh,PETR,monthly,129,2016-01-01,2026-09-01,32,fresh
generation_share_sin,AXIA,monthly,129,2016-01-01,2026-09-01,32,fresh
generation_share_sin,PETR,monthly,129,2016-01-01,2026-09-01,32,fresh
gross_public_debt_gdp,BR,monthly,237,2006-12-01,2026-08-01,63,fresh
homicide_deaths,BR,monthly,353,1996-01-01,2026-05-01,155,STALE
household_credit_balance,BR,monthly,234,2007-03-01,2026-08-01,63,fresh
household_credit_growth,BR,monthly,222,2008-03-01,2026-08-01,63,fresh
household_debt_income,BR,monthly,259,2005-01-01,2026-07-01,94,fresh
household_debt_service_ratio,BR,monthly,257,2005-03-01,2026-07-01,94,fresh
ibc_br,BR,monthly,283,2003-01-01,2026-07-01,94,fresh
implicit_interest_rate,BR,monthly,225,2007-12-01,2026-08-01,63,fresh
imports_total,BR,monthly,152,2014-01-01,2026-08-01,63,fresh
inflation_diffusion,BR,monthly,320,2000-01-01,2026-08-01,63,fresh
interest_bill_gdp,BR,monthly,286,2002-11-01,2026-08-01,63,fresh
ipca_12m,BR,monthly,320,2000-01-01,2026-08-01,63,fresh
ipca_administered_prices,BR,monthly,320,2000-01-01,2026-08-01,63,fresh
ipca_monthly,BR,monthly,320,2000-01-01,2026-08-01,63,fresh
ipca_services,BR,monthly,320,2000-01-01,2026-08-01,63,fresh
iron_ore_exports,BR,monthly,152,2014-01-01,2026-08-01,63,fresh
iron_ore_exports_kg,BR,monthly,152,2014-01-01,2026-08-01,63,fresh
iron_ore_unit_value,BR,monthly,152,2014-01-01,2026-08-01,63,fresh
net_public_debt_gdp,BR,monthly,297,2001-12-01,2026-08-01,63,fresh
niobium_exports,BR,monthly,152,2014-01-01,2026-08-01,63,fresh
nominal_deficit_gdp,BR,monthly,286,2002-11-01,2026-08-01,63,fresh
nominal_gdp_growth,BR,monthly,308,2001-01-01,2026-08-01,63,fresh
oil_export_unit_value,BR,monthly,152,2014-01-01,2026-08-01,63,fresh
oil_exports,BR,monthly,152,2014-01-01,2026-08-01,63,fresh
oil_exports_kg,BR,monthly,152,2014-01-01,2026-08-01,63,fresh
oil_production,BR,monthly,319,2000-01-01,2026-07-01,94,fresh
oil_production_offshore_kbd,BR,monthly,176,2012-01-01,2026-08-01,63,fresh
oil_production_yoy,BR,monthly,307,2001-01-01,2026-07-01,94,fresh
operated_oil_production_kbd,PETR,monthly,128,2016-01-01,2026-08-01,63,fresh
operated_oil_production_kbd,PRIO,monthly,128,2016-01-01,2026-08-01,63,fresh
pix_transactions_count,BR,monthly,71,2020-11-01,2026-09-01,32,fresh
pix_transactions_value,BR,monthly,71,2020-11-01,2026-09-01,32,fresh
potash_import_dependency_proxy,BR,monthly,152,2014-01-01,2026-08-01,63,fresh
potash_imports,BR,monthly,152,2014-01-01,2026-08-01,63,fresh
presalt_share,BR,monthly,128,2016-01-01,2026-08-01,63,fresh
primary_balance_gdp,BR,monthly,286,2002-11-01,2026-08-01,63,fresh
primary_result_nfsp,BR,monthly,286,2002-11-01,2026-08-01,63,fresh
pulp_exports,BR,monthly,152,2014-01-01,2026-08-01,63,fresh
pulp_exports_kg,BR,monthly,152,2014-01-01,2026-08-01,63,fresh
pulp_unit_value,BR,monthly,152,2014-01-01,2026-08-01,63,fresh
r_minus_g,BR,monthly,225,2007-12-01,2026-08-01,63,fresh
real_average_income,BR,monthly,174,2012-03-01,2026-08-01,63,fresh
real_wage_bill,BR,monthly,174,2012-03-01,2026-08-01,63,fresh
retail_sales_volume,BR,monthly,319,2000-01-01,2026-07-01,94,fresh
soy_exports,BR,monthly,152,2014-01-01,2026-08-01,63,fresh
sugar_exports,BR,monthly,152,2014-01-01,2026-08-01,63,fresh
suicide_deaths,BR,monthly,352,1996-01-01,2026-04-01,185,STALE
total_return_brl,AXIA,monthly,178,2012-01-31,2026-10-02,1,fresh
total_return_brl,IBOV,monthly,178,2012-01-31,2026-10-01,2,fresh
total_return_brl,ITUB,monthly,178,2012-01-31,2026-10-02,1,fresh
total_return_brl,PETR,monthly,178,2012-01-31,2026-10-02,1,fresh
total_return_brl,PRIO,monthly,178,2012-01-31,2026-10-02,1,fresh
total_return_brl,SUZB,monthly,178,2012-01-31,2026-10-02,1,fresh
total_return_brl,VALE,monthly,178,2012-01-31,2026-10-02,1,fresh
total_return_usd,AXIA,monthly,178,2012-01-31,2026-10-02,1,fresh
total_return_usd,IBOV,monthly,178,2012-01-31,2026-10-01,2,fresh
total_return_usd,ITUB,monthly,178,2012-01-31,2026-10-02,1,fresh
total_return_usd,PETR,monthly,178,2012-01-31,2026-10-02,1,fresh
total_return_usd,PRIO,monthly,178,2012-01-31,2026-10-02,1,fresh
total_return_usd,SUZB,monthly,178,2012-01-31,2026-10-02,1,fresh
total_return_usd,VALE,monthly,178,2012-01-31,2026-10-02,1,fresh
trade_balance,BR,monthly,152,2014-01-01,2026-08-01,63,fresh
traffic_deaths,BR,monthly,354,1996-01-01,2026-06-01,124,STALE
unemployment_rate,BR,monthly,174,2012-03-01,2026-08-01,63,fresh
vehicle_production,BR,monthly,318,2000-01-01,2026-06-01,124,STALE
vehicle_sales,BR,monthly,319,2000-01-01,2026-07-01,94,fresh
capex_brl,AXIA,quarterly,58,2012-03-31,2026-06-30,95,fresh
capex_brl,PETR,quarterly,58,2012-03-31,2026-06-30,95,fresh
capex_brl,PRIO,quarterly,58,2012-03-31,2026-06-30,95,fresh
capex_brl,SUZB,quarterly,58,2012-03-31,2026-06-30,95,fresh
capex_brl,VALE,quarterly,58,2012-03-31,2026-06-30,95,fresh
cash_brl,AXIA,quarterly,58,2012-03-31,2026-06-30,95,fresh
cash_brl,PETR,quarterly,58,2012-03-31,2026-06-30,95,fresh
cash_brl,PRIO,quarterly,58,2012-03-31,2026-06-30,95,fresh
cash_brl,SUZB,quarterly,58,2012-03-31,2026-06-30,95,fresh
cash_brl,VALE,quarterly,58,2012-03-31,2026-06-30,95,fresh
dividends_paid_brl,AXIA,quarterly,58,2012-03-31,2026-06-30,95,fresh
dividends_paid_brl,PETR,quarterly,58,2012-03-31,2026-06-30,95,fresh
dividends_paid_brl,PRIO,quarterly,58,2012-03-31,2026-06-30,95,fresh
dividends_paid_brl,SUZB,quarterly,58,2012-03-31,2026-06-30,95,fresh
dividends_paid_brl,VALE,quarterly,58,2012-03-31,2026-06-30,95,fresh
ebit_brl,AXIA,quarterly,58,2012-03-31,2026-06-30,95,fresh
ebit_brl,PETR,quarterly,58,2012-03-31,2026-06-30,95,fresh
ebit_brl,PRIO,quarterly,58,2012-03-31,2026-06-30,95,fresh
ebit_brl,SUZB,quarterly,58,2012-03-31,2026-06-30,95,fresh
ebit_brl,VALE,quarterly,58,2012-03-31,2026-06-30,95,fresh
gross_debt_brl,AXIA,quarterly,58,2012-03-31,2026-06-30,95,fresh
gross_debt_brl,PETR,quarterly,58,2012-03-31,2026-06-30,95,fresh
gross_debt_brl,PRIO,quarterly,58,2012-03-31,2026-06-30,95,fresh
gross_debt_brl,SUZB,quarterly,58,2012-03-31,2026-06-30,95,fresh
gross_debt_brl,VALE,quarterly,58,2012-03-31,2026-06-30,95,fresh
net_debt_brl_bn,AXIA,quarterly,58,2012-03-31,2026-06-30,95,fresh
net_debt_brl_bn,PETR,quarterly,58,2012-03-31,2026-06-30,95,fresh
net_debt_brl_bn,PRIO,quarterly,58,2012-03-31,2026-06-30,95,fresh
net_debt_brl_bn,SUZB,quarterly,58,2012-03-31,2026-06-30,95,fresh
net_debt_brl_bn,VALE,quarterly,58,2012-03-31,2026-06-30,95,fresh
net_income_brl,AXIA,quarterly,58,2012-03-31,2026-06-30,95,fresh
net_income_brl,ITUB,quarterly,55,2012-03-31,2026-06-30,95,fresh
net_income_brl,PETR,quarterly,58,2012-03-31,2026-06-30,95,fresh
net_income_brl,PRIO,quarterly,58,2012-03-31,2026-06-30,95,fresh
net_income_brl,SUZB,quarterly,58,2012-03-31,2026-06-30,95,fresh
net_income_brl,VALE,quarterly,58,2012-03-31,2026-06-30,95,fresh
net_income_usd_bn,AXIA,quarterly,58,2012-03-31,2026-06-30,95,fresh
net_income_usd_bn,ITUB,quarterly,55,2012-03-31,2026-06-30,95,fresh
net_income_usd_bn,PETR,quarterly,58,2012-03-31,2026-06-30,95,fresh
net_income_usd_bn,PRIO,quarterly,58,2012-03-31,2026-06-30,95,fresh
net_income_usd_bn,SUZB,quarterly,58,2012-03-31,2026-06-30,95,fresh
net_income_usd_bn,VALE,quarterly,58,2012-03-31,2026-06-30,95,fresh
revenue_brl,AXIA,quarterly,58,2012-03-31,2026-06-30,95,fresh
revenue_brl,ITUB,quarterly,55,2012-03-31,2026-06-30,95,fresh
revenue_brl,PETR,quarterly,58,2012-03-31,2026-06-30,95,fresh
revenue_brl,PRIO,quarterly,58,2012-03-31,2026-06-30,95,fresh
revenue_brl,SUZB,quarterly,58,2012-03-31,2026-06-30,95,fresh
revenue_brl,VALE,quarterly,58,2012-03-31,2026-06-30,95,fresh
revenue_usd_bn,AXIA,quarterly,58,2012-03-31,2026-06-30,95,fresh
revenue_usd_bn,ITUB,quarterly,55,2012-03-31,2026-06-30,95,fresh
revenue_usd_bn,PETR,quarterly,58,2012-03-31,2026-06-30,95,fresh
revenue_usd_bn,PRIO,quarterly,58,2012-03-31,2026-06-30,95,fresh
revenue_usd_bn,SUZB,quarterly,58,2012-03-31,2026-06-30,95,fresh
revenue_usd_bn,VALE,quarterly,58,2012-03-31,2026-06-30,95,fresh
cmo_power_cost,BR,weekly,1135,2005-01-07,2026-10-02,1,fresh
