dyad_id,dyad,leg_id,president,party,lean,start,end,months,chamber_size_cd,chamber_size_sf,pres_party_share_cd,pres_party_share_sf,coalition_share_cd_start_computed,coalition_share_cd_start,coalition_share_sf_start,coalition_share_cd_start_src,coalition_share_cd_mid_computed,coalition_share_cd_mid,coalition_share_sf_mid,coalition_share_cd_mid_src,centrao_share_cd_narrow,centrao_share_cd_broad,centrao_share_sf_narrow,left_share_cd,right_share_cd,seat_weighted_ideology_cd,ideology_coverage_cd,seat_weighted_bolognesi_cd,seat_weighted_ideology_sf,ideology_coverage_sf,seat_weighted_bolognesi_sf,pres_ideology_bls,pres_congress_distance,pres_ideology_bolognesi,pres_congress_distance_bolognesi,enpp_cd,enpp_sf,frag_cd,others_residual_cd,gov_success_rate,gov_success_source,gov_success_def,gov_win_rate,gov_win_source,mp_converted,mp_conv_rate,mp_issued,vetoes_appreciated_term,vetoes_overridden_term,veto_override_share,first_round_vote_share_president,coalition_note,arko_follow_rate,arko_source
1,Sarney×48,48,Sarney,PMDB,centre,1987-02-01,1990-03-15,37,487.0,,0.5338809034907598,,0.7761806981519508,0.7759999999999999,,0.7759999999999999,0.7761806981519508,0.6303,,0.6303,0.11704312114989733,0.8932238193018481,,0.09034907597535934,0.36960985626283366,5.819895661157024,0.9938398357289528,7.089854771784232,,,,7.5024999999999995,1.6826043388429754,7.01,0.07985477178423217,2.8296724929905137,,0.6466022119248298,0.0,,,,,,,,,,,,,"COMPUTED: PMDB 260 + PFL 118 of 487 seats (1986 Chamber election, en.wikipedia '1986 Brazilian legislative election'). Alianca Democratica cabinet party list per Figueiredo (2007) Sarney coalition PMDB-PFL; Sarney 1 (pre-Oct-1988) row not in Figueiredo Chart 2",,
2,Collor×49,49,Collor,PRN,right,1991-02-01,1992-12-29,22,503.0,,0.07952286282306163,,0.32803180914512925,0.34590000000000004,,0.34590000000000004,0.437375745526839,0.4354,,0.4354,0.20477137176938365,0.584493041749503,,0.2664015904572565,0.49304174950298213,5.789633673469386,0.9741550695825049,6.685423728813559,,,,8.099499999999999,2.3098663265306127,7.86,1.1745762711864414,8.710931313479085,,0.8852017121920565,0.0,,,,65.0,https://www.scielo.br/scielo.php?script=sci_arttext&pid=S0101-33002006000300002,,,,,,,30.48,"Figueiredo (2007) BPSR 1(2) Chart 2 'Government coalitions Oct 1988-Jan 2007', col '% of seats in the lower house - Coalition' (archived copy: http://web.archive.org/web/20220313130224/http://bibliotecadigital.tse.jus.br/xmlui/bitstream/handle/bdtse/4518/2007_figueiredo_government_coalitions_democracy.pdf); 'Collor 3' (legislative election)",,
3,Itamar×49,49,Itamar,no party / PMDB,centre,1992-12-29,1995-01-01,25,503.0,,,,0.5526838966202783,0.6,,0.6,0.5308151093439363,0.5964,,0.5964,0.20477137176938365,0.584493041749503,,0.2664015904572565,0.49304174950298213,5.789633673469386,0.9741550695825049,6.685423728813559,,,,5.643000000000001,0.1466336734693856,,,8.710931313479085,,0.8852017121920565,0.0,,,,66.0,https://www.scielo.br/scielo.php?script=sci_arttext&pid=S0101-33002006000300002,,,,,,,,"Figueiredo (2007) BPSR 1(2) Chart 2 'Government coalitions Oct 1988-Jan 2007', col '% of seats in the lower house - Coalition' (archived copy: http://web.archive.org/web/20220313130224/http://bibliotecadigital.tse.jus.br/xmlui/bitstream/handle/bdtse/4518/2007_figueiredo_government_coalitions_democracy.pdf); 'Franco 1'; Itamar had no party",,
4,FHC×50,50,FHC,PSDB,right,1995-02-01,1999-02-01,48,513.0,81.0,0.12280701754385964,0.12345679012345678,0.567251461988304,0.5614,0.6790123456790123,0.5614,0.567251461988304,0.7719,0.6790123456790123,0.7719,0.25925925925925924,0.6413255360623782,0.20987654320987653,0.341130604288499,0.4346978557504873,5.525699999999999,0.9844054580896686,6.664490196078432,5.812274999999998,0.9876543209876545,6.961999999999999,5.881499999999999,0.35580000000000034,7.11,0.4455098039215679,8.144873262975459,6.2307692307692335,0.8772233811733146,0.0,,,,,,,,,,1.0,,54.28,"Figueiredo (2007) BPSR 1(2) Chart 2 'Government coalitions Oct 1988-Jan 2007', col '% of seats in the lower house - Coalition' (archived copy: http://web.archive.org/web/20220313130224/http://bibliotecadigital.tse.jus.br/xmlui/bitstream/handle/bdtse/4518/2007_figueiredo_government_coalitions_democracy.pdf). Senate 58% from pt.wikipedia Governo FHC citing Abranches (2018) 'Presidencialismo de coalizao' (Camara figure there: 57%): https://pt.wikipedia.org/wiki/Governo_Fernando_Henrique_Cardoso",,
5,FHC×51,51,FHC,PSDB,right,1999-02-01,2003-01-01,47,513.0,81.0,0.19298245614035087,0.19753086419753085,0.6764132553606237,0.7387999999999999,0.8148148148148148,0.7387999999999999,0.47173489278752434,0.4522,0.5802469135802468,0.4522,0.2046783625730994,0.5711500974658869,0.06172839506172839,0.2202729044834308,0.41130604288499023,5.950670948616599,0.9863547758284599,6.64996062992126,5.7961172839506165,1.0,6.844197530864197,5.881499999999999,0.06917094861660011,7.11,0.4600393700787402,7.12635056459693,4.58490566037736,0.859675721684545,0.0,,,,,,84.0,82.3,,,1.0,,53.06,"Figueiredo (2007) BPSR 1(2) Chart 2 'Government coalitions Oct 1988-Jan 2007', col '% of seats in the lower house - Coalition' (archived copy: http://web.archive.org/web/20220313130224/http://bibliotecadigital.tse.jus.br/xmlui/bitstream/handle/bdtse/4518/2007_figueiredo_government_coalitions_democracy.pdf); 'Cardoso II 1'. Senate '>70% of deputies and senators' per pt.wikipedia Governo FHC (Folha 1998-12-23): https://pt.wikipedia.org/wiki/Governo_Fernando_Henrique_Cardoso",,
6,Lula×52,52,Lula,PT,left,2003-02-01,2007-02-01,48,513.0,81.0,0.17738791423001948,0.1728395061728395,0.4249512670565302,0.4288,0.38271604938271603,0.4288,0.49317738791423,0.6959000000000001,0.5432098765432098,0.6959000000000001,0.1968810916179337,0.5087719298245614,0.08641975308641975,0.3235867446393762,0.36257309941520466,5.320407630522088,0.9707602339181287,6.20246,5.3101975308641975,1.0,6.317160493827161,2.9010000000000002,2.419407630522088,2.97,3.23246,8.474833349434839,5.842386464826358,0.8820035794489473,0.0,77.0,https://www.folhavitoria.com.br/politica/visoes-ideologicas-dividem-a-camara/,follow-rate (Estadão Basômetro governismo),,,217.0,90.4,,,4.0,,46.44,"Figueiredo (2007) BPSR 1(2) Chart 2 'Government coalitions Oct 1988-Jan 2007', col '% of seats in the lower house - Coalition' (archived copy: http://web.archive.org/web/20220313130224/http://bibliotecadigital.tse.jus.br/xmlui/bitstream/handle/bdtse/4518/2007_figueiredo_government_coalitions_democracy.pdf); 'Lula I 1'",,
7,Lula×53,53,Lula,PT,left,2007-02-01,2011-01-01,47,513.0,81.0,0.1617933723196881,0.13580246913580246,0.5867446393762183,0.632,0.6049382716049383,0.632,,,,,0.19103313840155944,0.49122807017543857,0.12345679012345678,0.3586744639376218,0.3157894736842105,5.23086,0.9746588693957117,6.091235294117649,5.57719375,0.9876543209876545,6.431728395061729,2.9010000000000002,2.3298599999999996,2.97,3.1212352941176484,9.31670619888838,6.302593659942367,0.8926659294977752,0.0,79.0,https://www.folhavitoria.com.br/politica/visoes-ideologicas-dividem-a-camara/,follow-rate (Estadão Basômetro governismo),,,149.0,83.2,,,4.0,,48.61,"COMPUTED here: coalition parties' seats won at the election / 513 from Wikipedia election results table (2006: PT83 PMDB89 PL23 PSB27 PCdoB13 PTB22 PP42 PDT24 PRB1 = 324); election-night seats, ignores party switching before inauguration; not a CEBRAP/Figueiredo figure. Party list from pt.wikipedia 'Primeiro governo Lula' infobox (PMDB 2004-11, PP 2005, PRB 2007) https://pt.wikipedia.org/wiki/Primeiro_governo_Lula ; PDT re-entered with Lupi (Mar 2007) - date approximate; PV excluded (left 2005 per Figueiredo; Gil stayed as individual)",,
8,Dilma×54,54,Dilma,PT,left,2011-02-01,2015-02-01,48,513.0,81.0,0.17153996101364521,0.18518518518518517,0.6354775828460038,0.635,0.6543209876543209,0.635,0.5847953216374269,0.5847953216374269,0.6296296296296295,,0.2553606237816764,0.49317738791423,0.2345679012345679,0.3567251461988304,0.33528265107212474,4.961592184368738,0.97270955165692,5.9893957115009755,4.85605625,0.9876543209876543,5.881851851851851,2.68375,2.2778421843687378,2.97,3.0193957115009753,10.368740396359481,7.7461629279811115,0.9035562699254092,0.0,75.0,https://www.folhavitoria.com.br/politica/visoes-ideologicas-dividem-a-camara/,follow-rate (Estadão Basômetro governismo),,,108.0,74.4,,142.0,7.0,0.04929577464788732,46.91,"COMPUTED here: coalition parties' seats won at the election / 513 from Wikipedia election results table (2010: PT88 PMDB78 PP41 PR42 PSB34 PDT28 PCdoB15 = 326); election-night seats, ignores party switching before inauguration; not a CEBRAP/Figueiredo figure. Parties: en.wikipedia Cabinet_of_Dilma_Rousseff (lists also PSC, PRB) + PP via Mario Negromonte (PP) Cities minister 2011-01-01..2012-02-02 https://pt.wikipedia.org/wiki/M%C3%A1rio_Negromonte . PRB joined Feb 2012 (Crivella); PSC had no ministry (not counted)",,
9,Dilma×55,55,Dilma,PT,left,2015-02-01,2016-05-12,15,513.0,81.0,0.13450292397660818,0.16049382716049382,0.5925925925925926,0.593,0.6543209876543209,0.593,0.19103313840155944,0.19103313840155944,0.24691358024691357,,0.38596491228070173,0.5555555555555556,0.2222222222222222,0.30214424951267055,0.48148148148148145,5.4589028340080965,0.962962962962963,6.187309941520467,5.275833333333334,1.0000000000000002,5.971481481481481,2.68375,2.7751528340080966,2.97,3.2173099415204667,13.270586455549394,8.010989010989011,0.9246453799649654,0.0,65.0,https://www.folhavitoria.com.br/politica/visoes-ideologicas-dividem-a-camara/,follow-rate (Estadão Basômetro governismo),,,46.0,78.0,,142.0,7.0,0.04929577464788732,41.59,"COMPUTED here: coalition parties' seats won at the election / 513 from Wikipedia election results table (2014: PT69 PMDB66 PP38 PSD36 PR34 PRB21 PDT19 PROS11 PCdoB10 = 304); election-night seats, ignores party switching before inauguration; not a CEBRAP/Figueiredo figure. Party list en.wikipedia Cabinet_of_Dilma_Rousseff (2015). Caveat: PTB (Armando Monteiro, MDIC) not in that list - unverified; adding PTB 25 would give 64.1",,
10,Temer×55,55,Temer,MDB,right,2016-05-12,2019-01-01,32,513.0,81.0,0.1286549707602339,0.2345679012345679,0.5906432748538011,0.591,0.6419753086419753,0.591,0.4853801169590643,0.4853801169590643,0.5061728395061729,,0.38596491228070173,0.5555555555555556,0.2222222222222222,0.30214424951267055,0.48148148148148145,5.4589028340080965,0.962962962962963,6.187309941520467,5.275833333333334,1.0000000000000002,5.971481481481481,7.724,2.2650971659919037,7.01,0.8226900584795329,13.270586455549394,8.010989010989011,0.9246453799649654,0.0,76.0,https://www.folhavitoria.com.br/politica/visoes-ideologicas-dividem-a-camara/,follow-rate (Estadão Basômetro governismo),,,108.0,75.0,,144.0,21.0,0.14583333333333334,,"COMPUTED here: coalition parties' seats won at the election / 513 from Wikipedia election results table (2014: PMDB66 PSDB54 PSD36 PP38 PR34 PRB21 DEM21 PTB25 PV8 = 303); election-night seats, ignores party switching before inauguration; not a CEBRAP/Figueiredo figure - strongly affected by 2015-16 party switching (janela). Party list pt.wikipedia Governo_Michel_Temer https://pt.wikipedia.org/wiki/Governo_Michel_Temer ; PPS/PSB ministers (Jungmann, Freire, F. Bezerra Filho) not in that list",,
11,Bolsonaro×56,56,Bolsonaro,PSL / PL,right,2019-02-01,2023-01-01,47,513.0,81.0,0.10136452241715399,0.04938271604938271,0.17348927875243664,0.17348927875243664,0.12345679012345678,,0.2300194931773879,0.2300194931773879,0.19753086419753085,,0.37037037037037035,0.5516569200779726,0.35802469135802467,0.20272904483430798,0.5945419103313838,6.006778925619836,0.9434697855750487,6.385867446393762,6.15246875,0.9876543209876543,6.615125000000001,9.31,3.303221074380165,8.11,1.7241325536062373,16.408067834653032,11.821621621621624,0.9390543719055056,0.0,76.0,https://www.folhavitoria.com.br/politica/visoes-ideologicas-dividem-a-camara/,follow-rate (Estadão Basômetro governismo),,,194.0,68.3,140.0,258.0,114.0,0.4418604651162791,46.03,NO FORMAL COALITION: ministers' parties,,
12,Lula×57,57,Lula,PT,left,2023-02-01,2027-01-01,47,513.0,81.0,0.13450292397660818,0.1111111111111111,0.5243664717348928,0.524,0.6296296296296295,0.524,0.6939571150097466,0.6940000000000001,0.7530864197530864,0.6940000000000001,0.43079922027290446,0.5380116959064327,0.48148148148148145,0.23391812865497075,0.6023391812865497,5.885527888446217,0.9785575048732942,6.539740331624671,5.974018518518519,1.0,6.686323731138547,2.9010000000000002,2.9845278884462165,2.97,3.5697403316246707,9.908844459505252,8.830417227456259,0.8990800588215178,0.0,,,,,,38.0,23.0,192.0,87.0,43.0,0.4942528735632184,48.43,"COMPUTED here: coalition parties' seats won at the election / 513 from Wikipedia election results table (2022: PT69 PCdoB6 PSB14 PDT17 PSOL12 REDE2 MDB42 PSD42 Uniao59 = 263; +PV6 (allied, federation with PT) = 269 -> 52.4); election-night seats, ignores party switching before inauguration; not a CEBRAP/Figueiredo figure. pt.wikipedia Governo Lula (2023-presente): coalition PT,PCdoB,PV,PSOL,REDE,AGIR,PSB,Avante,Solidariedade + supporting MDB,PSD,PDT,UNIAO,PP https://pt.wikipedia.org/wiki/Terceiro_governo_Lula . Uniao ministers did not bind the bancada",46.43,https://www.infomoney.com.br/politica/governo-lula-tem-menor-apoio-na-camara-dos-deputados-em-13-meses-diz-levantamento/
