candidate,case,partner,centrao_alignment,exports_probability,congress_adjusted_probability,probability_shift_steps,exports_usd_bn_range,congress_usd_modifier,lever,rationale,dominance_note,exports_fact_ids
Lula IV,best,US,aligned,medium,medium,0,+1.0 to +3.0,0,—,Rubio's 'no good faith' (A25) keeps the 301 layer regardless of Congress,commodity/ToT state dominates (exports 6b: ToT ±10% ≈ ±$14–22bn/yr),A16;A21;A22;A23;A26
Lula IV,best,US,transactional,medium,medium,0,+1.0 to +3.0,0 to +0.5,veto override,"Congress already overrode the dosimetria veto (2026-04-30, G09) → political irritant partly removed without Lula; 301 unchanged",commodity/ToT state dominates (exports 6b: ToT ±10% ≈ ±$14–22bn/yr),A16;A21;A22;A23;A26
Lula IV,best,US,opposed,medium,medium–high,1,+1.0 to +3.0,0 to +0.5,amnesty override,an opposed Congress passes the broad amnesty over Lula's veto (257/41 available) → US political layer eases; STF reaction = conflict premium,commodity/ToT state dominates (exports 6b: ToT ±10% ≈ ±$14–22bn/yr),A16;A21;A22;A23;A26
Lula IV,worst,US,aligned,low,low–medium,1,-5.0 to -2.0,−2 to −5 tail,Reciprocity Law 15.122,a Congress aligned with Lula lowers the political cost of using the Reciprocity Law (unused to date) → escalation tail,commodity/ToT state dominates (exports 6b: ToT ±10% ≈ ±$14–22bn/yr),A12;A21;A23;A25;A38
Lula IV,worst,US,transactional,low,low,0,-5.0 to -2.0,0,Reciprocity Law,law dormant; Camex decides; FPA opposes retaliation that invites agro counter-measures,commodity/ToT state dominates (exports 6b: ToT ±10% ≈ ±$14–22bn/yr),A12;A21;A23;A25;A38
Lula IV,worst,US,opposed,low,low,-1,-5.0 to -2.0,0,Reciprocity Law,hostile Congress raises the cost of retaliation; cannot force use,commodity/ToT state dominates (exports 6b: ToT ±10% ≈ ±$14–22bn/yr),A12;A21;A23;A25;A38
Lula IV,best,China,aligned,medium,medium,0,+3.0 to +8.0,0,none,no Congress lever on this cell,commodity/ToT state dominates (exports 6b: ToT ±10% ≈ ±$14–22bn/yr),B38;B39;B44;B14
Lula IV,best,China,transactional,medium,medium,0,+3.0 to +8.0,0,none,no Congress lever on this cell,commodity/ToT state dominates (exports 6b: ToT ±10% ≈ ±$14–22bn/yr),B38;B39;B44;B14
Lula IV,best,China,opposed,medium,medium,0,+3.0 to +8.0,0,none,no Congress lever on this cell,commodity/ToT state dominates (exports 6b: ToT ±10% ≈ ±$14–22bn/yr),B38;B39;B44;B14
Lula IV,worst,China,aligned,medium,medium,0,-10.0 to -3.0,0,none,no Congress lever on this cell,commodity/ToT state dominates (exports 6b: ToT ±10% ≈ ±$14–22bn/yr),B06;B09;B10;B11;B14
Lula IV,worst,China,transactional,medium,medium,0,-10.0 to -3.0,0,none,no Congress lever on this cell,commodity/ToT state dominates (exports 6b: ToT ±10% ≈ ±$14–22bn/yr),B06;B09;B10;B11;B14
Lula IV,worst,China,opposed,medium,medium,0,-10.0 to -3.0,0,none,no Congress lever on this cell,commodity/ToT state dominates (exports 6b: ToT ±10% ≈ ±$14–22bn/yr),B06;B09;B10;B11;B14
Lula IV,best,EU,aligned,medium,medium,0,+1.0 to +3.0,0,ratification done,DL 14/2026 already promulgated (G05); Congress cannot undo provisional application,commodity/ToT state dominates (exports 6b: ToT ±10% ≈ ±$14–22bn/yr),C07;C14;C18;C19;C20
Lula IV,best,EU,transactional,medium,medium,0,+1.0 to +3.0,0,ratification done,same,commodity/ToT state dominates (exports 6b: ToT ±10% ≈ ±$14–22bn/yr),C07;C14;C18;C19;C20
Lula IV,best,EU,opposed,medium,medium,0,+1.0 to +3.0,0,ratification done,same,commodity/ToT state dominates (exports 6b: ToT ±10% ≈ ±$14–22bn/yr),C07;C14;C18;C19;C20
Lula IV,worst,EU,aligned,medium,medium,0,-2.0 to +0.0,−2 to 0,—,"executive enforcement continues; EU-side (EP/CJEU, C05/C06) dominates",commodity/ToT state dominates (exports 6b: ToT ±10% ≈ ±$14–22bn/yr),C05;C06;C19;C20
Lula IV,worst,EU,transactional,medium,medium–high,1,-2.0 to +0.0,−2 to 0 (+ rollback tail),veto override on environmental law,"Congress-driven rollback path even with executive enforcement (52 of 63 licensing vetoes overridden, C30)",commodity/ToT state dominates (exports 6b: ToT ±10% ≈ ±$14–22bn/yr),C05;C06;C19;C20
Lula IV,worst,EU,opposed,medium,medium–high,1,-2.0 to +0.0,−2 to 0 (+ rollback tail),veto override,overrides become routine; EUDR reclassification tail rises from a low base,commodity/ToT state dominates (exports 6b: ToT ±10% ≈ ±$14–22bn/yr),C05;C06;C19;C20
Lula IV,best,Mercosur/LatAm,aligned,medium,medium,0,+1.0 to +3.0,0 (EFTA DL 146/2026 and Singapore DL 147/2026 already ratified),treaty ratification (CF 49 I),"the plan's pending EFTA item is done (in force for Brazil from 2026-10-01, G21); Congress's ratification role is spent for the current pipeline",commodity/ToT state dominates (exports 6b: ToT ±10% ≈ ±$14–22bn/yr),C42;C43
Lula IV,best,Mercosur/LatAm,transactional,medium,medium,0,+1.0 to +3.0,0,treaty ratification,same; 2026 lags were 2–9 months from signature to DL,commodity/ToT state dominates (exports 6b: ToT ±10% ≈ ±$14–22bn/yr),C42;C43
Lula IV,best,Mercosur/LatAm,opposed,medium,medium,0,+1.0 to +3.0,0,treaty ratification,"same; future deals (UAE, Canada) not yet signed",commodity/ToT state dominates (exports 6b: ToT ±10% ≈ ±$14–22bn/yr),C42;C43
Lula IV,worst,Mercosur/LatAm,aligned,low,low,0,-3.0 to -1.0,0,none,no Congress lever on this cell,commodity/ToT state dominates (exports 6b: ToT ±10% ≈ ±$14–22bn/yr),C42;C43;C44;C45;C50
Lula IV,worst,Mercosur/LatAm,transactional,low,low,0,-3.0 to -1.0,0,none,no Congress lever on this cell,commodity/ToT state dominates (exports 6b: ToT ±10% ≈ ±$14–22bn/yr),C42;C43;C44;C45;C50
Lula IV,worst,Mercosur/LatAm,opposed,low,low,0,-3.0 to -1.0,0,none,no Congress lever on this cell,commodity/ToT state dominates (exports 6b: ToT ±10% ≈ ±$14–22bn/yr),C42;C43;C44;C45;C50
Lula IV,best,Rest,aligned,medium,medium,0,+1.0 to +3.0,0,Senate: external credit (CF 52 V–VIII),NDB/CAF loans approved,commodity/ToT state dominates (exports 6b: ToT ±10% ≈ ±$14–22bn/yr),B29;B30;B32
Lula IV,best,Rest,transactional,medium,medium,0,+1.0 to +3.0,0,Senate,delays to NDB/CAF loans for states; ≈0 export effect,commodity/ToT state dominates (exports 6b: ToT ±10% ≈ ±$14–22bn/yr),B29;B30;B32
Lula IV,best,Rest,opposed,medium,low–medium,-1,+1.0 to +3.0,0,Senate,"hostile Senate delays external credit and ambassador confirmations (US slot vacant, A38); ≈0 direct export $",commodity/ToT state dominates (exports 6b: ToT ±10% ≈ ±$14–22bn/yr),B29;B30;B32
Lula IV,worst,Rest,aligned,low,low,0,-1.0 to +0.0,0,none,no Congress lever on this cell,commodity/ToT state dominates (exports 6b: ToT ±10% ≈ ±$14–22bn/yr),B36;A45;A46
Lula IV,worst,Rest,transactional,low,low,0,-1.0 to +0.0,0,none,no Congress lever on this cell,commodity/ToT state dominates (exports 6b: ToT ±10% ≈ ±$14–22bn/yr),B36;A45;A46
Lula IV,worst,Rest,opposed,low,low,0,-1.0 to +0.0,0,none,no Congress lever on this cell,commodity/ToT state dominates (exports 6b: ToT ±10% ≈ ±$14–22bn/yr),B36;A45;A46
Flávio Bolsonaro,best,US,aligned,medium,high,2,+2.0 to +6.0,0 (Section 301 is a trade finding; $ cell stays +2 to +6),amnesty / veto override,aligned Congress passes the broad amnesty (Amin PL) in the transition (A32) → political layer with Washington eases; Magnitsky lift precedent tied to Chamber vote (A11),commodity/ToT state dominates (exports 6b: ToT ±10% ≈ ±$14–22bn/yr),A15;A21;A22;A23;A27;A28
Flávio Bolsonaro,best,US,transactional,medium,medium–high,1,+2.0 to +6.0,0,amnesty,amnesty passes at a price; STF suspension of Lei 15.402 (G10) signals institutional conflict,commodity/ToT state dominates (exports 6b: ToT ±10% ≈ ±$14–22bn/yr),A15;A21;A22;A23;A27;A28
Flávio Bolsonaro,best,US,opposed,medium,medium,0,+2.0 to +6.0,0,amnesty,centrão withholds amnesty as leverage; US political layer unchanged,commodity/ToT state dominates (exports 6b: ToT ±10% ≈ ±$14–22bn/yr),A15;A21;A22;A23;A27;A28
Flávio Bolsonaro,worst,US,aligned,medium,low–medium,-1,+0.0 to +2.0,0,—,"Congress removes a source of US conditionality (amnesty) — concessions demanded shift to ethanol/Pix (A19, B24)",commodity/ToT state dominates (exports 6b: ToT ±10% ≈ ±$14–22bn/yr),A19;A20;A24;A30
Flávio Bolsonaro,worst,US,transactional,medium,medium,0,+0.0 to +2.0,0,—,no Congress lever on ethanol/digital concessions,commodity/ToT state dominates (exports 6b: ToT ±10% ≈ ±$14–22bn/yr),A19;A20;A24;A30
Flávio Bolsonaro,worst,US,opposed,medium,medium,0,+0.0 to +2.0,0,—,same,commodity/ToT state dominates (exports 6b: ToT ±10% ≈ ±$14–22bn/yr),A19;A20;A24;A30
Flávio Bolsonaro,best,China,aligned,high,high,0,+0.0 to +3.0,0,none,no Congress lever on this cell,commodity/ToT state dominates (exports 6b: ToT ±10% ≈ ±$14–22bn/yr),A31;B23;B25;B26;B27
Flávio Bolsonaro,best,China,transactional,high,high,0,+0.0 to +3.0,0,none,no Congress lever on this cell,commodity/ToT state dominates (exports 6b: ToT ±10% ≈ ±$14–22bn/yr),A31;B23;B25;B26;B27
Flávio Bolsonaro,best,China,opposed,high,high,0,+0.0 to +3.0,0,none,no Congress lever on this cell,commodity/ToT state dominates (exports 6b: ToT ±10% ≈ ±$14–22bn/yr),A31;B23;B25;B26;B27
Flávio Bolsonaro,worst,China,aligned,low,low,0,-15.0 to -3.0,0,Senate FTO / anti-terror bill (flag),BRICS re-evaluation needs no Congress (A29); a PCC/CV FTO bill (A27) could touch correspondent banking (C14) — flag only,commodity/ToT state dominates (exports 6b: ToT ±10% ≈ ±$14–22bn/yr),A29;B19;B20;B21;B22;B24
Flávio Bolsonaro,worst,China,transactional,low,low,0,-15.0 to -3.0,0,—,no Congress role,commodity/ToT state dominates (exports 6b: ToT ±10% ≈ ±$14–22bn/yr),A29;B19;B20;B21;B22;B24
Flávio Bolsonaro,worst,China,opposed,low,low,0,-15.0 to -3.0,0,—,no Congress role,commodity/ToT state dominates (exports 6b: ToT ±10% ≈ ±$14–22bn/yr),A29;B19;B20;B21;B22;B24
Flávio Bolsonaro,best,EU,aligned,low,low,0,+0.0 to +2.0,0,ratification done,"same; the EU side, not Brazil's Congress, is the binding constraint",commodity/ToT state dominates (exports 6b: ToT ±10% ≈ ±$14–22bn/yr),C07;C22
Flávio Bolsonaro,best,EU,transactional,low,low,0,+0.0 to +2.0,0,ratification done,same,commodity/ToT state dominates (exports 6b: ToT ±10% ≈ ±$14–22bn/yr),C07;C22
Flávio Bolsonaro,best,EU,opposed,low,low,0,+0.0 to +2.0,0,ratification done,same,commodity/ToT state dominates (exports 6b: ToT ±10% ≈ ±$14–22bn/yr),C07;C22
Flávio Bolsonaro,worst,EU,aligned,low,medium,2,-5.0 to -2.0,−2 to −5 (cell range unchanged),environmental law / veto-free rollbacks,"FPA-dominant Congress + aligned executive: licensing-type rollbacks pass without vetoes (C30 precedent), EUDR from 2026-12-30 (C23) → high-risk / de-risking tail low → medium",commodity/ToT state dominates (exports 6b: ToT ±10% ≈ ±$14–22bn/yr),C23;C24;C25;C26;C27;C35;C36;C38
Flávio Bolsonaro,worst,EU,transactional,low,low–medium,1,-5.0 to -2.0,−2 to −5,environmental law,rollbacks pass case-by-case,commodity/ToT state dominates (exports 6b: ToT ±10% ≈ ±$14–22bn/yr),C23;C24;C25;C26;C27;C35;C36;C38
Flávio Bolsonaro,worst,EU,opposed,low,low,0,-5.0 to -2.0,−2 to −5,environmental law,centrão bargaining slows rollbacks; executive enforcement still decides PFLS,commodity/ToT state dominates (exports 6b: ToT ±10% ≈ ±$14–22bn/yr),C23;C24;C25;C26;C27;C35;C36;C38
Flávio Bolsonaro,best,Mercosur/LatAm,aligned,medium,medium,0,+2.0 to +4.0,0,treaty ratification,EFTA/Singapore already ratified,commodity/ToT state dominates (exports 6b: ToT ±10% ≈ ±$14–22bn/yr),C44;C50;C51
Flávio Bolsonaro,best,Mercosur/LatAm,transactional,medium,medium,0,+2.0 to +4.0,0,treaty ratification,same,commodity/ToT state dominates (exports 6b: ToT ±10% ≈ ±$14–22bn/yr),C44;C50;C51
Flávio Bolsonaro,best,Mercosur/LatAm,opposed,medium,medium,0,+2.0 to +4.0,0,treaty ratification,same,commodity/ToT state dominates (exports 6b: ToT ±10% ≈ ±$14–22bn/yr),C44;C50;C51
Flávio Bolsonaro,worst,Mercosur/LatAm,aligned,low,low–medium,1,-4.0 to -2.0,−2 to −4,CET / Mercosur protocol changes need Congress,turning Mercosur into an FTA needs treaty changes Congress ratifies → aligned Congress makes the worst cell easier,commodity/ToT state dominates (exports 6b: ToT ±10% ≈ ±$14–22bn/yr),A30;C22;C42
Flávio Bolsonaro,worst,Mercosur/LatAm,transactional,low,low,0,-4.0 to -2.0,−2 to −4,same,industrial lobby (autos) in centrão slows it,commodity/ToT state dominates (exports 6b: ToT ±10% ≈ ±$14–22bn/yr),A30;C22;C42
Flávio Bolsonaro,worst,Mercosur/LatAm,opposed,low,low,-1,-4.0 to -2.0,−2 to −4,same,blocked,commodity/ToT state dominates (exports 6b: ToT ±10% ≈ ±$14–22bn/yr),A30;C22;C42
Flávio Bolsonaro,best,Rest,aligned,low,low,0,+1.0 to +3.0,"+0.5 to +2 (critical minerals, strategic)",Law 15.506 / Cimce (B51),Congress's role spent; Presidency approves deals → fast-track US minerals deals,commodity/ToT state dominates (exports 6b: ToT ±10% ≈ ±$14–22bn/yr),B44;B46
Flávio Bolsonaro,best,Rest,transactional,low,low,0,+1.0 to +3.0,+0.5 to +2,Cimce,same,commodity/ToT state dominates (exports 6b: ToT ±10% ≈ ±$14–22bn/yr),B44;B46
Flávio Bolsonaro,best,Rest,opposed,low,low,0,+1.0 to +3.0,+0.5 to +2,Cimce,same,commodity/ToT state dominates (exports 6b: ToT ±10% ≈ ±$14–22bn/yr),B44;B46
Flávio Bolsonaro,worst,Rest,aligned,low,low,0,-3.0 to -1.0,0,none,no Congress lever on this cell,commodity/ToT state dominates (exports 6b: ToT ±10% ≈ ±$14–22bn/yr),B33;B34;B35;B37
Flávio Bolsonaro,worst,Rest,transactional,low,low,0,-3.0 to -1.0,0,none,no Congress lever on this cell,commodity/ToT state dominates (exports 6b: ToT ±10% ≈ ±$14–22bn/yr),B33;B34;B35;B37
Flávio Bolsonaro,worst,Rest,opposed,low,low,0,-3.0 to -1.0,0,none,no Congress lever on this cell,commodity/ToT state dominates (exports 6b: ToT ±10% ≈ ±$14–22bn/yr),B33;B34;B35;B37
