fact_id,claim,date,source_url,publisher,accessed,used_in_scenario_ids,confidence,channel
G01,"2026 Chamber (513) by party: PL 121, PT 70, União 46, PSD 43, PP 41, Republicanos 41, MDB 36, Podemos 27, PSB 15, PSOL 14, PCdoB 11, PSDB 11, Novo 10, PV 7, PDT 6, PRD 5, Avante 5, Solidariedade 2, Rede 1, Missão 1 (sum 513); identical to the plan's list.",2026-10-05,https://cdn.tse.jus.br/estatistica/sead/odsele/consulta_cand/consulta_cand_2026.zip ; https://www.camara.leg.br/noticias/1309429-veja-a-lista-dos-513-deputados-federais-eleitos-por-estado-e-por-partido,"TSE open data (candidates marked elected, file generated 2026-10-05 10:14) ; Agência Câmara (list of 513 by name/party)",2026-10-05,all,high,Congress
G02,"2026 Senate: 54 seats contested — PL 19, MDB 7, PT 6, PP/PSB/União/Novo 3 each, Republicanos/PSD/PSDB/Podemos 2 each, Rede/PDT 1 each (TSE per-state results, 100% totalised).",2026-10-05,https://resultados.tse.jus.br/oficial/ele2026/6259/dados/sp/sp-c0005-e006259-u.json ; https://www.congressoemfoco.com.br/noticia/122752/pl-conquista-19-das-54-vagas-no-senado-veja-os-senadores-eleitos,TSE results (27 UF files) ; Congresso em Foco,2026-10-05,all,high,Congress
G03,"Senate composition from 1 Feb 2027 (81): PL 28, PT 9, MDB 8, PP 6, Republicanos 6, PSD 5, União 5, PSB 4, Novo 3, Podemos 2, PSDB 2, Rede 1, PDT 1, no party 1. English Wikipedia shows PL 29 and no unaffiliated senator (one suplente's affiliation) — the 41/49 arithmetic is unchanged either way.",2026-10-05,https://agenciabrasil.ebc.com.br/politica/noticia/2026-10/pl-elege-19-senadores-e-soma-28-mdb-conquista-sete-vagas-e-pt-seis ; https://www.cnnbrasil.com.br/eleicoes/divisao-bancada-senado/,Agência Brasil ; CNN Brasil,2026-10-05,all,high,Congress
G04,PL 28 is the largest start-of-legislature Senate bancada since the 1988 Constitution; previous record PMDB 27 at the start of 1999 (Senate 1999 report confirms PMDB 27).,2026-10-04,https://www12.senado.leg.br/noticias/materias/2026/10/04/pl-tera-maior-bancada-em-inicio-de-legislatura-no-senado-desde-1988 ; https://www.senado.gov.br/Relatorios_SGM/RelPresi/1999/008-partidos.pdf,Senado Notícias ; Senado Relatório da Presidência 1999,2026-10-05,all,high,Congress
G05,EU–Mercosur: signed 2026-01-17; Senate approved unanimously 2026-03-04; Decreto Legislativo 14/2026 on 2026-03-17; promulgated by Decreto 12.953 of 2026-04-28; provisionally applied from 2026-05-01.,2026-04-28,https://www.poder360.com.br/poder-congresso/congresso-promulga-acordo-entre-mercosul-e-uniao-europeia/ ; https://www.planalto.gov.br/ccivil_03/_ato2023-2026/2026/decreto/D12953.htm,Poder360 ; Planalto (Decreto 12.953/2026),2026-10-05,Lula IV|best|EU;Flávio|best|EU,high,C6/C9/C10
G06,"Reciprocity Law: Lei 15.122 of 2025-04-11 (published DOU 2025-04-14) lets the Executive suspend trade concessions, investment obligations and IP rights and impose counter-tariffs in response to unilateral foreign measures; Executive (Camex) decides.",2025-04-11,https://www.migalhas.com.br/quentes/428377/apos-tarifaco-de-trump-lula-sanciona-lei-da-reciprocidade-economica ; https://www2.camara.leg.br/legin/fed/lei/2025/lei-15122-11-abril-2025-797315-norma-pl.html,Migalhas ; Câmara legin,2026-10-05,Lula IV|worst|US,high,C1
G07,"Dosimetria bill PL 2162/2023: Chamber 2025-12-10 (291–148), Senate 2025-12-17 (48–25); Lula vetoed it in full on 2026-01-08.",2026-01-08,https://dadosabertos.camara.leg.br/api/v2/proposicoes/2358548/votacoes ; https://pt.wikipedia.org/wiki/PL_da_Dosimetria,Câmara open data ; Wikipedia (citing Agência Câmara/Senado),2026-10-05,Lula IV|best|US;Flávio|best|US,high,C1/C2
G08,Sen. Esperidião Amin (PP-SC) filed a 'broad and unrestricted' amnesty bill for 8 January participants after the veto; no date set; 257/41 needed to override a veto.,2026-01-09,https://www.diariodepernambuco.com.br/politica/2026/01/11704670-apos-veto-de-lula-relator-do-pl-da-dosimetria-protocola-pl-da-anistia.html,Diário de Pernambuco,2026-10-05,Flávio|best|US,medium,C1
G09,"PLAN ANCHOR SUPERSEDED: Congress overrode the dosimetria veto on 2026-04-30 — Chamber 318–144 (5 abst.), Senate 49–24; promulgated by the Senate president as Lei 15.402 on 2026-05-08.",2026-04-30,https://www12.senado.leg.br/noticias/materias/2026/04/30/congresso-derruba-veto-e-possibilita-reducao-de-penas-pelo-8-de-janeiro ; https://pt.wikipedia.org/wiki/PL_da_Dosimetria,Senado Notícias ; Wikipedia,2026-10-05,Lula IV|best|US;Flávio|best|US,high,C1/C2
G10,Justice Moraes suspended the application of Lei 15.402 (dosimetria) on 2026-05-09 pending STF review (ABI and PSOL-Rede challenges).,2026-05-09,https://pt.wikipedia.org/wiki/PL_da_Dosimetria,"Wikipedia (citing g1 2026-05-09, g1 not fetchable)",2026-10-05,Flávio|best|US,medium,C1/C2
G11,"Emendas 2025: R$31.5bn paid within the budget year (SIOP, record); Portal da Transparência cash basis incl. restos a pagar R$43.5bn; 2026 LOA authorised R$61.4bn (R$49.9bn impositivas + R$11.5bn other).",2026-01-15,https://www.diariodepernambuco.com.br/politica/2026/01/11704130-governo-lula-registra-pagamento-recorde-de-rs-315-bilhoes-em-emendas-em-2025.html ; https://www.congressoemfoco.com.br/noticia/115071/congresso-aprova-orcamento-de-2026-com-superavit-de-r-34-5-bilhoes,Diário de Pernambuco (SIOP) ; Congresso em Foco,2026-10-05,all,high,C14
G12,"Emendas paid (cash incl. restos a pagar, R$bn): 2016 16.2, 2017 10.2, 2018 12.9, 2019 11.7, 2020 23.7, 2021 25.2, 2022 27.9, 2023 32.9, 2024 39.3, 2025 43.5, 2026 Jan–Sep 35.1; RP9 2020–22 8.5/10.2/11.5; Pix 2020–25 0.6→6.9. Executive discretionary (RTN 4.4.2) 2025 R$204.9bn.",2026-10-01,https://portaldatransparencia.gov.br/download-de-dados/emendas-parlamentares/UNICO ; https://www.tesourotransparente.gov.br/ckan/dataset/ab56485b-9c40-4efb-8563-9ce3e1973c4b/resource/527ccdb1-3059-42f3-bf23-b5e3ab4c6dc6/download/seriehistoricajul26.xlsx,"Portal da Transparência (EmendasParlamentares.csv, extract 2026-10-01) ; Tesouro RTN série histórica (Jul-2026)",2026-10-05,all,high,C14
G13,"Governismo (Estadão Basômetro, share of Chamber roll calls voted with the government leader's orientation): Lula I 77, Lula II 79, Dilma I 75, Dilma II 65, Temer 76, Bolsonaro 76. Confirmed only via a search-result excerpt; definition = follow-rate, not win-rate.",2022-01-01,https://www.folhavitoria.com.br/politica/visoes-ideologicas-dividem-a-camara/,Folha Vitória (citing Basômetro; via search excerpt),2026-10-05,governability,low,Congress
G14,"Arko Advice follow-rate (deputies following the government orientation in open roll calls): 46.4% Apr 2023, 46.5% May 2024 (lowest in 13 months; 20 of 52 oriented votes lost).",2024-06-10,https://www.infomoney.com.br/politica/governo-lula-tem-menor-apoio-na-camara-dos-deputados-em-13-meses-diz-levantamento/,InfoMoney (Arko Advice),2026-10-05,governability,medium,Congress
G15,"MP conversion (converted / decided, post-EC 32): FHC 2001–02 82.3%, Lula I 90.4%, Lula II 83.2%, Dilma I 74.4%, Dilma II 78%, Temer 75% (108/144), Bolsonaro 68.3% (194/284), Lula III 23% (38 converted of 192 issued; 128 of 166 decided failed, to Apr 2026).",2026-04-30,https://www.infomoney.com.br/?p=3278641 ; https://congressoemfoco.com.br/area/governo/campeao-em-mps-bolsonaro-aprovou-menos-da-metade-delas-no-congresso,InfoMoney (Ranking dos Políticos) ; Congresso em Foco,2026-10-05,governability,medium,Congress
G16,"Vetoes appreciated / at least partly overridden: FHC 1 overridden, Lula I+II 4, Dilma 7 of 142, Temer 21 of 144, Bolsonaro 114 of 258 (44%), Lula III 43 of 87 (49%, 2023–25).",2025-12-31,https://jornaldebrasilia.com.br/noticias/politica-e-poder/congresso-derruba-metade-dos-vetos-de-lula-e-muda-dinamica-de-governabilidade/ ; https://congressoemfoco.com.br/noticia/19100/lula-3-teve-no-primeiro-ano-de-governo-91-vetos-derrubados-pelo-congresso-bolsonaro-57,Jornal de Brasília (Folha/Senado count) ; Congresso em Foco,2026-10-05,veto_strength,medium,Congress
G17,"Licensing law 15.190/2025: 52 of 63 vetoes overridden on 2025-11-27 (Chamber 295–167, Senate 52–15) [= exports C30].",2025-11-27,https://www.camara.leg.br/noticias/1227650-congresso-derruba-vetos-de-lula-ao-licenciamento-ambiental/,Agência Câmara,2026-10-05,Lula IV|worst|EU,high,C7/C8
G18,"FPA membership: 54th leg. 191 deputies + 14 senators; 55th 232 deputies (Câmara open data, signatures); 56th 225 + 32 at launch; 57th 300 + 47 (FPA site Jul-2026: 297 + 48). 53rd and 58th not available.",2026-07-01,https://www.scielo.br/j/rsocp/a/YY8KHZ8KMTjVLTMdjYWY6RP/?format=html&lang=pt ; https://www.camara.leg.br/noticias/442698-bancada-da-agropecuaria-vai-aumentar-no-proximo-ano/,Graciano 2023 (RSOCP) citing FPA ; Agência Câmara 2014,2026-10-05,EU cells,medium,C7
G19,"Coalition seat shares at cabinet dates 1987–2005 (Sarney 63–78%, Collor 35–44%, Itamar 60%, FHC 56→77% and 74→45%, Lula 43→70%) from Figueiredo (2007) Chart 2; 2007+ computed from election seats.",2007-01-01,https://bibliotecadigital.tse.jus.br/xmlui/bitstream/handle/bdtse/4518/2007_figueiredo_government_coalitions_democracy.pdf,Figueiredo 2007 (TSE digital library),2026-10-05,panel,medium,Congress
G20,"Executive bill success (win-rate, Limongi 2006, CEBRAP): 70.7% for 1988–2006; Collor 65%; Itamar ≈66%. No sourced win-rates after 2006.",2006-11-01,https://www.scielo.br/scielo.php?script=sci_arttext&pid=S0101-33002006000300002,"Limongi 2006, Novos Estudos 76",2026-10-05,governability,medium,Congress
G21,"PLAN ANCHOR SUPERSEDED: Mercosur–EFTA (signed 2025-09-16) approved by DL 146 of 2026-06-22, promulgated by Decreto 13.126 of 2026-09-23, in force for Brazil from 2026-10-01; Mercosur–Singapore approved by DL 147 of 2026-06-22, Decreto 13.081 of 2026-07-27.",2026-09-23,https://www.planalto.gov.br/ccivil_03/_ato2023-2026/2026/decreto/d13126.htm ; https://www.planalto.gov.br/ccivil_03/_ato2023-2026/2026/decreto/D13081.htm,Planalto (Decreto 13.126/2026) ; Planalto (Decreto 13.081/2026),2026-10-05,Mercosur/LatAm cells,high,C9/C10
G22,"Treaty lags (signature→DL): Israel 24 m, Egypt 62 m, Palestine 81 m, Chile 35 m, US ATEC 13 m, Singapore 30.5 m, EFTA 9.2 m, EU 1.9 m.",2026-09-23,https://www.planalto.gov.br/ccivil_03/_ato2007-2010/2010/decreto/d7159.htm,Planalto promulgation decrees (research/treaties.csv),2026-10-05,G10,high,C9
G23,Reform dates (Câmara/Senado open data): PEC 241 1st round 2016-10-10 (366–111); labour reform 2017-04-26 (296–177); pension 1st round 2019-07-10 (379–131); BCB autonomy 2021-02-10 (339–114); precatórios 2021-11-04 (312–144); Kamikaze 1st round 2022-07-12; transição 2022-12-20; fiscal framework 2023-05-23 (372–108); PEC 45 1st round 2023-07-06 (382–118).,2023-07-06,https://dadosabertos.camara.leg.br/api/v2/proposicoes/2088351/votacoes,Câmara open data (research/reforms.csv),2026-10-05,event study,high,Congress
G24,Feb-2027 presidencies: PL launches Rogério Marinho for the Senate and says it will not back Alcolumbre; Sóstenes Cavalcante (PL-RJ) cited for the Chamber; Motta (Republicanos) and Alcolumbre (União) seek re-election.,2026-10-05,https://www.congressoemfoco.com.br/noticia/122994/valdemar-diz-que-pl-quer-eleger-rogerio-marinho-presidente-do-senado ; https://www.cnnbrasil.com.br/politica/pl-mira-comando-da-camara-e-do-senado-mas-centrao-mantem-forca/,Congresso em Foco ; CNN Brasil,2026-10-05,presidency_subbranch,medium,Congress
G25,Chamber/Senate presidents 1987–2025 by party (PMDB dominance of the Senate chair 1987–2017; PP Lira 2021–25; Republicanos Motta 2025; União Alcolumbre 2025).,2025-02-01,https://pt.wikipedia.org/wiki/Lista_de_presidentes_da_C%C3%A2mara_dos_Deputados_do_Brasil,Wikipedia lists (research/chamber_presidents.csv),2026-10-05,panel,medium,Congress
G26,Historical Chamber seats by party 1986–2022: Portuguese Wikipedia election tables (citing TSE); 2002 from TSE open data; alternative values ±1–2 seats noted per row.,2026-10-05,https://pt.wikipedia.org/wiki/Elei%C3%A7%C3%B5es_gerais_no_Brasil_em_2022,Wikipedia/TSE (research/chamber_seats.csv),2026-10-05,panel,medium,Congress
G27,Senate composition at legislature start 1995–2023 from the Senate open-data API (party on 1 Feb); 1987 and 1991 not available.,2026-10-05,https://legis.senado.leg.br/dadosabertos/,Senado open data (research/senate_seats.csv),2026-10-05,panel,medium,Congress
G28,"Party ideology: Zucco & Power BLS 1990–2021 party estimates (−1..+1, mapped to 0–10 as (s+1)·5); Bolognesi, Ribeiro & Codato 2023 DADOS 2018 round (0–10; no 2022 round in the paper).",2023-01-01,https://dataverse.harvard.edu/dataset.xhtml?persistentId=doi:10.7910/DVN/6KVTUV ; https://scielo.br/j/dados/a/zzyM3gzHD4P45WWdytXjZWg/?format=pdf,Harvard Dataverse BLS9 ; SciELO DADOS,2026-10-05,panel,high,Congress
G29,"2026 first round (TSE): Flávio Bolsonaro 47.03%, Lula 45.16% of valid votes; run-off 2026-10-25 [= exports A49/C63].",2026-10-05,https://en.wikipedia.org/wiki/2026_Brazilian_general_election,Wikipedia (TSE count; see A49),2026-10-05,all,high,politics
A11,"[reused from exports] The US lifted Global Magnitsky sanctions on Moraes, his wife and the Lex Institute on 12 Dec 2025 after a Trump–Lula call, citing the lower house's passage of an amnesty bill.",2025-12-12,https://www.cbsnews.com/news/us-removes-brazilian-supreme-court-judge-alexandre-de-moraes-sanctions-list/,CBS News; OFAC recent actions 20251212,2026-10-05,,high,C1
A12,[reused from exports] The FT reported on 16 Aug 2026 that the administration discussed re-imposing Magnitsky sanctions on Moraes; no decision had been reported as of late Aug 2026.,2026-08-16,https://www.riotimesonline.com/us-moraes-sanctions-brazil-magnitsky/,Rio Times (citing FT),2026-10-05,Lula IV / worst / US,medium,C1
A21,"[reused from exports] USTR's final Section 301 action (15 Jul 2026) imposed an additional 25% on most Brazilian goods from 22 Jul 2026; goods under Section 232 are excluded; exemptions include beef, coffee, orange juice, aircraft and parts, energy, pig iron.",2026-07-15,https://ustr.gov/about/policy-offices/press-office/press-releases/2026/july/ustr-section-301-action-brazils-unreasonable-acts-policies-and-practices,USTR; EY; Mohawk Global,2026-10-05,Lula IV / best / US | Lula IV / worst / US | Flávio Bolsonaro / best / US,high,C1
A25,"[reused from exports] Rubio said Brazil had ""not negotiated in good faith"" and accused Lula of ""putting his own ego ahead of making a deal""; Lula called the 301 tariff a ""lamentable milestone"" and noted a US$424.5bn cumulative US surplus with Brazil over 15 years.",2026-07-16,https://finance.yahoo.com/economy/policy/articles/marco-rubio-says-president-lula-233111694.html,Yahoo Finance; PIIE,2026-10-05,Lula IV / worst / US,medium,C1
A26,"[reused from exports] Lula met Trump at the White House on 7 May 2026 (~3 hours) on tariffs, critical minerals and organized crime; both called it positive but no tariff deal followed.",2026-05-07,https://www.aljazeera.com/news/2026/5/7/brazils-lula-meets-trump-amid-efforts-to-avert-new-us-trade-tariffs,Al Jazeera; France 24; Bloomberg,2026-10-05,Lula IV / best / US,high,C1
A27,[reused from exports] Trump received Flávio Bolsonaro (with Eduardo Bolsonaro and Paulo Figueiredo) at the White House on 26 May 2026; Flávio said he asked for PCC and Comando Vermelho to be designated as terrorist organizations.,2026-05-26,https://www.bloomberg.com/news/articles/2026-05-26/trump-meets-brazil-s-flavio-bolsonaro-at-white-house,Bloomberg; Al Jazeera; Breitbart,2026-10-05,Flávio Bolsonaro / best / US,high,C2
A29,"[reused from exports] Flávio Bolsonaro (PragerU podcast, ~3 Jun 2026) said that on his first day he would ""reevaluate if Brazil should stay in a bloc that is very ideological, used to provoke the United States"" and would consider leaving BRICS.",2026-06-03,https://www.forte.jor.br/2026/09/29/analista-ve-possibilidade-de-saida-do-brasil-do-brics-em-eventual-governo-flavio-bolsonaro/,Forças Terrestres; BRICS-info,2026-10-05,Flávio Bolsonaro / worst / China,medium,C2/C5
A32,"[reused from exports] On TV Globo (Jornal Nacional), Flávio pledged to seek amnesty for his father during the transition: ""vou trabalhar pra que a anistia seja feita ainda na transição"", or else pardon the 8 January convicts.",2026-08-28,https://www.infomoney.com.br/politica/flavio-diz-que-buscara-anistia-para-bolsonaro-ainda-durante-governo-de-transicao/,InfoMoney; Gazeta do Povo; Bem Paraná,2026-10-05,,high,C2
A38,[reused from exports] Ahead of the election the State Department revoked Brazil's ambassador Maria Luiza Viotti's US visa (Aug 2026) and suspended consular services (Oct 2026); Darren Beattie is senior State adviser on Brazil; 31 Democratic lawmakers accused the administration of interference.,2026-10-01,https://time.com/article/2026/10/01/trump-brazil-election-interference-accusations-lula-bolsonaro-tensions/,TIME; Democracy Now,2026-10-05,Lula IV / worst / US,medium,C2
A49,"[reused from exports] Official TSE count (100% of polls, 5 Oct 2026 02:58): Flávio Bolsonaro (PL) 56,104,268 votes (47.03%) vs Lula (PT) 53,876,617 (45.16%); run-off on 25 Oct 2026.",2026-10-05,https://www.tse.jus.br/comunicacao/noticias/2026/Outubro/flavio-bolsonaro-e-lula-vao-disputar-o-2o-turno-para-a-presidencia-da-republica,TSE; Mix Vale; Wikipedia,2026-10-05,,high,C15
A50,"[reused from exports] Last pre-first-round run-off polls: Datafolha (28 Sep–1 Oct) Lula 48% vs Flávio 45%; Quaest (2–3 Oct) Flávio 44% vs Lula 42%; AtlasIntel (27 Sep–2 Oct, n=4,945) Lula 50.1% vs Flávio 49.9% of valid votes — all within the margin of error.",2026-10-03,https://www.cnnbrasil.com.br/eleicoes/datafolha-lula-tem-48-no-2o-turno-flavio-tem-45/,CNN Brasil; Poder360,2026-10-05,,high,C15
A51,"[reused from exports] In the 4 Oct 2026 elections the right and far right won 34 of the 54 Senate seats contested, 19 of them for the PL.",2026-10-05,https://www.democracynow.org/2026/10/5/brazil_election,Democracy Now,2026-10-05,,low,C15
B24,"[reused from exports] Foreign Policy reports Flávio's platform pledges to negotiate with China while aligning with the US on security, and endorses barring Pix from 'non-Western cross-border settlement arrangements' (targeting UnionPay integration).",2026-09-21,https://foreignpolicy.com/2026/09/21/brazil-presidential-election-lula-bolsonaro-china-us-trump/,Foreign Policy,2026-10-05,Flávio Bolsonaro / worst / China,medium,C4 China alignment
B51,"[reused from exports] Law 15.506 (16 Sep 2026; PL 2.780/2024) created Brazil's National Critical and Strategic Minerals Policy and the Cimce council under the Presidency, which lists critical minerals and must approve international operations and changes of corporate control; funding includes FGAM (up to R$2bn) and up to R$1bn/yr tax credits 2030-34.",2026-09-17,https://www12.senado.leg.br/noticias/materias/2026/09/17/sancionada-politica-nacional-de-minerais-criticos-e-estrategicos,Agência Senado / Câmara,2026-10-05,,high,C13 Critical minerals
C05,"[reused from exports] On 21 Jan 2026 the European Parliament voted 334-324 (9 abstentions) to request a CJEU opinion on the EU-Mercosur agreement (split of the trade pillar and provisional application), freezing Parliament's consent procedure until the Court rules.",2026-01-21,https://www.france24.com/en/europe/20260121-eu-parliament-votes-to-challenge-mercosur-trade-deal,France 24 (also Al Jazeera/Euronews),2026-10-05,Lula IV / worst / EU,high,C6 EU-Mercosur
C06,"[reused from exports] The CJEU opinion on the EU-Mercosur agreement is expected before summer 2027, and France, Italy and Poland all hold elections in 2027.",2026-10-05,"https://www.terra.com.br/noticias/brasil/acordo-ue-mercosul-entra-no-2-turno-da-eleicao-no-brasil,b04c9c7c0e10e2c97d0ac351da1954e6ni9rbwsz.html",Terra (RFI),2026-10-05,Lula IV / worst / EU,medium,C6 EU-Mercosur
C07,"[reused from exports] The EU-Mercosur Interim Trade Agreement has been provisionally applied since 1 May 2026 with all four Mercosur states (Argentina, Brazil, Paraguay, Uruguay) after each completed ratification, despite the pending CJEU referral.",2026-04-30,https://policy.trade.ec.europa.eu/news/eu-mercosur-interim-trade-agreement-starts-provisionally-apply-2026-04-30_en,European Commission DG Trade (also Latvian MFA/KPMG),2026-10-05,Flávio Bolsonaro / best / EU | Lula IV / best / EU,high,C6 EU-Mercosur
C23,"[reused from exports] Regulation (EU) 2025/2650 (adopted 17-18 Dec 2025, OJ 23 Dec 2025) postponed the EUDR to 30 Dec 2026 for large and medium operators and to 30 Jun 2027 for micro and small operators, and required a simplification review by 30 Apr 2026.",2025-12-23,https://www.consilium.europa.eu/en/press/press-releases/2025/12/18/deforestation-council-signs-off-targeted-revision-to-simplify-and-postpone-the-regulation/,Council of the EU (also Stibbe),2026-10-05,Flávio Bolsonaro / worst / EU,high,C7 EUDR/Environment
C24,"[reused from exports] In its EUDR review report COM(2026) 191 of 4 May 2026, the Commission said it did not consider further amendments to the basic act appropriate; no proposal to postpone 30 Dec 2026 again had been found as of October 2026.",2026-05-04,https://environment.ec.europa.eu/document/download/a3c5c3a0-232e-43c4-b0b8-1eecb1df45c7_en?filename=Report+from+the+Commission+to+the+Council+and+Parliament+on+the+EUDR.pdf,European Commission,2026-10-05,Flávio Bolsonaro / worst / EU,high,C7 EUDR/Environment
C25,"[reused from exports] Under the EUDR country benchmarking implementing act of 22 May 2025, Brazil is 'standard risk'; only Belarus, Myanmar, North Korea and Russia are high risk (140 low, about 50 standard). The EP objected to the methodology in July 2025.",2025-05-22,https://www.fieldfisher.com/en/insights/the-eu-deforestation-regulation-european-commission-classifies-countries-as-high-low-or-standard-risk,Fieldfisher (also Coolset),2026-10-05,Flávio Bolsonaro / worst / EU,high,C7 EUDR/Environment
C30,"[reused from exports] Lula signed the General Environmental Licensing Law (Lei 15.190/2025) in Aug 2025 with 63 vetoes; on 27 Nov 2025 Congress overturned 52 of them (Chamber 295-167, Senate 52-15).",2025-11-27,https://www.camara.leg.br/noticias/1227650-congresso-derruba-vetos-de-lula-ao-licenciamento-ambiental/,Agencia Camara (also Poder360),2026-10-05,,high,C7 EUDR/Environment
C32,"[reused from exports] Mato Grosso Law 12.709/2024, which strips tax incentives from Soy Moratorium signatories, took effect on 1 Jan 2026; in January 2026 Abiove and its trader members (ADM, Bunge, Cargill, COFCO, LDC) moved to exit the moratorium.",2026-01-06,https://www.thepoultrysite.com/news/2026/01/brazil-soy-traders-move-to-exit-amazon-deforestation-pact,The Poultry Site (Reuters) / Canal Rural,2026-10-05,,high,C7 EUDR/Environment
C33,"[reused from exports] In Aug 2026 the STF (ADIs 7774/7775, rapporteur Dino's view prevailing) held the Soy Moratorium compatible with the Constitution while upholding the Mato Grosso and Rondonia laws restricting incentives to its participants.",2026-08-12,https://conjur.com.br/2026-ago-12/stf-valida-moratoria-da-soja-e-mantem-restricoes-estaduais-a-incentivos/,Conjur (also STF news),2026-10-05,,medium,C7 EUDR/Environment
C60,"[reused from exports] On 5 Oct 2026, after Flavio led the first round, USD/BRL fell about 4-4.5% to about R$5.00 (from about 5.22), the Ibovespa rose about 7.8% to a record 207,074 (intraday about 209,600) and DI futures fell more than 100bp.",2026-10-05,https://www.bloomberglinea.com.br/mercados/lideranca-de-flavio-no-primeiro-turno-abre-espaco-para-rali-do-mercado-dizem-gestores/,Bloomberg Linea (also BusinessDay/Reuters),2026-10-05,,high,C14 FX
C61,"[reused from exports] JPMorgan scenarios: fiscal adjustment (seen as a Flavio case) would mean BRL +6%, yields about 13% and equities +50%, while fiscal deterioration would mean BRL -6%, yields about 15.5% and equities -21%. BTG sees B3 up to +45% on a Flavio win.",2026-10-05,https://www.businessday.co.za/world/americas/2026-10-05-brazils-real-surges-as-flavio-bolsonaro-takes-election-lead/,BusinessDay (Reuters/Bloomberg) / Bloomberg Linea,2026-10-05,,medium,C14 FX
C63,"[reused from exports] Official first-round shares on 4 Oct 2026 were reported as Flavio Bolsonaro 47.03% and Lula 45.16% of valid votes, with the run-off on 25 Oct 2026.",2026-10-05,https://www.businessday.co.za/world/americas/2026-10-05-brazils-real-surges-as-flavio-bolsonaro-takes-election-lead/,BusinessDay (Reuters),2026-10-05,,medium,C14 FX
