id,name,kind,first_chamber_vote_date,senate_final_date,promulgation_date,category,source_url,note,date,dyad,coalition_share_cd_start,pres_party_share_cd,centrao_share_cd_narrow,enpp_cd
EC6/1995,EC 6/1995 - end of 'empresa brasileira de capital nacional' distinction,EC,1995-05-10,1995-08-08,1995-08-15,foreign,https://dadosabertos.camara.leg.br/api/v2/proposicoes/24957/tramitacoes,Câmara PEC 5/1995 1st-round substitutivo approved 1995-05-10 (tramitação); Senate PEC 32/1995 https://legis.senado.leg.br/dadosabertos/processo?sigla=PEC&numero=32&ano=1995; promulgation https://www.planalto.gov.br/ccivil_03/constituicao/emendas/emc/emc06.htm,1995-08-15,FHC×50,0.5614,0.12280701754385964,0.25925925925925924,8.144873262975459
EC9/1995,EC 9/1995 - flexibilises Petrobras oil monopoly,EC,1995-06-07,1995-11-08,1995-11-09,institutional,https://dadosabertos.camara.leg.br/api/v2/proposicoes/169217/tramitacoes,"Câmara PEC 6/1995: 1st-round discussion/vote session 1995-06-07, sent for 2nd-round text same day (exact approval line not in API text); Senate PEC 39/1995 https://legis.senado.leg.br/dadosabertos/processo?sigla=PEC&numero=39&ano=1995; https://www.planalto.gov.br/ccivil_03/constituicao/emendas/emc/emc09.htm",1995-11-09,FHC×50,0.5614,0.12280701754385964,0.25925925925925924,8.144873262975459
EC19/1998,EC 19/1998 - administrative reform,EC,1997-04-09,1998-03-11,1998-06-04,tightening,https://dadosabertos.camara.leg.br/api/v2/proposicoes/169506/tramitacoes,Câmara PEC 173/1995 substitutivo approved 1st round 1997-04-09 (309-147); Senate PEC 41/1997 https://legis.senado.leg.br/dadosabertos/processo?sigla=PEC&numero=41&ano=1997; https://www.planalto.gov.br/ccivil_03/constituicao/emendas/emc/emc19.htm,1998-06-04,FHC×50,0.5614,0.12280701754385964,0.25925925925925924,8.144873262975459
EC20/1998,EC 20/1998 - FHC pension reform,EC,1996-03-21,1997-10-08,1998-12-15,tightening,https://dadosabertos.camara.leg.br/api/v2/proposicoes/169284/tramitacoes,"Câmara PEC 33/1995: CESP substitutivo rejected 1996-03-06; aglutinativa substitutiva approved 1st round 1996-03-21 (351-139). Senate PEC 33/1996 approved 1997-10-08 https://legis.senado.leg.br/dadosabertos/processo?sigla=PEC&numero=33&ano=1996, then Chamber re-voted Senate substitutivo 1998; https://www.planalto.gov.br/ccivil_03/constituicao/emendas/emc/emc20.htm",1998-12-15,FHC×50,0.5614,0.12280701754385964,0.25925925925925924,8.144873262975459
LC101/2000,Lei de Responsabilidade Fiscal (LC 101/2000),LC,2000-01-25,2000-04-11,2000-05-04,tightening,https://dadosabertos.camara.leg.br/api/v2/proposicoes/38154/tramitacoes,"Câmara PLP 18/1999 subemenda substitutiva approved 2000-01-25 (385-86), destaques concluded 2000-02-01; Senate PLC 4/2000 https://legis.senado.leg.br/dadosabertos/processo?sigla=PLC&numero=4&ano=2000; promulgation = sanction date https://www.planalto.gov.br/ccivil_03/leis/lcp/lcp101.htm",2000-05-04,FHC×51,0.7387999999999999,0.19298245614035087,0.2046783625730994,7.12635056459693
EC41/2003,EC 41/2003 - Lula pension reform,EC,2003-08-05,2003-12-11,2003-12-19,tightening,https://dadosabertos.camara.leg.br/api/v2/proposicoes/113716/tramitacoes,Câmara PEC 40/2003 aglutinativa substitutiva global approved 1st round 2003-08-05 (358-126); Senate PEC 67/2003 https://legis.senado.leg.br/dadosabertos/processo?sigla=PEC&numero=67&ano=2003; https://www.planalto.gov.br/ccivil_03/constituicao/emendas/emc/emc41.htm,2003-12-19,Lula×52,0.4288,0.17738791423001948,0.1968810916179337,8.474833349434839
EC42/2003,EC 42/2003 - tax reform (Lula),EC,2003-09-04,2003-12-17,2003-12-19,institutional,https://dadosabertos.camara.leg.br/api/v2/proposicoes/113717/tramitacoes,"Câmara PEC 41/2003 aglutinativa substitutiva approved 1st round 2003-09-04 02:10 (session opened 2003-09-03), 378-53; Senate PEC 74/2003 https://legis.senado.leg.br/dadosabertos/processo?sigla=PEC&numero=74&ano=2003; https://www.planalto.gov.br/ccivil_03/constituicao/emendas/emc/emc42.htm",2003-12-19,Lula×52,0.4288,0.17738791423001948,0.1968810916179337,8.474833349434839
EC86/2015,"EC 86/2015 - orçamento impositivo (individual emendas mandatory, 1.2% RCL)",EC,2014-05-06,,2015-03-17,loosening,https://dadosabertos.camara.leg.br/api/v2/proposicoes/602633/votacoes,"Câmara PEC 358/2013 1st round 2014-05-06 (384-6), 2nd round 2015-02-10 (452-18). Senate-origin PEC 22/2000 (Senate first passage 2006-08-02 https://legis.senado.leg.br/dadosabertos/processo?sigla=PEC&numero=22&ano=2000); Senate final date of the 2013-14 round not verified; https://www.planalto.gov.br/ccivil_03/constituicao/emendas/emc/emc86.htm",2015-03-17,Dilma×55,0.593,0.13450292397660818,0.38596491228070173,13.270586455549394
EC93/2016,EC 93/2016 - DRU extended to 2023 and raised to 30%,EC,2016-06-02,2016-08-24,2016-09-08,loosening,https://dadosabertos.camara.leg.br/api/v2/proposicoes/946734/tramitacoes,"Câmara PEC 4/2015 1st round approved 2016-06-02 00:50 (session of 2016-06-01), 334-90; PEC 87/2015 was apensada. Senate PEC 31/2016 https://legis.senado.leg.br/dadosabertos/processo?sigla=PEC&numero=31&ano=2016; https://www.planalto.gov.br/ccivil_03/constituicao/emendas/emc/emc93.htm",2016-09-08,Temer×55,0.591,0.1286549707602339,0.38596491228070173,13.270586455549394
EC95/2016,"EC 95/2016 - spending cap (teto de gastos), PEC 241/55",EC,2016-10-10,2016-12-13,2016-12-15,tightening,https://dadosabertos.camara.leg.br/api/v2/proposicoes/2088351/votacoes,"VERIFIED: Câmara 1st round 2016-10-10 (366-111), 2nd round 2016-10-25; Senate PEC 55/2016 https://legis.senado.leg.br/dadosabertos/processo?sigla=PEC&numero=55&ano=2016; https://www.planalto.gov.br/ccivil_03/constituicao/emendas/emc/emc95.htm",2016-12-15,Temer×55,0.591,0.1286549707602339,0.38596491228070173,13.270586455549394
L13467/2017,"Labour reform (Lei 13.467/2017, PL 6787/2016)",law,2017-04-26,2017-07-11,2017-07-13,institutional,https://dadosabertos.camara.leg.br/api/v2/proposicoes/2122076/votacoes,VERIFIED: Câmara subemenda substitutiva global approved 2017-04-26 (296-177); Senate PLC 38/2017 https://legis.senado.leg.br/dadosabertos/processo?sigla=PLC&numero=38&ano=2017; sanction https://www.planalto.gov.br/ccivil_03/_ato2015-2018/2017/lei/l13467.htm,2017-07-13,Temer×55,0.591,0.1286549707602339,0.38596491228070173,13.270586455549394
EC100/2019,EC 100/2019 - bancada emendas impositivas (RP7),EC,2019-03-26,2019-04-03,2019-06-26,loosening,https://dadosabertos.camara.leg.br/api/v2/proposicoes/946494/votacoes,Câmara PEC 2/2015 1st and 2nd rounds 2019-03-26 (448-3); Senate PEC 34/2019 2019-04-03 https://legis.senado.leg.br/dadosabertos/processo?sigla=PEC&numero=34&ano=2019; Chamber approved Senate version 2019-06-05 https://dadosabertos.camara.leg.br/api/v2/proposicoes/2197160/votacoes; https://www.planalto.gov.br/ccivil_03/constituicao/emendas/emc/emc100.htm,2019-06-26,Bolsonaro×56,0.17348927875243664,0.10136452241715399,0.37037037037037035,16.408067834653032
EC103/2019,EC 103/2019 - Bolsonaro/Guedes pension reform,EC,2019-07-10,2019-10-22,2019-11-12,tightening,https://dadosabertos.camara.leg.br/api/v2/proposicoes/2192459/votacoes,"VERIFIED: Câmara PEC 6/2019 1st round 2019-07-10 (379-131), 2nd round 2019-08-07; Senate final 2019-10-22 https://legis.senado.leg.br/dadosabertos/processo?sigla=PEC&numero=6&ano=2019; promulgation 2019-11-12 https://www.planalto.gov.br/ccivil_03/constituicao/emendas/emc/emc103.htm",2019-11-12,Bolsonaro×56,0.17348927875243664,0.10136452241715399,0.37037037037037035,16.408067834653032
EC105/2019,EC 105/2019 - transferências especiais ('emendas Pix'),EC,2019-11-19,2019-04-09,2019-12-12,loosening,https://dadosabertos.camara.leg.br/api/v2/proposicoes/2197504/votacoes,Senate-origin PEC 61/2015 approved by Senate 2019-04-09 https://legis.senado.leg.br/dadosabertos/processo?sigla=PEC&numero=61&ano=2015; Câmara PEC 48/2019 1st and 2nd rounds 2019-11-19 (387-7); https://www.planalto.gov.br/ccivil_03/constituicao/emendas/emc/emc105.htm,2019-12-12,Bolsonaro×56,0.17348927875243664,0.10136452241715399,0.37037037037037035,16.408067834653032
LC179/2021,"Banco Central autonomy (LC 179/2021, PLP 19/2019)",LC,2021-02-10,2020-11-03,2021-02-24,institutional,https://dadosabertos.camara.leg.br/api/v2/proposicoes/2265124/votacoes,VERIFIED: Câmara approved 2021-02-10 (339-114). Senate (originating house) approved 2020-11-03 https://legis.senado.leg.br/dadosabertos/processo?sigla=PLP&numero=19&ano=2019; sanction 2021-02-24 https://www.planalto.gov.br/ccivil_03/leis/lcp/lcp179.htm,2021-02-24,Bolsonaro×56,0.17348927875243664,0.10136452241715399,0.37037037037037035,16.408067834653032
EC109/2021,EC 109/2021 - PEC Emergencial (fiscal triggers + 2021 emergency aid),EC,2021-03-10,2021-03-04,2021-03-15,tightening,https://dadosabertos.camara.leg.br/api/v2/proposicoes/2272137/votacoes,"Mixed: fiscal triggers (tightening) but authorised emergency aid outside cap. Senate (origin) 2021-03-04 https://legis.senado.leg.br/dadosabertos/processo?sigla=PEC&numero=186&ano=2019; Câmara 1st round recorded 2021-03-10 01:30 (session of 2021-03-09), 341-121; 2nd round 2021-03-11; https://www.planalto.gov.br/ccivil_03/constituicao/emendas/emc/emc109.htm",2021-03-15,Bolsonaro×56,0.17348927875243664,0.10136452241715399,0.37037037037037035,16.408067834653032
EC113/2021,EC 113/2021 - PEC dos Precatórios part 1 (cap re-indexation),EC,2021-11-04,2021-12-02,2021-12-08,loosening,https://dadosabertos.camara.leg.br/api/v2/proposicoes/2293449/votacoes,"VERIFIED: Câmara PEC 23/2021 1st round aglutinativa approved 2021-11-04 01:49 (session opened 2021-11-03), 312-144; 2nd round 2021-11-09; Senate 2021-12-02 https://legis.senado.leg.br/dadosabertos/processo?sigla=PEC&numero=23&ano=2021; https://www.planalto.gov.br/ccivil_03/constituicao/emendas/emc/emc113.htm",2021-12-08,Bolsonaro×56,0.17348927875243664,0.10136452241715399,0.37037037037037035,16.408067834653032
EC114/2021,EC 114/2021 - PEC dos Precatórios part 2 (precatório sub-ceiling),EC,2021-12-14,2021-12-02,2021-12-16,loosening,https://dadosabertos.camara.leg.br/api/v2/proposicoes/2311542/votacoes,"Senate-modified parts re-voted in Câmara as PEC 46/2021: 1st round 2021-12-14 (327-147), 2nd 2021-12-15; Senate https://legis.senado.leg.br/dadosabertos/processo?sigla=PEC&numero=46&ano=2021; https://www.planalto.gov.br/ccivil_03/constituicao/emendas/emc/emc114.htm",2021-12-16,Bolsonaro×56,0.17348927875243664,0.10136452241715399,0.37037037037037035,16.408067834653032
EC123/2022,"EC 123/2022 - PEC 'Kamikaze' (state of emergency, benefits pre-election)",EC,2022-07-12,2022-06-30,2022-07-14,loosening,https://dadosabertos.camara.leg.br/api/v2/proposicoes/2329218/votacoes,"Senate PEC 1/2022 approved 2022-06-30 https://legis.senado.leg.br/dadosabertos/processo?sigla=PEC&numero=1&ano=2022; in Câmara voted as substitutivo to PEC 15/2022: 1st round 2022-07-12 (393-14), 2nd round 2022-07-13 (469-17) — user's 07-13 is the 2nd round; https://www.planalto.gov.br/ccivil_03/constituicao/emendas/emc/emc123.htm",2022-07-14,Bolsonaro×56,0.17348927875243664,0.10136452241715399,0.37037037037037035,16.408067834653032
EC126/2022,EC 126/2022 - PEC da Transição,EC,2022-12-20,2022-12-07,2022-12-21,loosening,https://dadosabertos.camara.leg.br/api/v2/proposicoes/2194899/votacoes,"VERIFIED Senate 2022-12-07 https://legis.senado.leg.br/dadosabertos/processo?sigla=PEC&numero=32&ano=2022; Câmara (PEC 32/2022 apensada a PEC 24/2019) 1st round 2022-12-20 (331-168), 2nd round 2022-12-21 (331-163); promulgated 2022-12-21 https://www.planalto.gov.br/ccivil_03/constituicao/emendas/emc/emc126.htm",2022-12-21,Bolsonaro×56,0.17348927875243664,0.10136452241715399,0.37037037037037035,16.408067834653032
LC200/2023,"Arcabouço fiscal / Regime Fiscal Sustentável (LC 200/2023, PLP 93/2023)",LC,2023-05-23,2023-06-21,2023-08-30,institutional,https://dadosabertos.camara.leg.br/api/v2/proposicoes/2357053/votacoes,Câmara substitutivo approved 2023-05-23 23:31 (372-108); destaques/redação final 2023-05-24 (user's 05-24 = end of vote). Senate 2023-06-21 https://legis.senado.leg.br/dadosabertos/processo?sigla=PLP&numero=93&ano=2023; Câmara voted Senate amendments 2023-08-22; sanction 2023-08-30 https://www.planalto.gov.br/ccivil_03/leis/lcp/lcp200.htm. Replaces EC 95 cap (looser but rule-based),2023-08-30,Lula×57,0.524,0.13450292397660818,0.43079922027290446,9.908844459505252
EC132/2023,EC 132/2023 - consumption tax reform (PEC 45/2019),EC,2023-07-06,2023-11-08,2023-12-20,institutional,https://dadosabertos.camara.leg.br/api/v2/proposicoes/2196833/votacoes,"Câmara 1st round 2023-07-06 21:49 (382-118), 2nd round 2023-07-07 01:39 (375-113) — user's 07-07 is the 2nd round; Senate 2023-11-08 https://legis.senado.leg.br/dadosabertos/processo?sigla=PEC&numero=45&ano=2019; Câmara final on Senate changes 2023-12-15; https://www.planalto.gov.br/ccivil_03/constituicao/emendas/emc/emc132.htm",2023-12-20,Lula×57,0.524,0.13450292397660818,0.43079922027290446,9.908844459505252
LC210/2024,"LC 210/2024 - rules for emendas (traceability, growth limits)",LC,2024-11-05,2024-11-18,2024-11-25,institutional,https://dadosabertos.camara.leg.br/api/v2/proposicoes/2466104/votacoes,Câmara PLP 175/2024 approved 2024-11-05; Senate substitutivo (date per Senate API dataDeliberacao) https://legis.senado.leg.br/dadosabertos/processo?sigla=PLP&numero=175&ano=2024; Câmara approved Senate substitutivo 2024-11-19; sanction 2024-11-25 https://www.planalto.gov.br/ccivil_03/leis/lcp/lcp210.htm,2024-11-25,Lula×57,0.524,0.13450292397660818,0.43079922027290446,9.908844459505252
PL2162/2023,PL 2162/2023 'dosimetria' (sentence reduction for 8-Jan convicts),law,2025-12-10,2025-12-17,2026-05-08,institutional,https://dadosabertos.camara.leg.br/api/v2/proposicoes/2358548/votacoes,"Câmara substitutivo approved 2025-12-10 02:58 (session opened 2025-12-09), 291-148; Senate 2025-12-17 https://legis.senado.leg.br/dadosabertos/processo?sigla=PL&numero=2162&ano=2023; Senate API lists norma gerada 'Lei nº 15.402 de 08/05/2026' (date not independently checked on Planalto). Not economic",2026-05-08,Lula×57,0.524,0.13450292397660818,0.43079922027290446,9.908844459505252
