measure_id,regime,date_signed,date_effective,date_end,authority,instrument,fr_document_number,fr_citation,rate_pct,stacking_rule,scope,exemption_source,status_2026_10_06,primary_url,fact_ids,confidence,share_us_bound_2024_pct,share_us_bound_2025_pct,ncm_list_file
M01,R1,2025-02-10,2025-03-12,,Sec. 232 (TEA 1962),Proclamation 10895/10896,2025-02832; 2025-02833,90 FR 9807; 90 FR 9817,25,replaces IEEPA on 232 goods,"steel, aluminium + derivatives, all countries",HTS 9903.81/.85 (now 9903.82),in force (50% since 2025-06-04),https://www.federalregister.gov/d/2025-02833,D01,high,232 23.2; exempt 27.1; full 49.7,232 23.9; exempt 24.4; full 51.7,cache/hts/lists_long.csv; cache/hts/lists_hs6.csv
M02,R1,2025-06-03,2025-06-04,,Sec. 232,Proclamation 10947,2025-10524,90 FR 24199,50,,steel/aluminium raised to 50%,,"in force; restructured 2026-04-09 (11021) and 2026-06-04 (11032): metals 50%, derivatives 25/15%",https://www.federalregister.gov/d/2025-10524,D01,high,232 23.2; exempt 27.1; full 49.7,232 23.9; exempt 24.4; full 51.7,cache/hts/lists_long.csv; cache/hts/lists_hs6.csv
M03,R1,2025-03-26,2025-04-03,,Sec. 232,Proclamation 10908,2025-05930,90 FR 14705,25,,autos and parts,HTS note 33,in force,https://www.federalregister.gov/d/2025-05930,D01,high,232 23.2; exempt 27.1; full 49.7,232 23.9; exempt 24.4; full 51.7,cache/hts/lists_long.csv; cache/hts/lists_hs6.csv
M04,R1,2025-04-02,2025-04-05,2026-02-20,IEEPA,EO 14257,2025-06063,90 FR 15041,10,Brazil at the 10% floor,"all goods ex Annex II (energy, pharma, minerals...)",9903.01.32 (Annex II),voided by SCOTUS 2026-02-20,https://www.federalregister.gov/d/2025-06063,D02;A16,high,232 23.2; exempt 27.1; full 49.7,232 23.9; exempt 24.4; full 51.7,cache/hts/lists_long.csv; cache/hts/lists_hs6.csv
M05,R1,2025-07-30,2025-08-01,,Sec. 232,Proclamation 10962,2025-14893,90 FR 37727,50,,semi-finished copper,9903.78.01,in force,https://www.federalregister.gov/d/2025-14893,D01,high,232 23.2; exempt 27.1; full 49.7,232 23.9; exempt 24.4; full 51.7,cache/hts/lists_long.csv; cache/hts/lists_hs6.csv
M06,R2,2025-07-30,2025-08-06,2026-02-20,IEEPA (national emergency w.r.t. Brazil),EO 14323,2025-14896,90 FR 37739,40,+10 reciprocal = 50; not on 232 goods,all Brazilian goods ex Annex I (694 products; civil aircraft 9903.01.82; 232 goods 9903.01.83),9903.01.77-.83; Annex I from govinfo PDF (702 HTS tokens),tariff voided 2026-02-20; emergency continued 2026-07-28,https://www.federalregister.gov/d/2025-14896,A02;A03;D03,high,232 23.2; exempt 42.5; full 34.3,232 23.9; exempt 43.8; full 32.3,cache/hts/lists_long.csv; cache/hts/lists_hs6.csv
M07,R2,2025-09-29,2025-10-14,,Sec. 232,Proclamation 10976,2025-19482,90 FR 48127,10-25,,"softwood lumber 10%, upholstered furniture/cabinets 25%",HTS note 37,in force (amended 2026-01-09),https://www.federalregister.gov/d/2025-19482,D01,high,232 23.2; exempt 42.5; full 34.3,232 23.9; exempt 43.8; full 32.3,cache/hts/lists_long.csv; cache/hts/lists_hs6.csv
M08,R3,2025-11-14,2025-11-13,2026-02-20,IEEPA,EO 14360,2025-21203,90 FR 54091,0,all countries,"reciprocal removed from certain agricultural products (coffee, beef, fruit...) for every country; rationale cites 'current domestic demand'",Annex II updated (image); inferred = ch.01-24 codes in 9903.01.32,voided with IEEPA,https://www.federalregister.gov/d/2025-21203,D04,high,232 24.6; exempt 53.4; full 22.0,232 25.3; exempt 56.0; full 18.6,cache/hts/lists_long.csv; cache/hts/lists_hs6.csv
M09,R3,2025-11-20,2025-11-13,2026-02-20,IEEPA,EO 14361,2025-21417,90 FR 54467,0 (relief),retroactive; refunds,"removes the 40% from 238 HTS codes + ag categories (beef, coffee, fruit, juices); rationale cites 'initial progress in negotiations'",9903.01.81 as amended + 9903.01.90 (11 particular articles),voided with IEEPA,https://www.federalregister.gov/d/2025-21417,A09;D05,high,232 24.6; exempt 53.4; full 22.0,232 25.3; exempt 56.0; full 18.6,cache/hts/lists_long.csv; cache/hts/lists_hs6.csv
M10,R3,2025-07-30,2025-07-30,2025-12-12,IEEPA/GloMag (EO 13818),OFAC SDN,,,,,Moraes designated; lifted 2025-12-12,,lifted; re-imposition discussed Aug-2026,https://home.treasury.gov/news/press-releases/sb0257,A05;A11;A12,high,232 24.6; exempt 53.4; full 22.0,232 25.3; exempt 56.0; full 18.6,cache/hts/lists_long.csv; cache/hts/lists_hs6.csv
M11,R4,2026-02-20,2026-02-24,2026-07-24,Trade Act s.122,Proclamation 11012,2026-03824,91 FR 9339,10,all countries; not on 232 goods,"all goods ex Annex I/II (energy, minerals, certain ag incl. beef/oranges, pharma, aerospace)",9903.03.01-.11,expired 2026-07-24,https://www.federalregister.gov/d/2026-03824,A17;D06,high,232 25.1; exempt 47.8; full 27.1,232 25.7; exempt 49.9; full 24.4,cache/hts/lists_long.csv; cache/hts/lists_hs6.csv
M12,R4,2026-02-20,2026-02-20,,,EO 14389 Ending Certain Tariff Actions,2026-03832,91 FR 9437,,,terminates IEEPA tariffs after Learning Resources v. Trump,,done,https://www.federalregister.gov/d/2026-03832,A16,high,232 25.1; exempt 47.8; full 27.1,232 25.7; exempt 49.9; full 24.4,cache/hts/lists_long.csv; cache/hts/lists_hs6.csv
M13,R4,2026-02-06,2026-02-13,,,Proclamation 11010 Ensuring Affordable Beef,2026-03050,91 FR 7107,,,"+80,000 t to the beef TRQ, allocated in its entirety to Argentina",,in force,https://www.federalregister.gov/d/2026-03050,D07,high,232 25.1; exempt 47.8; full 27.1,232 25.7; exempt 49.9; full 24.4,cache/hts/lists_long.csv; cache/hts/lists_hs6.csv
M14,R5,2026-07-15,2026-07-22,,Trade Act s.301 (Brazil investigation USTR-2025-0043),Presidential memo + USTR notice,2026-14654; 2026-14542,91 FR 45619; 91 FR 45516,25,not on 232 goods; stacks with forced-labour 301,"all Brazilian goods ex annex (raw materials, ag that cannot be grown, aircraft, pharma uses); dissolving pulp removed from exemptions",9903.05.01-.09 (note 50),in force,https://www.federalregister.gov/d/2026-14542,A20;A21;D08,high,232 25.1; exempt 52.2; fl_only 4.7; full 16.0; s301_only 1.9,232 25.7; exempt 54.4; fl_only 4.8; full 14.1; s301_only 1.0,cache/hts/lists_long.csv; cache/hts/lists_hs6.csv
M15,R5,2026-07-23,2026-07-24,,"Trade Act s.301 (forced labour, 60 economies)",Presidential memo + USTR notice,2026-15274; 2026-15181,91 FR 47717; 91 FR 47318,12.5,"Brazil in the 12.5% tier; 10% tier incl. Argentina, Canada, Mexico, India, Indonesia; EU/Taiwan 10% net of MFN",general exemption annex,9903.05.20-.84; exemptions 9903.05.86-.90 (note 52),in force,https://www.federalregister.gov/d/2026-15274,A22;D09,high,232 25.1; exempt 52.2; fl_only 4.7; full 16.0; s301_only 1.9,232 25.7; exempt 54.4; fl_only 4.8; full 14.1; s301_only 1.0,cache/hts/lists_long.csv; cache/hts/lists_hs6.csv
M16,R5,2026-07-09,,,Sec. 232,"Proclamation 11040 (aircraft, engines, parts)",2026-14334,91 FR 43507,0 now,,no tariff; negotiations; President may act if no agreement within 180 days (~2027-01-05),,clock running,https://www.federalregister.gov/d/2026-14334,D10,high,232 25.1; exempt 52.2; fl_only 4.7; full 16.0; s301_only 1.9,232 25.7; exempt 54.4; fl_only 4.8; full 14.1; s301_only 1.0,cache/hts/lists_long.csv; cache/hts/lists_hs6.csv
M17,R5,2026-07-28,,,IEEPA/NEA,Notice: Continuation of the National Emergency w.r.t. Brazil,2026-15389,91 FR 47929,,,emergency of EO 14323 continued one year (cites STF 'censorship'),,live sanctions basis,https://www.federalregister.gov/d/2026-15389,D11,high,232 25.1; exempt 52.2; fl_only 4.7; full 16.0; s301_only 1.9,232 25.7; exempt 54.4; fl_only 4.8; full 14.1; s301_only 1.0,cache/hts/lists_long.csv; cache/hts/lists_hs6.csv
M18,R5,2026-03-11,,,Trade Act s.301 (structural excess capacity),USTR notice,2026-05214,91 FR 12886,,,16 economies; Brazil NOT a respondent (mentioned only re BYD plants),,pending,https://www.federalregister.gov/d/2026-05214,D12,high,232 25.1; exempt 52.2; fl_only 4.7; full 16.0; s301_only 1.9,232 25.7; exempt 54.4; fl_only 4.8; full 14.1; s301_only 1.0,cache/hts/lists_long.csv; cache/hts/lists_hs6.csv
