hs4,reg,br_share,uv_br,uv_comp,tau_br,tau_comp,wedge,months,top_comps,d_share,d_luv_cif,d_luv_duty
0202,base,18.839502071027976,5.034897785580499,6.190790000272684,0.0,0.0,0.0,15,Australia; New Zealand; Uruguay; Nicaragua,0.0,0.0,0.0
0202,R1,23.86806296517037,5.190930156827022,6.827543589588901,10.0,9.381584561162462,0.6184154388375376,4,Australia; New Zealand; Uruguay; Nicaragua,5.0285608941423945,-6.7382578058370335,-6.174475683373966
0202,R2,7.832743821953307,5.4230523767315875,6.875655880481591,50.0,9.784166276017539,40.21583372398246,3,Australia; New Zealand; Uruguay; Nicaragua,-11.006758249074668,-3.0658735116517177,28.146024543932104
0202,R3,16.605380537466644,5.826631633935851,7.3523564535696515,0.0,0.0,0.0,4,Australia; New Zealand; Uruguay; Nicaragua,-2.234121533561332,-2.591232009761571,-2.591232009761571
0202,R4,20.81051218618528,6.224505416520543,7.820773988783365,0.0,0.0,0.0,5,Australia; New Zealand; Uruguay; Nicaragua,1.9710101151573056,-2.1620058561130557,-2.1620058561130557
0901,base,22.989404765295806,4.804678692266716,7.357034562940593,0.0,0.0,0.0,15,Colombia; Switzerland; Canada; Honduras,0.0,0.0,0.0
0901,R1,20.53172825069235,7.898642218400972,9.711269596132032,10.0,8.289769988291035,1.7102300117089655,4,Colombia; Switzerland; Canada; Honduras,-2.457676514603456,21.947061662779163,23.514029281679527
0901,R2,14.969284492357396,6.986887945290063,9.295372151565514,50.0,15.161080651465522,34.838919348534475,3,Colombia; Switzerland; Canada; Honduras,-8.02012027293841,14.058535182165627,40.488879630457966
0901,R3,16.67585154225373,7.717316496545609,9.519688551442984,0.0,1.683218081745599e-15,-1.683218081745599e-15,4,Colombia; Switzerland; Canada; Honduras,-6.313553223042074,21.61713346251808,21.61713346251808
0901,R4,14.143651768273712,6.971407223750525,7.839591166176111,0.0,9.20349350984732e-16,-9.20349350984732e-16,5,Colombia; Switzerland; Canada; Honduras,-8.845752997022094,30.869718397573504,30.869718397573504
1701,base,26.346443331513964,0.6212330443081008,0.8450213517420713,0.0,0.0,0.0,15,Mexico; Guatemala; Dominican Rep.; 222,0.0,0.0,0.0
1701,R1,14.820684973764642,0.5329523989186987,0.7670605029698446,10.0,6.8166973311103325,3.1833026688896675,4,Mexico; Guatemala; Dominican Rep.; 222,-11.525758357749321,-5.647795734617489,-2.711184791130311
1701,R2,10.404533873933174,0.595747033811546,0.5878873222222838,50.0,7.118223583735707,42.881776416264294,3,Mexico; Guatemala; Dominican Rep.; 222,-15.94190945758079,32.0936447587509,65.76386238612844
1701,R3,8.674929618194653,0.49405878637837936,0.5514554616616996,50.0,7.118223583735707,42.881776416264294,4,Mexico; Guatemala; Dominican Rep.; 222,-17.67151371331931,19.774904518535152,53.4451221459127
1701,R4,9.438653017248384,0.6117399263848673,0.7067876879485323,10.0,6.8166973311103325,3.1833026688896675,5,Mexico; Guatemala; Dominican Rep.; 222,-16.90779031426558,16.32325256365122,19.259863507138398
2009,base,31.478620928442,0.8175683850726789,0.7738147756871284,0.0,0.0,0.0,15,Mexico; Turkey; Thailand; China,0.0,0.0,0.0
2009,R1,30.10194178663554,0.8798282239629994,0.8759636727662587,10.0,6.266707419728484,3.733292580271516,4,Mexico; Turkey; Thailand; China,-1.3766791418064628,-5.059994594001611,-1.6071621893548933
2009,R2,32.35486925261469,0.8631463365077974,0.9060816884406991,22.360778775910816,11.414946620748195,10.945832155162622,3,Mexico; Turkey; Thailand; China,0.876248324172689,-10.354723557992628,-0.9834840925139918
2009,R3,35.31787482608221,0.7526449606436161,0.9209106942444284,1.6491013801008163,1.0690347123249404,0.5800666677758759,4,Mexico; Turkey; Thailand; China,3.8392538976402086,-25.67714623632368,-25.10485580179823
2009,R4,19.91230830138742,0.6610095612994029,0.9907348634890951,0.15053561554784856,0.09433626588870984,0.05619934965913871,5,Mexico; Turkey; Thailand; China,-11.566312627054582,-45.96806631597798,-45.91193568890459
2709,base,3.744514924905353,0.5365592280674593,0.4518272855875302,0.0,0.0,0.0,15,Canada; Mexico; Saudi Arabia; Venezuela,0.0,0.0,0.0
2709,R1,4.076165700605057,0.46514761128364407,0.41132252877717024,0.0,0.0,0.0,4,Canada; Mexico; Saudi Arabia; Venezuela,0.33165077569970425,-4.889980730821743,-4.889980730821743
2709,R2,4.1383547432263175,0.4607408834662942,0.40295304170722723,0.0,0.0,0.0,3,Canada; Mexico; Saudi Arabia; Venezuela,0.3938398183209646,-3.786118112016881,-3.786118112016881
2709,R3,2.6919109117914823,0.44877619887058784,0.37484104320421024,0.0,0.0,0.0,4,Canada; Mexico; Saudi Arabia; Venezuela,-1.0526040131138705,0.8145310821686041,0.8145310821686041
2709,R4,2.3513400428942175,0.5767209676918283,0.5074017489342024,0.0,0.0,0.0,5,Canada; Mexico; Saudi Arabia; Venezuela,-1.3931748820111354,-4.382149384002537,-4.382149384002537
4407,base,2.9622589905487926,0.8385157534753599,0.6294819206776053,0.0,0.0,0.0,15,Canada; Germany; Sweden; Chile,0.0,0.0,0.0
4407,R1,3.4233863578023316,0.7745167472677875,0.6086387748303626,9.337013270420425,9.337013270420425,0.0,4,Canada; Germany; Sweden; Chile,0.461127367253539,-4.572189983321426,-4.572189983321426
4407,R2,4.491841822426232,1.0529560025153537,0.6662697811515458,47.608493732761126,47.608493732761126,0.0,3,Canada; Germany; Sweden; Chile,1.5295828318774394,17.09258271191517,17.09258271191517
4407,R3,5.1851637275902425,1.0335733467931199,0.6690652049821709,24.886031943414594,24.886031943414594,0.0,4,Canada; Germany; Sweden; Chile,2.22290473704145,14.815958837226539,14.815958837226539
4407,R4,4.2714379163723075,0.8865332481866415,0.6690142481229314,22.97049034402834,22.97049034402834,0.0,5,Canada; Germany; Sweden; Chile,1.309178925823515,-0.5222963560914728,-0.5222963560914728
4703,base,41.50077171352911,0.6849786494762906,0.7906127945781893,0.0,0.0,0.0,15,Canada; Sweden; Uruguay; Finland,0.0,0.0,0.0
4703,R1,39.1346594522094,0.7008268276017688,0.8232780832239808,0.011325540859549536,0.00313970089784114,0.008185839961708396,4,Canada; Sweden; Uruguay; Finland,-2.3661122613197136,-1.7612548041249565,-1.7530695561666305
4703,R2,35.58489424233783,0.50432487313199,0.7289461102537436,0.011325540859549536,0.004115113846188033,0.007210427013361503,3,Canada; Sweden; Uruguay; Finland,-5.91587747119128,-22.495849150116765,-22.488639279725877
4703,R3,39.59605764354127,0.6154505074628425,0.8294924978392911,0.011325540859549536,0.004115113846188033,0.007210427013361503,4,Canada; Sweden; Uruguay; Finland,-1.9047140699878398,-15.503886831763564,-15.496676961372675
4703,R4,40.42496963349758,0.6154422008019217,0.8216469930998603,0.011325540859549536,0.00313970089784114,0.008185839961708396,5,Canada; Sweden; Uruguay; Finland,-1.0758020800315293,-14.554915392711221,-14.546730144752896
6802,base,23.67054041656416,1.2207881849584716,0.9046630153953928,0.0,0.0,0.0,15,Italy; China; Turkey; India,0.0,0.0,0.0
6802,R1,30.96474827077007,1.4239620939237383,0.8857854725241164,10.0,8.996667204868688,1.0033327951313122,4,Italy; China; Turkey; India,7.294207854205908,17.503421453789663,18.419727467074985
6802,R2,24.67292737747395,1.3840630261162081,0.8975354858002532,26.34278727558089,21.522241951989287,4.8205453235916025,3,Italy; China; Turkey; India,1.0023869609097886,13.343654947383655,17.233798904405692
6802,R3,26.380326595087976,1.6066928861481102,0.8787903533727355,26.34278727558089,19.35487385512831,6.987913420452578,4,Italy; China; Turkey; India,2.7097861785238138,30.369740732633026,36.05949656477056
6802,R4,25.971569504946117,1.3286098260105101,0.9140319012101286,10.0,8.996667204868688,1.0033327951313122,5,Italy; China; Turkey; India,2.3010290883819557,7.433349057455363,8.349655070740685
7201,base,70.76398729040102,0.466899917272307,0.454580881152964,0.0,0.0,0.0,15,Ukraine; India; South Africa; Canada,0.0,0.0,0.0
7201,R1,59.60285831583742,0.4483193161292201,0.4557596282308206,10.0,9.315543206402372,0.6844567935976276,4,Ukraine; India; South Africa; Canada,-11.161128974563596,-4.319887239392027,-3.6957098502497283
7201,R2,59.69914162245147,0.4229709026039619,0.43199328421979877,10.0,15.306320285491502,-5.306320285491502,3,Ukraine; India; South Africa; Canada,-11.064845667949548,-4.784572450031246,-9.49576004865646
7201,R3,72.37569460985934,0.419910152445681,0.42982354327532835,10.0,15.306320285491502,-5.306320285491502,4,Ukraine; India; South Africa; Canada,1.6117073194583185,-5.007306501928592,-9.718494100553807
7201,R4,49.257916892352355,0.45390652548257876,0.4683516737243648,10.0,9.315543206402372,0.6844567935976276,5,Ukraine; India; South Africa; Canada,-21.506070398048664,-5.8067238149410425,-5.182546425798744
7202,base,14.581173542501263,4.124445058644578,1.8732365494747818,0.0,0.0,0.0,15,South Africa; Canada; Malaysia; Kazakhstan,0.0,0.0,0.0
7202,R1,18.74355284730183,3.7509444815260937,1.5525412202596294,1.7648569532326237,1.474683586836557,0.2901733663960666,4,South Africa; Canada; Malaysia; Kazakhstan,4.162379304800568,9.28508150684686,9.570629843349264
7202,R2,15.399499786306462,13.165791153024703,2.3148267357345813,14.141216761459741,3.1021854366099557,11.039031324849786,3,South Africa; Canada; Malaysia; Kazakhstan,0.818326243805199,94.90232761816053,105.07391134383798
7202,R3,11.634930284860888,8.92744900342773,1.6418713175576474,14.141216761459741,3.1021854366099557,11.039031324849786,4,South Africa; Canada; Malaysia; Kazakhstan,-2.9462432576403756,90.40302799634988,100.57461172202733
7202,R4,16.30160200709044,5.544382890096483,1.6141563100981908,1.7648569532326237,1.474683586836557,0.2901733663960666,5,South Africa; Canada; Malaysia; Kazakhstan,1.7204284645891779,44.47091422318502,44.75646255968743
7207,base,75.71853846931204,0.6519537000758169,0.6807228532743603,0.0,0.0,0.0,15,Mexico; Canada; Japan; China,0.0,0.0,0.0
7207,R1,73.64966259538744,0.5575306404843408,0.6208696589844064,50.0,50.0,0.0,4,Mexico; Canada; Japan; China,-2.068875873924597,-6.442200282109735,-6.442200282109735
7207,R2,66.51262607977085,0.5402633960780732,0.5294654065681017,50.0,50.0,0.0,3,Mexico; Canada; Japan; China,-9.205912389541183,6.337066633970975,6.337066633970975
7207,R3,64.46165136652299,0.5393608683011689,0.5310511045810843,50.0,50.0,0.0,4,Mexico; Canada; Japan; China,-11.256887102789051,5.870830843227797,5.870830843227797
7207,R4,44.36182954924545,0.6291349407628117,0.6274506340979773,50.0,50.0,0.0,5,Mexico; Canada; Japan; China,-31.356708920066588,4.586247458957872,4.586247458957872
8802,base,10.103836264282485,816.049581140136,801.8717639708805,0.0,0.0,0.0,15,Canada; France; Germany; Switzerland,0.0,0.0,0.0
8802,R1,29.548276121550597,842.584709792744,773.6061768199284,10.0,5.839117455464984,4.160882544535016,4,Canada; France; Germany; Switzerland,19.44443985726811,6.788485976349684,10.644504426220013
8802,R2,12.989211520742959,815.8447977247661,809.6423658236637,10.0,10.047603671510092,-0.04760367151009248,3,Canada; France; Germany; Switzerland,2.885375256460474,-0.9894903020039502,-1.032757005624841
8802,R3,10.175588935990518,813.8381154349751,804.185846888867,10.0,10.047603671510092,-0.04760367151009248,4,Canada; France; Germany; Switzerland,0.07175267170803323,-0.5595339012535684,-0.6028006048744592
8802,R4,11.668371678573132,799.3339338798246,819.2956851974604,0.0,0.0,0.0,5,Canada; France; Germany; Switzerland,1.5645354142906474,-4.219266699118441,-4.219266699118441
