doc_id,corpus,regime_id,party,date,tokens,lib_per1k,left_per1k,south_per1k,west_per1k,rhet_score,fp_rhet,score_lo,score_hi,source_url
A_PSDB_1994_FHC_MaosAObra,A,R1,PSDB,1994,61166,2.321551188568813,2.501389660922735,0.6376091292548147,0.8501455056730863,-0.03728813559322034,-0.14285714285714285,-0.25,0.14959810874704507,https://static.scielo.org/scielobooks/b27wf/pdf/cardoso-9788599662663.pdf
A_PSDB_1998_FHC_AvancaBrasil,A,R2,PSDB,1998,81574,2.1575501998185698,1.409762914654179,0.6006815897222154,0.490352318140584,0.20962199312714777,0.10112359550561797,0.0,0.4489028213166146,https://static.scielo.org/scielobooks/62rp6/pdf/cardoso-9788599662687.pdf
A_PT_2002_CartaPovoBrasileiro,A,R3,PT,2002-06-22,1759,7.959067652075043,2.8425241614553722,0.5685048322910745,1.137009664582149,0.47368421052631576,-0.3333333333333333,0.22000000000000003,0.7391304347826086,https://www1.folha.uol.com.br/folha/brasil/ult96u33908.shtml
A_PT_2002_ProgramaGoverno,A,R3,PT,2002-07,27613,2.716111976243074,5.251149820736609,0.6880817006482454,0.5794372215985224,-0.3181818181818182,0.08571428571428572,-0.45966735966735967,-0.17894736842105263,https://fpabramo.org.br/wp-content/uploads/2010/02/programagoverno.pdf
A_PT_2006_Lula_ProgramaGoverno,A,R4,PT,2006-08,9795,1.4293006636038796,2.450229709035222,1.7355793772332824,2.450229709035222,-0.2631578947368421,-0.17073170731707318,-0.5181488203266787,0.0,https://fpabramo.org.br/wp-content/uploads/2010/02/Programa_de_governo_2007-2010.pdf
A_PT_2010_Dilma_13Compromissos,A,R5,PT,2010-10,4590,0.6535947712418301,3.7037037037037037,2.832244008714597,1.5250544662309369,-0.7,0.3,-1.0,-0.4654545454545452,https://fpabramo.org.br/wp-content/uploads/2010/02/programadegovernoDilma.pdf
A_PT_2010_Dilma_Diretrizes,A,R5,PT,2010-07,7162,1.5358838313320302,3.0717676626640604,2.234012845573862,1.815135437028763,-0.3333333333333333,0.10344827586206896,-0.5555555555555556,-0.14285714285714285,https://cdn.tse.jus.br/estatistica/sead/odsele/proposta_governo/proposta_governo_2010_BR.zip#BR/2010BR280000000005.pdf
A_PSDB_2010_Serra,A,R5,PSDB,2010-07,6851,0.43789227849948914,2.4813895781637716,0.29192818566632606,1.1677127426653042,-0.7,-0.6,-0.9,-0.4535353535353533,https://cdn.tse.jus.br/estatistica/sead/odsele/proposta_governo/proposta_governo_2010_BR.zip#BR/2010BR280000000011.pdf
A_PT_2014_Dilma_MaisMudancas,A,R6,PT,2014-07,10125,1.7777777777777777,2.074074074074074,0.9876543209876543,1.4814814814814814,-0.07692307692307693,-0.2,-0.2944356120826709,0.13513513513513514,https://cdn.tse.jus.br/estatistica/sead/odsele/proposta_governo/proposta_governo_2014_BR.zip#BR/2014BR280000000083.pdf
A_PSDB_2014_Aecio,A,R6,PSDB,2014-07,20544,1.7523364485981308,0.778816199376947,0.6327881619937694,2.044392523364486,0.38461538461538464,-0.5272727272727272,0.15748987854251012,0.6363636363636364,https://cdn.tse.jus.br/estatistica/sead/odsele/proposta_governo/proposta_governo_2014_BR.zip#BR/2014BR280000000085.pdf
A_PSB_2014_Marina,A,R6,PSB,2014-08,26465,0.906858114490837,0.4534290572454185,0.15114301908180616,0.9824296240317401,0.3333333333333333,-0.7333333333333333,0.0,0.6842105263157895,https://cdn.tse.jus.br/estatistica/sead/odsele/proposta_governo/proposta_governo_2014_BR.zip#BR/2014BR280000000121.pdf
A_PMDB_2015_PonteParaOFuturo,A,R7,PMDB,2015-10-29,6426,4.6685340802987865,1.2449424214130096,0.3112356053532524,1.4005602240896358,0.5789473684210527,-0.6363636363636364,0.4373397435897436,0.7333333333333333,https://fundacaoulysses.org.br/wp-content/uploads/2022/08/UMA-PONTE-PARA-O-FUTURO.pdf
A_PSL_2018_Bolsonaro_CaminhoProsperidade,A,R8,PSL,2018-08,8559,4.206098843322818,2.453557658604977,0.23367215796237878,2.336721579623788,0.2631578947368421,-0.8181818181818182,0.07663817663817665,0.4450980392156864,https://cdn.tse.jus.br/estatistica/sead/odsele/proposta_governo/proposta_governo_2018_BR.zip#BR/2018BR280000614517.pdf
A_PT_2018_Haddad,A,R8,PT,2018-08,32246,1.2094523351733548,3.0391366371022763,2.2018234819822613,1.4265335235378032,-0.4306569343065693,0.21367521367521367,-0.6,-0.25523255813953477,https://cdn.tse.jus.br/estatistica/sead/odsele/proposta_governo/proposta_governo_2018_BR.zip#BR/2018BR280000629808.pdf
A_PSDB_2018_Alckmin,A,R8,PSDB,2018-07,1317,3.7965072133637054,1.5186028853454823,0.7593014426727411,2.277904328018223,0.42857142857142855,-0.5,-0.3333333333333333,0.8571428571428571,https://cdn.tse.jus.br/estatistica/sead/odsele/proposta_governo/proposta_governo_2018_BR.zip#BR/2018BR280000602477.pdf
A_MDB_2018_Meirelles,A,R8,MDB,2018-08,3814,2.8841111693759833,1.3109596224436288,1.3109596224436288,3.146303093864709,0.375,-0.4117647058823529,0.125,0.6923076923076923,https://cdn.tse.jus.br/estatistica/sead/odsele/proposta_governo/proposta_governo_2018_BR.zip#BR/2018BR280000622281.pdf
A_PT_2022_Lula_Diretrizes,A,R9,PT,2022-08,8163,1.7150557393115275,5.145167217934583,3.430111478623055,1.7150557393115275,-0.5,0.3333333333333333,-0.6728964059196617,-0.32086466165413524,https://cdn.tse.jus.br/estatistica/sead/odsele/proposta_governo/proposta_governo_2022_BR.zip#BR/2022BR280001607829.pdf
A_PL_2022_Bolsonaro,A,R9,PL,2022-08,32411,1.72780846009071,0.8947579525469748,1.018172842553454,3.548178087686279,0.3176470588235294,-0.5540540540540541,0.07252032520325204,0.5428571428571428,https://cdn.tse.jus.br/estatistica/sead/odsele/proposta_governo/proposta_governo_2022_BR.zip#BR/2022BR280001618036.pdf
A_PT_2026_Lula,A,R10_L,PT,2026-08,24779,1.9371241777311432,3.0267565277049115,2.946043020299447,2.2599782073530004,-0.21951219512195122,0.13178294573643412,-0.4223728813559322,-0.015254237288135207,https://cdn.tse.jus.br/estatistica/sead/odsele/proposta_governo/proposta_governo_2026_BR.zip#BR/2026BR280002542548_01.pdf
A_PL_2026_FlavioBolsonaro,A,R10_FB,PL,2026-08,23017,1.4771690489638094,1.607507494460616,0.912369118477647,2.9977842464265545,-0.04225352112676056,-0.5333333333333333,-0.3333333333333333,0.23809523809523808,https://cdn.tse.jus.br/estatistica/sead/odsele/proposta_governo/proposta_governo_2026_BR.zip#BR/2026BR280002551544_01.pdf
B_UNGA_BRA_1995,B,R1,,1995-09,3519,1.9892014776925262,0.8525149190110827,13.356067064506963,3.6942313157146915,0.4,0.5666666666666667,0.0,0.7142857142857143,https://www.ungdc.bham.ac.uk/sessions/session/bra_50_1995/
B_UNGA_BRA_1996,B,R1,,1996-09,2940,1.0204081632653061,0.3401360544217687,14.965986394557824,2.0408163265306123,0.5,0.76,-0.7666666666666657,1.0,https://www.ungdc.bham.ac.uk/sessions/session/bra_51_1996/
B_UNGA_BRA_1997,B,R1,,1997-09,2587,0.3865481252415926,0.0,9.663703131039814,5.4116737533822965,1.0,0.28205128205128205,1.0,1.0,https://www.ungdc.bham.ac.uk/sessions/session/bra_52_1997/
B_UNGA_BRA_1998,B,R1,,1998-09,2970,0.3367003367003367,0.6734006734006734,5.3872053872053876,2.356902356902357,-0.3333333333333333,0.391304347826087,-1.0,0.0,https://www.ungdc.bham.ac.uk/sessions/session/bra_53_1998/
B_UNGA_BRA_1999,B,R2,,1999-09,2435,0.8213552361396304,0.0,6.570841889117043,2.8747433264887063,1.0,0.391304347826087,1.0,1.0,https://www.ungdc.bham.ac.uk/sessions/session/bra_54_1999/
B_UNGA_BRA_2000,B,R2,,2000-09,2412,0.8291873963515755,1.243781094527363,9.950248756218905,0.41459369817578773,-0.2,0.92,-1.0,0.5,https://www.ungdc.bham.ac.uk/sessions/session/bra_55_2000/
B_UNGA_BRA_2001,B,R2,,2001-11,2193,0.0,0.0,7.751937984496124,4.1039671682626535,,0.3076923076923077,,,https://www.ungdc.bham.ac.uk/sessions/session/bra_56_2001/
B_UNGA_BRA_2002,B,R2,,2002-09,1452,3.443526170798898,0.0,13.774104683195592,8.953168044077135,1.0,0.21212121212121213,1.0,1.0,https://www.ungdc.bham.ac.uk/sessions/session/bra_57_2002/
B_UNGA_BRA_2003,B,R3,,2003-09,2516,1.589825119236884,1.589825119236884,10.731319554848966,2.7821939586645468,0.0,0.5882352941176471,-0.42857142857142855,0.5,https://www.ungdc.bham.ac.uk/sessions/session/bra_58_2003/
B_UNGA_BRA_2004,B,R3,,2004-09,2001,1.999000499750125,1.4992503748125936,8.495752123938031,2.998500749625187,0.14285714285714285,0.4782608695652174,-0.3333333333333333,0.6,https://www.ungdc.bham.ac.uk/sessions/session/bra_59_2004/
B_UNGA_BRA_2005,B,R3,,2005-09,1993,1.0035122930255895,1.0035122930255895,12.042147516307075,5.5193176116407425,0.0,0.37142857142857144,-0.5,0.6666666666666666,https://www.ungdc.bham.ac.uk/sessions/session/bra_60_2005/
B_UNGA_BRA_2006,B,R4,,2006-09,1966,0.508646998982706,1.017293997965412,7.62970498474059,4.069175991861648,-0.3333333333333333,0.30434782608695654,-1.0,1.0,https://www.ungdc.bham.ac.uk/sessions/session/bra_61_2006/
B_UNGA_BRA_2007,B,R4,,2007-09,1579,0.6333122229259025,1.8999366687777075,17.099430018999367,1.8999366687777075,-0.5,0.8,-1.0,0.0,https://www.ungdc.bham.ac.uk/sessions/session/bra_62_2007/
B_UNGA_BRA_2008,B,R4,,2008-09,1630,1.2269938650306749,0.6134969325153374,9.202453987730062,1.8404907975460123,0.3333333333333333,0.6666666666666666,-0.3333333333333333,1.0,https://www.ungdc.bham.ac.uk/sessions/session/bra_63_2008/
B_UNGA_BRA_2009,B,R4,,2009-09,1916,0.5219206680584552,1.5657620041753653,17.223382045929018,2.0876826722338206,-0.5,0.7837837837837838,-1.0,0.0,https://www.ungdc.bham.ac.uk/sessions/session/bra_64_2009/
B_UNGA_BRA_2010,B,R4,,2010-09,2182,1.374885426214482,0.0,10.082493125572869,3.666361136571952,1.0,0.4666666666666667,1.0,1.0,https://www.ungdc.bham.ac.uk/sessions/session/bra_65_2010/
B_UNGA_BRA_2011,B,R5,,2011-09,2505,1.596806387225549,1.596806387225549,7.584830339321357,4.790419161676646,0.0,0.22580645161290322,-0.5055555555555554,0.5,https://www.ungdc.bham.ac.uk/sessions/session/bra_66_2011/
B_UNGA_BRA_2012,B,R5,,2012-09,2269,1.762891141472014,0.881445570736007,7.9330101366240635,3.525782282944028,0.3333333333333333,0.38461538461538464,-0.2,1.0,https://www.ungdc.bham.ac.uk/sessions/session/bra_67_2012/
B_UNGA_BRA_2013,B,R5,,2013-09,2554,1.9577133907595927,2.349256068911511,8.613938919342209,4.306969459671104,-0.09090909090909091,0.3333333333333333,-0.6363636363636364,0.3861538461538465,https://www.ungdc.bham.ac.uk/sessions/session/bra_68_2013/
B_UNGA_BRA_2014,B,R5,,2014-09,2778,0.7199424046076314,1.4398848092152627,8.999280057595392,2.8797696184305255,-0.3333333333333333,0.5151515151515151,-1.0,0.25,https://www.ungdc.bham.ac.uk/sessions/session/bra_69_2014/
B_UNGA_BRA_2015,B,R6,,2015-09,2530,0.7905138339920948,1.5810276679841897,10.276679841897232,1.5810276679841897,-0.3333333333333333,0.7333333333333333,-0.7422222222222221,0.1111111111111111,https://www.ungdc.bham.ac.uk/sessions/session/bra_70_2015/
B_UNGA_BRA_2016,B,R7,,2016-09,2301,0.0,0.43459365493263796,7.822685788787484,3.4767492394611037,-1.0,0.38461538461538464,-1.0,-1.0,https://www.ungdc.bham.ac.uk/sessions/session/bra_71_2016/
B_UNGA_BRA_2017,B,R7,,2017-09,2038,0.9813542688910697,0.0,12.26692836113837,4.906771344455349,1.0,0.42857142857142855,1.0,1.0,https://www.ungdc.bham.ac.uk/sessions/session/bra_72_2017/
B_UNGA_BRA_2018,B,R7,,2018-09,2130,0.4694835680751174,0.4694835680751174,7.511737089201878,3.755868544600939,0.0,0.3333333333333333,-1.0,1.0,https://www.ungdc.bham.ac.uk/sessions/session/bra_73_2018/
B_UNGA_BRA_2019,B,R8,,2019-09,3464,1.443418013856813,1.443418013856813,8.660508083140877,2.3094688221709005,0.0,0.5789473684210527,-0.42857142857142855,0.4,https://www.ungdc.bham.ac.uk/sessions/session/bra_74_2019/
B_UNGA_BRA_2020,B,R8,,2020-09,1868,1.0706638115631693,1.0706638115631693,5.8886509635974305,5.353319057815845,0.0,0.047619047619047616,-1.0,0.6,https://www.ungdc.bham.ac.uk/sessions/session/bra_75_2020/
B_UNGA_BRA_2021,B,R8,,2021-09,1512,2.6455026455026456,0.6613756613756614,6.613756613756614,3.306878306878307,0.6,0.3333333333333333,0.0,1.0,https://www.ungdc.bham.ac.uk/sessions/session/bra_76_2021/
B_UNGA_BRA_2022,B,R8,,2022-09,2562,1.56128024980484,0.78064012490242,3.9032006245121,2.34192037470726,0.3333333333333333,0.25,-0.3333333333333333,1.0,https://www.ungdc.bham.ac.uk/sessions/session/bra_77_2022/
B_UNGA_BRA_2023,B,R9,,2023-09,2298,0.4351610095735422,2.175805047867711,14.795474325500436,0.8703220191470844,-0.6666666666666666,0.8888888888888888,-1.0,-0.24499999999999886,https://documents.un.org/api/symbol/access?s=A/78/PV.4&l=en&t=pdf
B_UNGA_BRA_2024,B,R9,,2024-09,2264,0.4416961130742049,0.8833922261484098,13.250883392226148,3.091872791519435,-0.3333333333333333,0.6216216216216216,-1.0,0.34999999999999903,https://documents.un.org/api/symbol/access?s=A/79/PV.7&l=en&t=pdf
